E_AC_ksi,E_BASE_ksi,eps_t_microstrain,eps_c_microstrain,Nf_AI,Nd_AI,Nf_MEPDG,governing_AI
100.0,10.0,942.3721586492367,1051.9103014969623,38792.430886830916,29358.507571535378,628.1483703340273,rutting
107.98408271867898,10.0,904.0192811077392,1025.8834536042305,41652.690389677104,32843.300407977615,670.7964365226651,rutting
116.60562120594504,10.0,866.4345690227633,999.9083463869299,44858.65025527034,36839.25721566209,718.9318981735931,rutting
125.9155104576573,10.0,829.6755941592033,974.0144839346194,48452.71755362271,41430.98783444143,773.2275379705744,rutting
135.96870896824353,10.0,793.7923386701835,948.2310677444862,52483.25551646676,46718.38978005298,834.456491995483,rutting
146.824563163788,10.0,758.8274235584607,922.5868412249783,57005.43867304534,52819.607080171125,903.5070847059513,rutting
158.5471577381239,10.0,724.8163937373432,897.1099432410359,62082.2386988266,59874.59455832274,981.400079382575,rutting
171.20569396005033,10.0,691.788048979231,871.8277722048061,67785.56136441232,68049.41719733727,1069.3087380491013,fatigue
184.87489818490914,10.0,659.7648106851523,846.766861927481,74197.55825739128,77541.44298493829,1168.5821527385128,fatigue
199.63546298206583,10.0,628.763115180265,821.952770159986,81412.14076724355,88585.62296627706,1280.772389481795,fatigue
215.57452348237172,10.0,598.7938250936636,797.4099804647894,89536.72825674721,101462.095614725,1407.6660795301382,fatigue
232.78617175760255,10.0,569.8626512770064,773.1618177800436,98694.26748892758,116505.40594674856,1551.321201399465,fatigue
251.37201226837567,10.0,541.9705786224865,749.2303777615784,109025.56634635697,134115.69534546367,1714.1099250280781,fatigue
271.4417616594907,10.0,515.1142900296456,725.6364697196173,120691.9917948522,154772.29865030182,1898.7685387610063,fatigue
293.11389644342387,10.0,489.28658362163844,702.3995727076041,133878.5900490488,179050.28420673413,2108.4556545954283,fatigue
316.51635239540985,10.0,464.47677910953604,679.5378040734219,148797.6961556412,207640.5945576541,2346.8200912722446,fatigue
341.78727978880517,10.0,440.6711099381444,657.0678995537144,165693.11090708195,241374.5956204946,2618.0800731569443,fatigue
369.07585892906616,10.0,417.8530985131904,635.0052037863422,184844.9353475004,281254.027124142,2927.115660958496,fatigue
398.54318080063774,10.0,396.00391240633655,613.3636699429318,206575.16737962322,328487.57495920203,3279.5766546347445,fatigue
430.36319802541544,10.0,375.10269996320415,592.155867052566,231254.18141332467,384535.5671089928,3682.008586878775,fatigue
464.7237517465168,10.0,355.12690420514934,571.3929935095674,259308.23094986405,451164.64169571735,4141.999866268602,fatigue
501.8276804993071,10.0,336.0525543241648,551.084895242886,291228.13587150665,530514.6643417224,4668.353643073437,fatigue
541.8940176155999,10.0,317.85453442948244,531.2400870803863,327579.3414846596,625180.7025791175,5271.28857051629,fatigue
585.1592842296022,10.0,300.50682952157774,511.8657759731242,369013.56562920305,738313.5228145126,5962.673335324146,fatigue
631.8788855185242,10.0,283.98274895124285,492.9678849529465,416282.2841303301,873742.8925825502,6756.3006523282975,fatigue
682.32861842019,10.0,268.25512787372475,474.55107697611044,470252.3444093744,1036128.9885733196,7668.207381625607,fatigue
736.8062997280774,10.0,253.29650743438154,456.618778143728,531924.0432707012,1231148.4817704782,8717.04856164786,fatigue
795.6335241748048,10.0,239.07929462461655,439.1732001687888,602452.0590843598,1465723.4625189495,9924.534492425533,fatigue
859.157562882462,10.0,225.57590292477002,422.21536235488986,683169.6924480838,1748303.367463238,11315.94159381434,fatigue
927.7534133867852,10.0,212.75887500212013,405.74511373599324,775616.9449865286,2089212.58942544,12920.709657422378,fatigue
1001.8260133369538,10.0,200.6009888540739,389.76115636983155,881573.0557494183,2501079.6358092017,14773.140375298632,fatigue
1081.8126309390202,10.0,189.07534887521726,374.2610710514049,1003094.2217882185,2999367.7393573667,16913.214745862653,fatigue
1168.18544625431,10.0,178.15546337876165,359.2413468926,1142557.3576757964,3603031.9612224298,19387.55023004563,fatigue
1261.454338590822,10.0,167.81531011556896,344.6974162806563,1302710.902523786,4335334.377009566,22250.522483352688,fatigue
1362.1698964422794,10.0,158.02939130650287,330.6236966717472,1486733.8678991564,5224857.3125003,25565.581275443077,fatigue
1470.926667743175,10.0,148.7727796374605,317.013640495116,1698304.5424482287,6306765.330022364,29406.796013663337,fatigue
1588.3666696268983,10.0,140.02115656434037,303.8597941467495,1941680.5367123294,7624380.450070659,33860.67333541245,fatigue
1715.1831784058381,10.0,131.75084414274878,291.1538666565866,2221792.1736470433,9231152.82238216,39028.2977965508,fatigue
1852.1248221466276,10.0,123.93883144144057,278.8868081446125,2544351.617384454,11193131.89930948,45027.85708311213,fatigue
2000.0000000000002,10.0,116.56279642757431,267.04889766862146,2915980.5972356717,13592072.621183243,51997.62579792302,fatigue
100.0,10.608183551394482,919.8937458601574,1052.734098042964,42000.30152557545,29255.793132479026,690.9851805447533,rutting
107.98408271867898,10.608183551394482,883.2389914306759,1027.1230909937635,44965.59882860396,32666.21010675397,735.3185714996021,rutting
116.60562120594504,10.608183551394482,847.2482087415215,1001.5414754416603,48289.370730375435,36571.08221527583,785.4059119779224,rutting
125.9155104576573,10.608183551394482,811.9823971683622,976.0181409762603,52014.8675730168,41051.56124017497,841.9349556500258,rutting
135.96870896824353,10.608183551394482,777.4952513114837,950.5818314901678,56191.40673155642,46203.3662297546,905.6964464219856,rutting
146.824563163788,10.608183551394482,743.8333233100146,925.260986844657,60875.23668310373,52139.588679882196,977.599131854539,rutting
158.5471577381239,10.608183551394482,711.0362473359602,900.083591773397,66130.53300068405,58994.06950494797,1058.6872268214115,rutting
171.20569396005033,10.608183551394482,679.1370157787476,875.0770337463072,72030.54676021881,66925.46986659522,1150.1607237216067,rutting
184.87489818490914,10.608183551394482,648.1622971116816,850.267971232281,78658.92914708608,76122.18496744399,1253.3990139177001,rutting
199.63546298206583,10.608183551394482,618.1327860675755,825.6822135124901,86111.25987973106,86808.28310775533,1369.9883650935672,fatigue
215.57452348237172,10.608183551394482,589.0635774961481,801.3446129084666,94496.81151639765,99250.69306696134,1501.7538929165291,fatigue
232.78617175760255,10.608183551394482,560.96455608956,777.2789700035731,103940.58687399032,113767.91296102761,1650.7967750783826,fatigue
251.37201226837567,10.608183551394482,533.840795009278,753.5079521546969,114585.67277592675,130740.57529994458,1819.5375841728878,fatigue
271.4417616594907,10.608183551394482,507.69295729751155,730.0530253147027,126595.96028481273,150624.27868967727,2010.7667660627953,fatigue
293.11389644342387,10.608183551394482,482.51769478585277,706.9343989178988,140159.2896097418,173965.18977410742,2227.7034660014806,fatigue
316.51635239540985,10.608183551394482,458.3080400042543,684.1709833233617,155491.08717106772,201419.03365117387,2474.0641099672175,fatigue
341.78727978880517,10.608183551394482,435.0537873320982,661.7803590694396,172838.57304518094,233774.2321385292,2754.1423882606077,fatigue
369.07585892906616,10.608183551394482,412.7418603117643,639.778756972971,192485.6294133063,271980.1231199166,3072.9025679944225,fatigue
398.54318080063774,10.608183551394482,391.3566626599632,618.1810479168112,214758.4349499186,317181.4084857691,3436.088387172638,fatigue
430.36319802541544,10.608183551394482,370.8804110629102,597.0007410183943,240031.98659692553,370760.2424898107,3850.350163222487,fatigue
464.7237517465168,10.608183551394482,351.2934483309163,576.2499887703356,268737.649218364,434387.69866576785,4323.393192073773,fatigue
501.8276804993071,10.608183551394482,332.57453592101604,555.9395977016251,301371.89561923186,510086.7568093553,4864.151030815983,fatigue
541.8940176155999,10.608183551394482,314.7011252190257,536.0790431334259,338506.42482346133,600309.4508364565,5482.987860347807,fatigue
585.1592842296022,10.608183551394482,297.64960731163615,516.6764867027894,380799.87592373794,708031.4374681389,6191.9348296500275,fatigue
631.8788855185242,10.608183551394482,281.39554128132653,497.73879550254344,429011.3889523952,836868.0149811981,7004.966109081021,fatigue
682.32861842019,10.608183551394482,265.91386132747635,479.27156193256195,484016.3039539443,991216.5793275371,7938.321349363374,fatigue
736.8062997280774,10.608183551394482,251.17906326011268,461.2791236666684,546824.3358468084,1176431.7011827251,9010.882383979586,fatigue
795.6335241748048,10.608183551394482,237.1653711305502,443.7645834945316,618600.617080883,1399040.505371305,10244.613360507674,fatigue
859.157562882462,10.608183551394482,223.84688495588946,426.7298291769037,700690.0641828141,1667007.9153250009,11665.075084414955,fatigue
927.7534133867852,10.608183551394482,211.1977106607746,410.1755538291949,794645.6000720597,1990063.695213935,13302.026260818786,fatigue
1001.8260133369538,10.608183551394482,199.19207349707858,394.1012776938381,902260.8540395452,2380106.217545494,15190.126592497025,fatigue
1081.8126309390202,10.608183551394482,187.8044163070064,378.5053724474911,1025608.0685809276,2851701.6810078756,17369.75941857024,fatigue
1168.18544625431,10.608183551394482,177.00948406412746,363.38508938920694,1167082.0706110692,3422702.3311495683,19887.994859599363,fatigue
1261.454338590822,10.608183551394482,166.7823961573818,348.73659294975545,1329451.3184856498,4115013.3921565604,22799.718396384607,fatigue
1362.1698964422794,10.608183551394482,157.09870787399203,334.5550009376286,1515917.2211632812,4955546.286842129,26168.954604264243,fatigue
1470.926667743175,10.608183551394482,147.9344624889706,320.8344327900605,1730183.148258373,5977405.803920294,30070.42157795234,fatigue
1588.3666696268983,10.608183551394482,139.26623528419813,307.56806683308366,1976534.8173719295,7221371.815311132,34591.35863859515,fatigue
1715.1831784058381,10.608183551394482,131.07117070353544,294.7482071881251,2259934.0670365323,8737752.793159513,39833.67848523383,fatigue
1852.1248221466276,10.608183551394482,123.32701370854697,282.36636051621525,2586128.410537415,10588709.818428513,45916.50536141671,fatigue
2000.0000000000002,10.608183551394482,116.01213623993729,270.4133222928822,2961779.2302304786,12851177.427586341,52979.17344146271,fatigue
100.0,11.25335582600765,897.2743111550396,1052.5375952087365,45586.4866266214,29280.25395910172,762.3759542184321,rutting
107.98408271867898,11.25335582600765,862.3069029717483,1027.367951145841,48658.71733040184,32631.368514411486,808.3731216901583,rutting
116.60562120594504,11.25335582600765,827.9026763500955,1002.206509197703,52103.24761667626,36462.56207310693,860.419141450058,rutting
125.9155104576573,11.25335582600765,794.1255886408983,977.0813916412937,55964.17162829489,40851.94308015452,919.2161377630874,rutting
135.96870896824353,11.25335582600765,761.0326164577673,952.0207301343285,60291.76832596485,45891.54671918695,985.5721077380306,rutting
146.824563163788,11.25335582600765,728.6738516040724,927.0525064719268,65143.374332596766,51690.002719567834,1060.4160994978763,rutting
158.5471577381239,11.25335582600765,697.0926641375476,902.2043986194578,70584.3899710924,58375.74476679113,1144.8158784920795,rutting
171.20569396005033,11.25335582600765,666.3259224347042,877.5036339482239,76689.43908177498,66100.87678627575,1239.9984802698204,rutting
184.87489818490914,11.25335582600765,636.4042604219369,852.9768513270434,83543.70651637277,75045.83684985476,1347.3741169254438,rutting
199.63546298206583,11.25335582600765,607.3523826272564,828.6499734406982,91244.48105042978,85425.03072454344,1468.5639850062307,rutting
215.57452348237172,11.25335582600765,579.1893983301089,804.5480904200223,99902.93592000935,97493.64548313773,1605.4326169550445,rutting
232.78617175760255,11.25335582600765,551.9291768044362,780.6953555812061,109646.18436880317,111555.90077622533,1760.125528487237,fatigue
251.37201226837567,11.25335582600765,525.5807164245329,757.1148937863381,120619.65359948814,127975.05336021695,1935.1130433850112,fatigue
271.4417616594907,11.25335582600765,500.1485212020695,733.8287226553089,132989.82748543494,147185.5417963822,2133.241328172757,fatigue
293.11389644342387,11.25335582600765,475.632979119228,710.8576865836945,146947.41646063357,169707.74597984104,2357.791845643828,fatigue
316.51635239540985,11.25335582600765,452.0307373960277,688.2214032551032,162711.0223324469,196165.94415282065,2612.5506424403106,fatigue
341.78727978880517,11.25335582600765,429.3350705638492,665.9382220842789,180531.37654271704,227310.18303773453,2901.8891266999844,fatigue
369.07585892906616,11.25335582600765,407.53623790094485,644.0251937946946,200696.24285497304,264042.9405591913,3230.858272813459,fatigue
398.54318080063774,11.25335582600765,386.62182741306066,622.4980501289353,223536.08981941114,307451.6625938294,3605.2985181356,fatigue
430.36319802541544,11.25335582600765,366.57708411056336,601.3711925206319,249430.65495415512,358848.5043609668,4031.9679987419813,fatigue
464.7237517465168,11.25335582600765,347.3852208434988,580.6576884328393,278816.5417222235,419818.9147691635,4518.692217040549,fatigue
501.8276804993071,11.25335582600765,329.027710410867,560.3692739995025,312196.0124830919,492281.08245391026,5074.538753955887,fatigue
541.8940176155999,11.25335582600765,311.4845580650923,540.5163616029394,350147.1661393766,578558.733230051,5710.021245304266,fatigue
585.1592842296022,11.25335582600765,294.73455389291377,521.1080510877935,393335.71876773314,681470.3527852522,6437.337551320223,fatigue
631.8788855185242,11.25335582600765,278.7555048756993,502.1521434537302,442528.6398310744,804438.634253247,7270.64787885212,fatigue
682.32861842019,11.25335582600765,263.5244467207805,483.65515608317617,498609.9364912725,951624.8542460663,8226.399590498997,fatigue
736.8062997280774,11.25335582600765,249.01783581499478,465.6223388390733,562598.9251556578,1128094.0095523887,9323.70658220489,fatigue
795.6335241748048,11.25335582600765,235.211721884765,448.0576906966309,635671.3840293611,1340017.9597653144,10584.792465539726,fatigue
859.157562882462,11.25335582600765,222.08190215454331,430.9639769327995,719184.0447562058,1594925.5954720438,12035.508396429143,fatigue
927.7534133867852,11.25335582600765,209.60405797646732,414.34274726264744,814702.9572466615,1902011.2865324384,13705.938302221675,fatigue
1001.8260133369538,11.25335582600765,197.7538750564163,398.19435565550435,924036.3520139378,2272515.6886667744,15631.106540349982,fatigue
1081.8126309390202,11.25335582600765,186.50714852223658,382.5179828571772,1049272.7318335318,2720196.5651659397,17851.805756912894,fatigue
1168.18544625431,11.25335582600765,175.83987416559611,367.31166286125654,1192825.0530399512,3261911.829330859,20415.56600393063,fatigue
1261.454338590822,11.25335582600765,165.7283272369515,352.5723146909185,1357482.010797675,3918342.8114759666,23377.790144680926,fatigue
1362.1698964422794,11.25335582600765,156.1491301819648,338.29578085739075,1546467.627668421,4714893.164288133,26803.085380038192,fatigue
1470.926667743175,11.25335582600765,147.07931067749305,324.4768737462466,1763510.5672396494,5682808.312106082,30766.826550763544,fatigue
1588.3666696268983,11.25335582600765,138.49635125797775,311.1094309503057,2012924.8621928017,6860572.533319614,35356.99393593835,fatigue
1715.1831784058381,11.25335582600765,130.37823172279758,298.1863802304056,2299704.0680718715,8295656.43223628,40676.336846776445,fatigue
1852.1248221466276,11.25335582600765,122.70346538767068,285.6998143625094,2629631.240845056,10046707.734934714,46844.92473242198,fatigue
2000.0000000000002,11.25335582600765,115.45113009585543,273.6410756483023,3009407.600613548,12186304.366639752,54003.160157696955,fatigue
100.0,11.937766417144363,874.527343497362,1051.3161984260503,49606.29956408104,29432.85674847681,843.742724918082,rutting
107.98408271867898,11.937766417144363,841.2342209206968,1026.6114959893528,52786.42209235708,32739.15287841125,891.3448271157865,rutting
116.60562120594504,11.937766417144363,808.4071043537219,1001.8951012294591,56353.88950240514,36513.32847871906,945.3246575836208,rutting
125.9155104576573,11.937766417144363,776.1124349846802,977.194222976469,60353.63175540867,40830.82951997738,1006.3976984997053,rutting
135.96870896824353,11.937766417144363,744.4100339190579,952.536230711398,64836.88974641183,45780.46084819704,1075.3884959047716,rutting
146.824563163788,11.937766417144363,713.353132068446,927.9484964338453,69862.09666034939,51466.931330064006,1153.24598224304,rutting
158.5471577381239,11.937766417144363,682.9884714462855,903.4582397081483,75495.89386363993,58013.9135405616,1241.061329114096,rutting
171.20569396005033,11.937766417144363,653.3564682121565,879.0923780010874,81814.30201037294,65567.72715212908,1340.088730122222,rutting
184.87489818490914,11.937766417144363,624.4914279258506,854.8773841652735,88904.07136612516,74301.77925846179,1451.7695832036395,rutting
199.63546298206583,11.937766417144363,596.4218037995196,830.8391526497757,96864.23921174805,84421.92440523885,1577.7606230059087,rutting
215.57452348237172,11.937766417144363,569.1704892254735,807.0028757384259,105807.926669142,96172.94336810031,1719.966648815239,rutting
232.78617175760255,11.937766417144363,542.7551364658167,783.3929308307348,115864.41248877035,109846.38427336383,1880.5786045321163,rutting
251.37201226837567,11.937766417144363,517.188494079344,760.0327794936828,127181.52736621471,125790.06442149983,2062.1178970112196,rutting
271.4417616594907,11.937766417144363,492.47875639643513,736.9448787275722,139928.419340401,144419.59851936199,2267.487990870582,fatigue
293.11389644342387,11.937766417144363,468.6299191051765,714.1506046083181,154298.74891513048,166232.40188372004,2500.0344952909195,fatigue
316.51635239540985,11.937766417144363,445.6421357575616,691.6701881955032,170514.3819051528,191824.71916562927,2763.615165600601,fatigue
341.78727978880517,11.937766417144363,423.51207072490837,669.5226633342372,188829.65882899013,221912.35474210995,3062.6814844706428,fatigue
369.07585892906616,11.937766417144363,402.2332448129869,647.7258257351125,209536.3321720702,257355.93568000104,3402.373770007725,fatigue
398.54318080063774,11.937766417144363,381.79637038076936,626.2962024970893,232969.27727811525,299191.72899183666,3788.6320875446295,fatigue
430.36319802541544,11.937766417144363,362.18967338739,605.2490310515319,259513.09928749385,348669.2703595263,4228.325626217724,fatigue
464.7237517465168,11.937766417144363,343.3992003183873,584.5982463610965,289609.77777210163,407297.3523186711,4729.403649589226,fatigue
501.8276804993071,11.937766417144363,325.40910841603693,564.3564751145841,323767.5129236975,476900.2795061382,5301.071652399308,fatigue
541.8940176155999,11.937766417144363,308.201938063014,544.5350356273042,362570.96282209613,559686.7438680265,5953.996965899877,fatigue
585.1592842296022,11.937766417144363,291.7588665484774,525.1439421932039,406693.0910269133,658334.2250322552,6700.548767639362,fatigue
631.8788855185242,11.937766417144363,276.05994278611803,506.1919127441162,456908.8782146898,776092.5074076286,7555.078286870857,fatigue
682.32861842019,11.937766417144363,261.0843028597977,487.68637885250047,514111.19169552444,916910.7603956348,8534.245976965085,fatigue
736.8062997280774,11.937766417144363,246.81036654817535,469.63349736122257,579329.1534657427,1085593.6953683156,9657.403579642896,fatigue
795.6335241748048,11.937766417144363,233.21601522801066,452.0381632251821,653749.4023140428,1287993.6491691181,10947.040367472977,fatigue
859.157562882462,11.937766417144363,220.2787517778348,434.9040234873142,738740.7100395912,1531247.1213746385,12429.304464224742,fatigue
927.7534133867852,11.937766417144363,207.97584329904586,418.2334926625603,835882.4880876531,1824066.4049778332,14134.612061028516,fatigue
1001.8260133369538,11.937766417144363,196.28444763846335,402.02777014155225,946997.8113543728,2177099.618445935,16098.359636422321,fatigue
1081.8126309390202,11.937766417144363,185.1817248322866,386.28686052301214,1074191.6936121169,2603375.827820853,18361.757032578633,fatigue
1168.18544625431,11.937766417144363,174.6449346932574,371.00959801360545,1219895.47768286,3118856.2435553544,20972.802539808927,fatigue
1261.454338590822,11.937766417144363,164.65152182786179,356.193676173202,1386918.3576502646,3743117.951248272,23987.425121548644,fatigue
1362.1698964422794,11.937766417144363,155.17918939687175,341.83568431522957,1578507.2354800715,4500203.629765544,27470.823724914808,fatigue
1470.926667743175,11.937766417144363,146.20596292010237,327.93115178719984,1798416.3369043465,5419679.667464512,31499.039453157373,fatigue
1588.3666696268983,11.937766417144363,137.7102453763853,314.4746011553886,2050988.279030535,6537956.5824175645,36160.80345058592,fatigue
1715.1831784058381,11.937766417144363,129.67086476591572,301.45961100933647,2341248.6039652363,7899940.4320528265,41559.71193854409,fatigue
1852.1248221466276,11.937766417144363,122.06711518950561,288.8788887038991,2675016.179489539,9561102.93044164,47816.79026752101,fatigue
2000.0000000000002,11.937766417144363,114.87879236468572,276.72435289365063,3059032.331988979,11590082.53565476,55073.520503672255,fatigue
100.0,12.663801734674035,851.6678500955873,1049.0701229654164,54124.47096191327,29716.032261032018,936.7813599432295,rutting
107.98408271867898,12.663801734674035,820.0336026064572,1024.8518453872907,57412.16050737407,32991.56845167208,985.8792940631256,rutting
116.60562120594504,12.663801734674035,788.7720016781635,1000.6033989051906,61103.66836889518,36724.83005329701,1041.7249154199737,rutting
125.9155104576573,12.663801734674035,757.9514964891279,976.3509415024104,65244.74062562866,40988.9521393983,1105.0454869416578,rutting
135.96870896824353,12.663801734674035,727.6343104646398,952.1209372680956,69887.57054814986,45869.927159189574,1176.6809178552626,rutting
146.824563163788,12.663801734674035,697.8764060774203,927.9400014560886,75091.68805547457,51469.0407576947,1257.599200864885,rutting
158.5471577381239,12.663801734674035,668.7275245768086,903.8347465155782,80924.98514463472,57905.797897502875,1348.9144271983869,rutting
171.20569396005033,12.663801734674035,640.2312915924792,879.8316313699419,87464.89805789056,65321.4429489899,1451.907780354225,rutting
184.87489818490914,12.663801734674035,612.425379486836,855.956815981458,94799.7702906982,73883.20022324688,1568.0519795701873,rutting
199.63546298206583,12.663801734674035,585.3417174882163,832.2360229811302,103030.42441786091,83789.38940031224,1699.039725926512,rutting
215.57452348237172,12.663801734674035,559.006740981155,808.6944078710846,112271.97521120287,95275.60465003754,1846.8167996267866,rutting
232.78617175760255,12.663801734674035,533.4416718177241,785.3564390267438,122655.9217376764,108622.18842886148,2013.6205687405995,rutting
251.37201226837567,12.663801734674035,508.66282210577236,762.2457884413805,134332.56217443268,124163.28278267906,2202.024800288629,rutting
271.4417616594907,12.663801734674035,484.6819145898731,739.3852338698935,147473.7820857039,142297.80474050852,2414.9918171857394,rutting
293.11389644342387,12.663801734674035,461.50641343788465,716.7965727450448,162276.27502233585,163502.77082082146,2655.933222911353,fatigue
316.51635239540985,12.663801734674035,439.13985995378425,694.500547961257,178965.2636966783,188349.49222331878,2928.780624112536,fatigue
341.78727978880517,12.663801734674035,417.582208434909,672.5167853527628,197798.80084558384,217523.28119053427,3238.068024596811,fatigue
369.07585892906616,12.663801734674035,396.83015806255327,650.8637424395412,219072.7414435012,251847.45556141232,3589.027848068481,fatigue
398.54318080063774,12.663801734674035,376.8774773476427,629.5586677828644,243126.49242073565,292312.60924351175,3987.7028781682616,fatigue
430.36319802541544,12.663801734674035,357.71531824057905,608.6175700902085,270349.6627747452,340112.339346548,4441.076790688318,fatigue
464.7237517465168,12.663801734674035,339.3325175528652,588.055196045862,301189.7562807784,396686.89621831954,4957.226403416828,fatigue
501.8276804993071,12.663801734674035,321.7158838272053,567.8850157282949,336161.0713211294,463776.5633470352,5545.499294775639,fatigue
541.8940176155999,12.663801734674035,304.85046823437665,548.1192144173712,375854.9981472696,543486.996063243,6216.721056203818,fatigue
585.1592842296022,12.663801734674035,288.7198184727681,528.7686896016359,420951.9337532745,638369.2714115889,6983.437160691855,fatigue
631.8788855185242,12.663801734674035,273.30621500439355,509.8430520729851,472235.0691857904,751518.0520931863,7860.195269883143,fatigue
682.32861842019,12.663801734674035,258.5908892839145,491.3506301442191,530606.3444181,886692.0776041346,8863.874787802859,fatigue
736.8062997280774,12.663801734674035,244.55422392864594,473.2984762399755,597104.9129475282,1048462.2072510107,10014.07162889639,fatigue
795.6335241748048,12.663801734674035,231.17593504058692,455.69237538369873,672928.5133611265,1242393.5059710306,11333.547536635635,fatigue
859.157562882462,12.663801734674035,218.43523712767947,438.5368554166248,759458.2098908263,1475269.4534334906,12848.754909776193,fatigue
927.7534133867852,12.663801734674035,206.31099128084657,421.835199118576,858287.0404645805,1755368.3581970304,14590.450020058883,fatigue
1001.8260133369538,12.663801734674035,194.7818374445535,405.58945872929286,971253.201438895,2092804.5860266325,16594.409804202474,fatigue
1081.8126309390202,12.663801734674035,183.8263117693731,389.80047366647756,1100478.5061153036,2499950.412730389,18902.270166618157,fatigue
1168.18544625431,12.663801734674035,173.42295015253646,374.4678924755467,1248412.9830109957,2991958.378709565,21562.50703874464,fatigue
1261.454338590822,12.663801734674035,163.5503791539758,359.5902002027854,1417886.6341728424,3587409.2033553603,24631.585430805975,fatigue
1362.1698964422794,12.663801734674035,154.18739551904218,345.16475243944836,1612169.5590134491,4309116.934940717,28175.306534443604,fatigue
1470.926667743175,12.663801734674035,145.31303554412648,331.1878172281742,1835041.871694762,5185131.484259406,32270.38877555105,fatigue
1588.3666696268983,12.663801734674035,136.90663548888247,317.65462585217915,2090875.1076977227,6249989.561217629,37006.32580035084,fatigue
1715.1831784058381,12.663801734674035,128.94788417143073,304.5594332486005,2384727.1370065482,7546279.0081515955,42487.572975129675,fatigue
1852.1248221466276,12.663801734674035,121.41686878549017,291.89558841498615,2722452.9880074016,9126599.517568095,48836.12441608071,fatigue
2000.0000000000002,12.663801734674035,114.29411485705255,279.6556147349577,3110834.4502777443,11056025.924503053,56194.555229020574,fatigue
100.0,13.433993325989,828.7123389497813,1045.8044474609994,59216.96495056606,30133.72583908143,1043.5210568343205,rutting
107.98408271867898,13.433993325989,798.7191539682366,1022.0918513408484,62610.16754738577,33392.293829470385,1093.9385228385845,rutting
116.60562120594504,13.433993325989,769.0092619585789,998.332136231062,66425.34632962813,37100.37052382464,1151.52376061672,rutting
125.9155104576573,13.433993325989,739.6526454531949,974.5502825881206,70709.02781492907,41329.106497507855,1217.0134665342848,rutting
135.96870896824353,13.433993325989,710.7134859603293,950.7717146266654,75514.33444211324,46162.06908119117,1291.2610678037859,rutting
146.824563163788,13.433993325989,682.2500652302098,927.0221506759706,80901.88151381523,51697.5809862876,1375.2522315026035,rutting
158.5471577381239,13.433993325989,654.3147441734768,903.3274522230646,86940.81167233264,58051.52754333399,1470.123006676083,rutting
171.20569396005033,13.433993325989,626.9540111014819,879.7134740546412,93709.98775028657,65360.73128575357,1577.1810004124325,rutting
184.87489818490914,13.433993325989,600.2085906916246,856.2059176968779,101299.36819086954,73787.01427741672,1697.9300597995154,rutting
199.63546298206583,13.433993325989,574.1136050633205,832.8301901130858,109811.59312271896,83522.09515324979,1834.0990143772347,rutting
215.57452348237172,13.433993325989,548.6987785401429,809.6112693610804,119363.81368746185,94793.50045157254,1987.6751301401637,rutting
232.78617175760255,13.433993325989,523.9886780301114,786.5735786411005,130089.80245206002,107871.709863878,2160.9430387066727,rutting
251.37201226837567,13.433993325989,500.0029814392538,763.7408698859439,142142.3888062541,123078.80423915439,2356.5300367200603,rutting
271.4417616594907,13.433993325989,476.75676710683433,741.1361177615801,155696.27027697858,140798.94568809852,2577.458804086645,rutting
293.11389644342387,13.433993325989,454.26081788124304,718.781424662583,170951.2588346109,161491.09357272516,2827.2087689940727,rutting
316.51635239540985,13.433993325989,432.52193411514764,696.6979370059568,188136.03068968494,185704.45179801172,3109.7875570839983,rutting
341.78727978880517,13.433993325989,411.5432505236193,674.9057728535471,207512.45897725577,214097.2556798764,3429.8142066521455,fatigue
369.07585892906616,13.433993325989,391.32455250096547,653.4239606324054,229380.62132209213,247459.64575252502,3792.6161170870246,fatigue
398.54318080063774,13.433993325989,371.8625881167857,632.2703884805218,254084.58882842687,286741.54741622077,4204.3420306617245,fatigue
430.36319802541544,13.433993325989,353.1513725998827,611.461763529779,282019.11984095693,333086.6870580182,4672.09373611306,fatigue
464.7237517465168,13.433993325989,335.1824826641412,591.0135802575446,313637.401227971,387874.1368738115,5204.079635420427,fatigue
501.8276804993071,13.433993325989,317.94533853103746,570.9400969021416,349460.00235389214,452769.1041955974,5809.793843759052,fatigue
541.8940176155999,13.433993325989,301.4274719591916,551.2543188548398,390085.23282695113,529785.0819129534,6500.225109781515,fatigue
585.1592842296022,13.433993325989,285.6147790044634,531.9679879199143,436201.1251170551,621359.9737897827,7288.100564837801,fatigue
631.8788855185242,13.433993325989,270.4917566079007,513.0915763805292,488599.2979532173,730449.4264587404,8188.1701544378575,fatigue
682.32861842019,13.433993325989,256.04172244711043,494.6342849239169,548190.9969021034,860641.3695811288,9217.538596326965,fatigue
736.8062997280774,13.433993325989,242.2470177929751,476.60404366201504,616025.655771238,1016296.7266024302,10396.052875362016,fatigue
795.6335241748048,13.433993325989,229.08919339093387,459.00751572558835,693312.3777937294,1202722.4613270978,11746.754660936493,fatigue
859.157562882462,13.433993325989,216.5491786359002,441.8501031970718,781444.8005675946,1426384.6352256674,13296.408661282596,fatigue
927.7534133867852,13.433993325989,204.60743453278567,425.13595546108854,882029.8854532903,1695171.0507867138,15076.119864159004,fatigue
1001.8260133369538,13.433993325989,193.24409112950798,408.86798036828935,996921.2630543099,2018715.4555869643,17122.054921590123,fatigue
1081.8126309390202,13.433993325989,182.43907027440386,393.0478589019067,1128257.8745519451,2408798.3201311515,19476.285699509128,fatigue
1168.18544625431,13.433993325989,172.17219468252662,377.67606428077573,1278508.7777390594,2879843.0613559014,22187.776332594603,fatigue
1261.454338590822,13.433993325989,162.42328439281775,362.75188660322345,1450525.1410879374,3449531.4982793513,25313.53912463575,fatigue
1362.1698964422794,13.433993325989,153.17224175848534,348.2734642130954,1647600.6345054973,4139568.601884974,28919.98946760544,fatigue
1470.926667743175,13.433993325989,144.39912613514812,334.2378229393235,1873541.648053462,4976634.63416276,33084.53580357202,fatigue
1588.3666696268983,13.433993325989,136.0842194158905,320.6409242183273,2132749.0375496666,5993573.0756757995,37897.44774723824,fatigue
1715.1831784058381,13.433993325989,128.20808351163882,307.4777228582048,2430313.4177316516,7230875.984938021,43464.05409410158,fatigue
1852.1248221466276,13.433993325989,120.75161079324968,294.74223485747365,2772126.4102708665,8738545.483595962,49907.33288521414,fatigue
2000.0000000000002,13.433993325989,113.69606840409142,282.42761526923516,3165010.717917587,10578432.045467196,57370.96837329955,fatigue
100.0,14.251026703029977,805.6787863192559,1041.5291143069142,64973.185563948806,30691.472746771407,1166.3981862071728,rutting
107.98408271867898,14.251026703029977,777.3064122276041,1018.339121371109,68467.54421532105,33946.75373551934,1217.8695670008785,rutting
116.60562120594504,14.251026703029977,749.132159347638,995.0866783669896,72404.03936787289,37645.17734772443,1276.990498115174,rutting
125.9155104576573,14.251026703029977,721.2270731548999,971.7954741347442,76829.9206562811,41856.2145894412,1344.5037135456328,rutting
135.96870896824353,14.251026703029977,693.6568496458826,948.489769194792,81799.19786025942,46661.36872645215,1421.273413279928,rutting
146.824563163788,14.251026703029977,666.4816752223072,925.1942534983377,87373.54443393383,52156.427789736714,1508.3007831104326,rutting
158.5471577381239,14.251026703029977,639.7561461126518,901.9339005347771,93623.34029156336,58454.16632131067,1606.7422130480716,rutting
171.20569396005033,14.251026703029977,613.529259835707,878.7338203119514,100628.8747542628,65687.59066318968,1717.9306140098279,rutting
184.87489818490914,14.251026703029977,587.8444707501479,855.619113543421,108481.73393226687,74013.84272960438,1843.40030450083,rutting
199.63546298206583,14.251026703029977,562.739801537028,832.6147291621631,117286.40072495482,83618.9025042972,1984.9160226961872,rutting
215.57452348237172,14.251026703029977,538.2480024912358,809.7453270404586,127162.10015215464,94723.26054854407,2144.50671672067,rutting
232.78617175760255,14.251026703029977,514.3967507141476,787.0351475380994,138244.92798395545,107588.7699215984,2324.5048794302447,rutting
251.37201226837567,14.251026703029977,491.2088816641791,764.5078892309471,150690.30672582428,122526.93374587064,2527.5923264046905,rutting
271.4417616594907,14.251026703029977,468.70264599785384,742.1865958940837,164675.82007127636,139908.94222300535,2756.853470391432,rutting
293.11389644342387,14.251026703029977,446.8919851875033,720.093553532446,180404.48510467028,160177.84373179422,3015.8373258345055,rutting
316.51635239540985,14.251026703029977,425.78682000288154,698.2501979709081,198108.5309924499,183863.32181713355,3308.629687705629,rutting
341.78727978880517,14.251026703029977,405.39334656728755,676.6770332397805,218053.7638378497,211599.6572538081,3639.937174641503,rutting
369.07585892906616,14.251026703029977,385.7143353233429,655.3935607255106,240544.61001623937,244147.58670693176,4015.185113201984,fatigue
398.54318080063774,14.251026703029977,366.74942885287896,634.4182188062017,265929.94491520483,282420.9327367558,4440.631574678832,fatigue
430.36319802541544,14.251026703029977,348.49543507773404,613.7683324647049,294609.8308752419,327519.0813883702,4923.500266217155,fatigue
464.7237517465168,14.251026703029977,330.94661291532196,593.4600721764739,327043.3076152526,380766.63258285035,5472.135433380098,fatigue
501.8276804993071,14.251026703029977,314.0949479704947,573.5084212144957,363757.4009450194,443761.85652944964,6096.182462687059,fatigue
541.8940176155999,14.251026703029977,297.93041631163936,553.9271504081552,405357.54160706315,518435.9709190922,6806.798493208409,fatigue
585.1592842296022,14.251026703029977,282.4412348049693,534.7287993453191,452539.61624312325,607125.7270411525,7616.898071737221,fatigue
631.8788855185242,14.251026703029977,267.6140968686738,515.9246630235394,506103.90746157046,712662.3813653272,8541.439735424632,fatigue
682.32861842019,14.251026703029977,253.43439286104174,497.5247830403352,566971.2206638709,838480.8620079334,9597.760402249014,fatigue
736.8062997280774,14.251026703029977,239.8864146369315,479.5379425630069,636201.5427418165,988753.854443128,10805.965621722282,fatigue
795.6335241748048,14.251026703029977,226.95354409772006,461.97166452934675,715015.633301123,1168556.6759463113,12189.385120829638,fatigue
859.157562882462,14.251026703029977,214.61842582286317,444.83221279024986,804820.0143277978,1384070.2453790116,13775.10471661613,fatigue
927.7534133867852,14.251026703029977,202.86312410704818,428.12459619656335,907235.9011968377,1642831.2636539792,15594.587610622439,fatigue
1001.8260133369538,14.251026703029977,191.66926493504542,411.8525759339433,1024132.7090955387,1954041.0033363337,17684.400397811707,fatigue
1081.8126309390202,14.251026703029977,181.01816360507343,396.0186766962351,1157666.8773216777,2328946.9962802925,20087.06189567929,fatigue
1168.18544625431,14.251026703029977,170.89093885857127,380.6242025340887,1310326.88321018,2781315.5781582007,22852.036228938654,fatigue
1261.454338590822,14.251026703029977,161.26861448710298,365.66925839654715,1484985.4721205207,3328017.921455516,26036.895615756705,fatigue
1362.1698964422794,14.251026703029977,152.13220946364785,351.15277847829344,1684960.3153810282,3989758.1536214524,29708.683144965144,fatigue
1470.926667743175,14.251026703029977,143.46281768447705,337.0725624789966,1914084.5308069682,4791979.790522919,33945.51169519251,fatigue
1588.3666696268983,14.251026703029977,135.24167840929093,323.4253207664108,2176788.7680902476,5765996.505236342,38838.4422509482,fatigue
1715.1831784058381,14.251026703029977,127.45023845305744,310.20672921249417,2478196.883114742,6950405.832360594,44493.69348823871,fatigue
1852.1248221466276,14.251026703029977,120.07020711655282,297.4114941519549,2824237.611806017,8392860.60165718,51035.24495868435,fatigue
2000.0000000000002,14.251026703029977,113.08360474908375,285.0334275129211,3221775.1180373793,10152293.771385709,58607.90888571531,fatigue
100.0,15.117750706156622,782.5865886820897,1036.2588760963504,71498.66549534319,31396.499912353254,1308.348275663484,rutting
107.98408271867898,15.117750706156622,755.8123141817194,1013.6059898672481,75086.78216885148,34662.2208280947,1360.4897331800419,rutting
116.60562120594504,15.117750706156622,729.1553311473241,990.8770162703388,79139.59499934662,38366.50232270608,1420.8390964587124,rutting
125.9155104576573,15.117750706156622,702.6872848829041,968.0942527423234,83704.99024405862,42577.42265949396,1490.1403154052534,rutting
135.96870896824353,15.117750706156622,676.4749457172013,945.280684764032,88837.7979678517,47374.75989148338,1569.2643919454931,rutting
146.824563163788,15.117750706156622,650.5799902431802,922.4598530536811,94600.70086880974,52852.168399480404,1659.2248240710412,rutting
158.5471577381239,15.117750706156622,625.0588631112352,899.6557147791339,101065.28429831941,59119.787406808,1761.1958281402883,rutting
171.20569396005033,15.117750706156622,599.9627128176365,876.8925013730756,108313.24842442106,66307.37180156025,1876.5337360754545,rutting
184.87489818490914,15.117750706156622,575.3373942781965,854.1945753899229,116437.80687596093,74568.05530804495,2006.8020374463267,rutting
199.63546298206583,15.117750706156622,551.2235305997883,831.5862886580892,125545.30013217984,84082.88020685843,2153.8006213339104,rutting
215.57452348237172,15.117750706156622,527.6566263263095,809.0918437648517,135757.05647381538,95066.25743470722,2319.59987141732,rutting
232.78617175760255,15.117750706156622,504.66722450476067,786.7351606711363,147211.53858673706,107772.55726833684,2506.580382352742,rutting
251.37201226837567,15.117750706156622,482.281100154349,764.5397499964822,160066.82002142174,122504.07547725207,2717.479199023007,rutting
271.4417616594907,15.117750706156622,460.5194830903834,742.5285942456794,174503.44279205636,139620.67475167953,2955.4436358861253,rutting
293.11389644342387,15.117750706156622,439.39930352117494,720.7240379728878,190727.71559747416,159551.4687671837,3224.093915205129,rutting
316.51635239540985,15.117750706156622,418.9334543689651,699.1476876007799,208975.52163434363,182808.99939557188,3527.59607476364,rutting
341.78727978880517,15.117750706156622,399.1310648379747,677.8203213360989,229516.71594797753,210006.45998060665,3870.7468428161174,rutting
369.07585892906616,15.117750706156622,379.997780341031,656.7618093539526,252660.20495425115,241878.64381727716,4259.072466358319,rutting
398.54318080063774,15.117750706156622,361.53604448233625,635.9910441670855,278759.8154286472,279307.45266169414,4698.943815165791,fatigue
430.36319802541544,15.117750706156622,343.74537936359,615.5258808603436,308221.0771982904,323352.9923017396,5197.710476421856,fatigue
464.7237517465168,15.117750706156622,326.62266102369557,595.3830866622948,341509.06334373815,375291.51973792794,5763.857012522133,fatigue
501.8276804993071,15.117750706156622,310.16238733215005,575.5782991543932,379157.4543356615,436661.8003838539,6407.185088887571,fatigue
541.8940176155999,15.117750706156622,294.35693612955794,556.1259922919878,421779.0186919481,509321.7977510418,7139.025802537183,fatigue
585.1592842296022,15.117750706156622,279.1968118446029,537.0394493393195,470077.73303601943,595518.0698067473,7972.487271588783,fatigue
631.8788855185242,15.117750706156622,264.6708792161808,518.3307418092422,524862.7995841276,697970.8077026132,8922.74339989123,fatigue
682.32861842019,15.117750706156622,250.76658311431262,500.01071355194404,587064.8599611464,819978.1519680172,10007.370732906542,fatigue
736.8062997280774,15.117750706156622,237.47015378638523,482.0889692557504,657754.7519108651,965544.2943802055,11246.741499238,fatigue
795.6335241748048,15.117750706156622,224.76679715857196,464.5738668028043,738165.21124422,1139536.9664226382,12664.482321884956,fatigue
859.157562882462,15.117750706156622,212.64087009764984,447.4725131533779,829715.9868794229,1347881.2863968604,14288.0097276599,fatigue
927.7534133867852,15.117750706156622,201.07604078662828,430.7907636996828,934042.9140706316,1597798.6626576358,16149.15553573886,fatigue
1001.8260133369538,15.117750706156622,190.05543458826222,414.5332253136208,1053031.5823561517,1898101.627909263,18284.897533247193,fatigue
1081.8126309390202,15.117750706156622,179.56176596232197,398.70326358940883,1188856.3433984283,2259558.23550928,20738.213628944926,fatigue
1168.18544625431,15.117750706156622,169.57745716337044,383.30301502670454,1344025.533416407,2695343.1470424086,23559.08101638362,fatigue
1261.454338590822,15.117750706156622,160.08474457336268,368.33340508769436,1521433.9397939255,3221596.9933644417,26805.64589940159,fatigue
1362.1698964422794,15.117750706156622,151.0657736154816,353.7941731714611,1724423.7270758112,3858121.2742862124,30545.594187343697,fatigue
1470.926667743175,15.117750706156622,142.50268325080617,339.6839055637279,1956855.2603990654,4629243.332569376,34857.75943997364,fatigue
1588.3666696268983,15.117750706156622,134.37768107742713,326.0000773305878,2223189.5321485847,5564895.260090772,39834.011457101304,fatigue
1715.1831784058381,15.117750706156622,126.67311003376213,312.7391039295457,2528584.2193898764,6701962.57070869,45581.47753635753,fatigue
1852.1248221466276,15.117750706156622,119.37150765700946,299.896403017418,2879005.7861471847,8085973.888567531,52225.15888985589,fatigue
2000.0000000000002,15.117750706156622,112.45565876852156,287.4664665577905,3281360.508437856,9773222.769694773,59911.01740635644,fatigue
100.0,16.0371874375133,759.4564989987252,1030.0131883053168,78918.35321554287,32257.856150108866,1472.921021447773,rutting
107.98408271867898,16.0371874375133,734.2551497498947,1007.9094371630102,82588.83994440935,35547.948645670585,1525.1926939001596,rutting
116.60562120594504,16.0371874375133,709.0947467519674,985.7177108341989,86749.47996245176,39273.756324669695,1586.3264541847132,rutting
125.9155104576573,16.0371874375133,684.0470824056308,963.4588313786455,91448.67045430055,43502.236511548785,1657.0607076128827,rutting
135.96870896824353,16.0371874375133,659.1795675063516,941.1544120167866,96741.9606954649,48311.762368157666,1738.2676199937985,rutting
146.824563163788,16.0371874375133,634.5549571371189,918.8267357281479,102692.96434287594,53794.23281413163,1830.968363617941,rutting
158.5471577381239,16.0371874375133,610.23115724517,896.4986255613163,109374.41514497965,60057.5990871766,1936.3512406893663,rutting
171.20569396005033,16.0371874375133,586.2611063702415,874.1933092679782,116869.38703738489,67228.89471865815,2055.7930752085367,rutting
184.87489818490914,16.0371874375133,562.6927261568206,851.934280770351,125272.70300086169,75457.87457674857,2190.8843393570114,rutting
199.63546298206583,16.0371874375133,539.5689337276868,829.7451608208003,134692.56100786262,84921.3917567484,2343.458566897522,rutting
215.57452348237172,16.0371874375133,516.9277086931706,807.6495590242112,145252.40995795923,95828.6694568921,2515.6267061038457,rutting
232.78617175760255,16.0371874375133,494.80220748789276,785.6709391758825,157093.11380106944,108427.65977899959,2709.8171807305484,rutting
251.37201226837567,16.0371874375133,473.22091782976764,763.8324896277801,170375.4481844482,123012.72413240712,2928.822562362116,rutting
271.4417616594907,16.0371874375133,452.20784634958244,742.1570001398683,185282.98106659055,139933.92244537311,3175.853914430522,rutting
293.11389644342387,16.0371874375133,431.78273280965084,720.666746406507,202025.39696913987,159608.2629868184,3454.604051058996,rutting
316.51635239540985,16.0371874375133,411.96128478511486,699.3833831752405,220842.33405959315,182533.34410322676,3769.321167078978,rutting
341.78727978880517,16.0371874375133,392.7554271931144,678.3278466017523,242007.814271435,209303.91708835773,4124.894544174492,rutting
369.07585892906616,16.0371874375133,374.17356159853347,657.5202662152961,265835.3594026722,240632.02008069307,4526.954328055955,rutting
398.54318080063774,16.0371874375133,356.2208307799719,636.9798866094645,292683.9008517881,277371.4817378797,4981.987709742441,rutting
430.36319802541544,16.0371874375133,338.89938458956215,616.7249987302932,322964.6076574357,320547.7772129154,5497.474238494053,rutting
464.7237517465168,16.0371874375133,322.20864367304773,596.7728804152313,357148.7771609922,371394.44607662555,6082.043454137043,fatigue
501.8276804993071,16.0371874375133,306.14555812354536,577.1397456505265,395776.95532874315,431397.5628467498,6745.6585636368545,fatigue
541.8940176155999,16.0371874375133,290.7048586184456,557.8407018702175,439469.4800499739,502350.098953172,7499.830514076435,fatigue
585.1592842296022,16.0371874375133,275.87929803130476,538.8897145252674,488938.6711641391,586418.4470087256,8357.867547609038,fatigue
631.8788855185242,16.0371874375133,261.6598819190247,520.2995781138404,545002.9262826755,686223.9153187142,9335.166182673709,fatigue
682.32861842019,16.0371874375133,248.03608665998885,502.08189288819375,608603.0225331658,804942.6695155207,10449.550573135662,fatigue
736.8062997280774,16.0371874375133,234.99606436293107,484.2470465416,680820.9722345835,946428.4332929769,11721.668381581945,fatigue
795.6335241748048,16.0371874375133,222.526833981021,466.8042003274519,762901.8365264506,1115363.3052401112,13175.45269985189,fatigue
859.157562882462,16.0371874375133,210.61445835248043,449.7612792642669,856278.9667401147,1317443.3599427897,14838.661202285331,fatigue
927.7534133867852,16.0371874375133,199.24420714880972,433.1249663218267,962603.2208100237,1559607.3511617784,16743.505678613576,fatigue
1001.8260133369538,16.0371874375133,188.40070594420095,416.9007007470345,1083776.7937285746,1850318.916310244,18927.387430052124,fatigue
1081.8126309390202,16.0371874375133,178.0680718238775,401.09268095165663,1221992.4099553614,2199915.3152388223,21433.756805711215,fatigue
1168.18544625431,16.0371874375133,168.23003612311257,385.7038726238063,1379778.7554693257,2621039.07861498,24313.118507688592,fatigue
1261.454338590822,16.0371874375133,158.87005503024326,370.73602291654686,1560053.182257415,3129173.1943057156,27624.208326041957,fatigue
1362.1698964422794,16.0371874375133,149.97140889404352,356.1896816882899,1766182.9038437472,3743305.886618926,31435.371830892513,fatigue
1470.926667743175,16.0371874375133,141.51729114667947,342.06423080286066,2002056.1234334602,4486757.983710065,35826.181433085,fatigue
1588.3666696268983,16.0371874375133,133.4908877876234,328.35792243077464,2272164.804067257,5388214.765265223,40889.3353514076,fatigue
1715.1831784058381,16.0371874375133,125.87544837216214,315.0679271237141,2581701.111970554,6483015.610252605,46732.89066423005,fatigue
1852.1248221466276,16.0371874375133,118.6543494129393,302.19039216616477,2936669.9507715465,7814769.469461536,53482.89310217655,fatigue
2000.0000000000002,16.0371874375133,111.81115103834534,289.7205103546101,3344020.4680437273,9437383.139584916,61286.47894608523,fatigue
100.0,17.012542798525892,736.310547350487,1022.8160494632294,87380.64489485763,33286.57347662191,1664.4246461637015,rutting
107.98408271867898,17.012542798525892,712.6545006379253,1001.2709570975165,91116.90340153538,36615.338402244415,1716.0811435473418,rutting
116.60562120594504,17.012542798525892,688.9676625952458,979.6277868287725,95372.29840204101,40378.6809677258,1777.3747636493404,rutting
125.9155104576573,17.012542798525892,665.3215334316823,957.9058184535452,100195.55973959278,44642.697177581504,1849.0289692185404,rutting
135.96870896824353,17.012542798525892,641.783739704455,936.1252112850991,105642.80909984415,49484.66046830591,1931.9091844780878,rutting
146.824563163788,17.012542798525892,618.4177086911335,914.3068959951909,111778.47318874291,54995.07366494777,2027.0376706064128,rutting
158.5471577381239,17.012542798525892,595.2824226851992,892.4724559300735,118676.34294064839,61280.12400820113,2135.6114050372053,rutting
171.20569396005033,17.012542798525892,572.4322487832429,870.6440004996465,126420.79970185008,68464.62485212788,2259.023346194104,rutting
184.87489818490914,17.012542798525892,549.9168387246299,848.8440331821624,135108.23277183212,76695.54575971099,2398.8875425978094,rutting
199.63546298206583,17.012542798525892,527.7810926170372,827.095316576049,144848.67666041385,86146.25492356077,2557.068633798758,rutting
215.57452348237172,17.012542798525892,506.0651799129208,805.420736774989,155767.7010196082,97021.62505135598,2735.716392461708,rutting
232.78617175760255,17.012542798525892,484.8046107653016,783.8431691513156,168008.59153441124,109564.18723950446,2937.3060746545452,rutting
251.37201226837567,17.012542798525892,464.0303508550727,762.3853474140335,181734.86622164425,124061.55834639865,3164.6854818508336,rutting
271.4417616594907,17.012542798525892,443.76897291339355,741.0697375681508,197133.17872241192,140855.41773916874,3421.1297966660977,rutting
293.11389644342387,17.012542798525892,424.042838428578,719.9184181475811,214416.66843339533,160352.3712153473,3710.4054387529422,rutting
316.51635239540985,17.012542798525892,404.8703033955698,698.952967829968,233828.82687912803,183037.11610560492,4036.8444020229485,rutting
341.78727978880517,17.012542798525892,386.26594240849045,678.1943612736684,255647.96078153813,209488.41540780268,4405.430784590644,rutting
369.07585892906616,17.012542798525892,368.2407858869241,657.6628737500015,280192.3450643882,240398.5044599611,4821.901514520663,rutting
398.54318080063774,17.012542798525892,350.80256574234164,637.3779948835497,307826.1738044021,276596.69632076204,5292.863614558405,rutting
430.36319802541544,17.012542798525892,333.95596531420114,617.3583515663053,338966.43421561236,319078.1281587498,5825.930745658607,rutting
464.7237517465168,17.012542798525892,317.70286992146174,597.6216398850588,374090.84848794056,369038.808634817,6429.882231829787,rutting
501.8276804993071,17.012542798525892,302.04261487396695,578.1845657037829,413747.05111736956,427918.39561667666,7114.84830884281,fatigue
541.8940176155999,17.012542798525892,286.97222826228614,559.0627933824434,458563.19576324086,497452.46730346896,7892.525970081392,fatigue
585.1592842296022,17.012542798525892,272.48666628986194,540.2709019988997,509260.2162461075,579736.4639922192,8776.430520251326,fatigue
631.8788855185242,17.012542798525892,258.57903932584117,521.8223483790706,566666.0017775135,677303.992561208,9782.188811108615,fatigue
682.32861842019,17.012542798525892,245.24082724053375,503.72943623758636,631731.7877662817,793222.8270216831,10927.88114624443,fatigue
736.8062997280774,17.012542798525892,232.46208293896697,486.00329078954957,705551.1116433402,931212.7389969325,12234.440032887556,fatigue
795.6335241748048,17.012542798525892,220.23162333276318,468.6538383122769,789381.7394013171,1095790.2936596652,13726.115362788878,fatigue
859.157562882462,17.012542798525892,208.53720728779436,451.6897903079246,884671.0345706764,1292447.0032773109,15431.017264831924,fatigue
927.7534133867852,17.012542798525892,197.36570035550008,435.11863213270925,993085.3191384643,1527868.8112560469,17381.749842537163,fatigue
1001.8260133369538,17.012542798525892,186.70322633928646,418.946616199838,1116543.8679028717,1810206.87363854,19616.15135619626,fatigue
1081.8126309390202,17.012542798525892,176.53530596319138,403.1787601113054,1257258.2869426243,2149412.1276497794,22178.159213616516,fatigue
1168.18544625431,17.012542798525892,166.84698309637014,387.8188503055351,1417778.156922748,2557649.3372608377,25118.82149601518,fatigue
1261.454338590822,17.012542798525892,157.62293914180336,372.869451999696,1601043.9773024183,3049810.3771399334,28497.480790199366,fatigue
1362.1698964422794,17.012542798525892,148.84759631890293,358.33192633518087,1810448.6335228079,3644151.7094760817,32383.160976261897,fatigue
1470.926667743175,17.012542798525892,140.50521065562032,344.20645568341706,2049908.8323773623,4363087.648352992,36856.19351634289,fatigue
1588.3666696268983,17.012542798525892,132.57995555545398,330.4920780237415,2323948.218688508,5234179.516080032,42010.12692870669,fatigue
1715.1831784058381,17.012542798525892,125.05599681882897,317.1867311597822,2637794.208245346,6291371.723860989,47953.97178328366,fatigue
1852.1248221466276,17.012542798525892,117.91755997860088,304.2873072977133,2997490.958437561,7576539.868309918,54814.8440456445,fatigue
2000.0000000000002,17.012542798525892,111.14899075944433,291.7897181796562,3410031.3617510735,9141434.052049631,62741.08231630514,fatigue
100.0,18.047217668271703,713.1719462935009,1014.6957910728421,97062.34667270101,34495.86272466816,1888.1078059804581,rutting
107.98408271867898,18.047217668271703,691.0311642315663,993.7163748040185,100840.99780837193,37878.14298659749,1938.1332766333562,rutting
116.60562120594504,18.047217668271703,668.7925630166093,972.6305779012715,105172.09207900273,41695.56068712214,1998.72445543052,rutting
125.9155104576573,18.047217668271703,646.5269278131707,951.4560891017196,110104.44327480813,46013.60058242272,2070.576872702308,rutting
135.96870896824353,18.047217668271703,624.3016882454739,930.2115489517246,115694.53734796443,50908.72952243015,2154.5382203888857,rutting
146.824563163788,18.047217668271703,602.1805455624019,908.916456569319,122007.44286893573,56470.39849813737,2251.6226140296967,rutting
158.5471577381239,18.047217668271703,580.2231780824419,887.5910637537174,129117.87064604946,62803.43581774643,2363.0280229752643,rutting
171.20569396005033,18.047217668271703,558.4850216466468,866.2562589827613,137111.4033783664,70030.91218481945,2490.157235645441,rutting
184.87489818490914,18.047217668271703,537.0171206418877,844.9334438338585,146085.9196818824,78297.57590563851,2634.642807088718,rutting
199.63546298206583,18.047217668271703,515.8660442661354,823.6444042971883,156153.24083707368,87773.97781999888,2798.3765273784225,rutting
215.57452348237172,18.047217668271703,495.0738620779406,802.4111793320805,167441.03323834212,98661.43173076042,2983.5440537368095,rutting
232.78617175760255,18.047217668271703,474.67817248193086,781.2559288574255,180095.00488299964,111197.9882156067,3192.665469254204,rutting
251.37201226837567,18.047217668271703,454.71217762403876,760.2008031736312,194281.4404343795,125665.63911434154,3428.642669596167,rutting
271.4417616594907,18.047217668271703,435.2047981741307,739.2678155942943,210190.12656321636,142399.0183965576,3694.814639540434,rutting
293.11389644342387,18.047217668271703,416.18082162850845,718.478719827175,228037.7275660076,161795.92463074118,3995.021867444481,rutting
316.51635239540985,18.047217668271703,397.6610780392674,697.8548933921063,248071.68085401744,184330.06350165635,4333.681362311139,rutting
341.78727978880517,18.047217668271703,379.6626374424717,677.4172281037635,270574.6930032147,210566.4989878372,4715.873990193522,rutting
369.07585892906616,18.047217668271703,362.19902368573696,657.1860283851952,295869.92988561484,241180.41292557956,5147.446140295875,rutting
398.54318080063774,18.047217668271703,345.280439824567,637.1809179195689,324327.00923390855,276979.90973779315,5635.1280733042995,rutting
430.36319802541544,18.047217668271703,328.91400074576114,617.4207548989747,356368.9211343301,318933.77231201006,6186.671703418871,rutting
464.7237517465168,18.047217668271703,313.10396916931126,597.9235558975796,392480.0217592426,368205.2841372694,6811.011030870732,rutting
501.8276804993071,18.047217668271703,297.8519916649288,578.706428189613,433215.26856609253,426193.4915817347,7518.448984744028,rutting
541.8940176155999,18.047217668271703,283.15733178673617,559.7855101590196,479210.8917062003,494583.60083153116,8320.875070152555,fatigue
585.1592842296022,18.047217668271703,269.01709787374875,541.1759193153468,531196.7271058322,575408.6019183072,9232.018955352762,fatigue
631.8788855185242,18.047217668271703,255.42646348113584,522.8917073471401,590010.4723259779,671124.7069168336,10267.746002606966,fatigue
682.32861842019,18.047217668271703,242.37887879645353,504.9458216159797,656614.1677525789,784703.8055145706,11446.40176506046,fatigue
736.8062997280774,18.047217668271703,229.8662717559444,487.3500725245667,732113.2539851728,919746.9102267134,12789.213669261191,fatigue
795.6335241748048,18.047217668271703,217.87923790926203,470.1151062810429,817778.6127898492,1080623.52578532,14320.759514418734,fatigue
859.157562882462,18.047217668271703,206.40721838734265,453.25038272445386,915072.0652738116,1272643.0842476238,16069.51408840331,fatigue
927.7534133867852,18.047217668271703,195.43866560822042,436.764158063746,1025675.8790056288,1502266.1054570933,18068.48718028526,fatigue
1001.8260133369538,18.047217668271703,184.96119660925572,420.6634726007754,1151526.9280840263,1777364.6571189074,20355.968625964822,fatigue
1081.8126309390202,18.047217668271703,174.96173412074853,404.9541437381724,1294856.2596357914,2107544.1103094616,22976.398838696296,fatigue
1168.18544625431,18.047217668271703,165.42663569385107,389.6407647941791,1458234.9505459282,2504541.257549833,25981.386650557382,fatigue
1261.454338590822,18.047217668271703,156.34181136300703,374.7267103356975,1644627.2938246913,2982717.7666704226,29430.90034773969,fatigue
1362.1698964422794,18.047217668271703,147.69283045790752,360.2141488757444,1857452.5402495908,3559672.92452452,33394.662673192506,fatigue
1470.926667743175,18.047217668271703,139.46501828026138,346.1040638427554,2100656.6442202576,4257005.991563557,37953.786479209746,fatigue
1588.3666696268983,18.047217668271703,131.64354342556268,332.3962837022916,2378795.7308055703,5101266.645671083,43202.694863991994,fatigue
1715.1831784058381,18.047217668271703,124.21349655950415,319.0895219888061,2697133.3228557315,6125142.466617469,49251.378290832545,fatigue
1852.1248221466276,18.047217668271703,117.15996145425984,306.1814277862636,3061753.7535381992,7368945.88335763,56228.05169207214,fatigue
2000.0000000000002,18.047217668271703,110.46807905446802,293.6686468894714,3479694.653348502,8882480.3619408,64282.28729281444,fatigue
100.0,19.144819761699576,690.064981542197,1005.6848205123509,108174.80324800684,35901.34730907215,2150.3897439672664,rutting
107.98408271867898,19.144819761699576,669.4070630860182,985.2756174224697,111963.66369931455,39352.71222942705,2197.4125388563984,rutting
116.60562120594504,19.144819761699576,648.5890871975246,964.7535248149762,116343.61389956258,43241.47952150323,2256.126104584541,rutting
125.9155104576573,19.144819761699576,627.6807204564366,944.13461036728,121363.20850081166,47632.76569271809,2327.1801496272196,rutting
135.96870896824353,19.144819761699576,606.7487976590072,923.4359487322761,127079.00736115912,52602.51504614709,2411.389440292372,rutting
146.824563163788,19.144819761699576,585.8569065249222,902.6755447034826,133556.4782438521,58239.45936142793,2509.7471066897456,rutting
158.5471577381239,19.144819761699576,565.0650481809909,881.8722417496992,140871.05252493062,64647.45826859689,2623.441334860521,rutting
171.20569396005033,19.144819761699576,544.4293713500641,861.0456183562853,149109.35462708664,71948.298581464,2753.8757892810213,rutting
184.87489818490914,19.144819761699576,524.0019768676252,840.2158746595725,158370.62940922464,80285.04770842647,2902.69419471119,rutting
199.63546298206583,19.144819761699576,503.83078810714534,819.4037118426322,168768.39578976386,89826.07687849832,3071.80960144557,rutting
215.57452348237172,19.144819761699576,483.95948211190705,798.6302066842991,180432.35955368346,100769.89517579439,3263.4389657456736,rutting
232.78617175760255,19.144819761699576,464.4274756900986,777.9166835288161,193510.62368894895,113350.96633717154,3480.143800209904,rutting
251.37201226837567,19.144819761699576,445.2699604094453,757.2845857794969,208172.24083314402,127846.71825793799,3724.877790071002,rutting
271.4417616594907,19.144819761699576,426.51798030106727,736.7553488246302,224610.15961915752,144586.00180491238,4001.042434337332,rutting
293.11389644342387,19.144819761699576,408.19854612069497,716.3502760846436,243044.62504308918,163959.31287860288,4312.551959267348,rutting
316.51635239540985,19.144819761699576,390.3347801891128,696.0904196327891,263727.1026145895,186431.16220397878,4663.908970444329,rutting
341.78727978880517,19.144819761699576,372.94608611387724,675.9964665933845,286944.80719240813,212555.06417138796,5060.292563965419,rutting
369.07585892906616,19.144819761699576,356.04833805370725,656.088632267567,313025.9302898328,242991.72305714813,5507.660913080797,rutting
398.54318080063774,19.144819761699576,339.6540846011143,636.3865606826479,342345.67452563427,278531.126930692,6012.870691105499,rutting
430.36319802541544,19.144819761699576,323.772762806456,616.9092330136948,375333.2211092115,320119.4224893562,6583.816092860175,rutting
464.7237517465168,19.144819761699576,308.41091832995363,597.6748840918725,412479.7761485122,368891.6454330894,7229.590684980718,rutting
501.8276804993071,19.144819761699576,293.57242817304785,578.7009270008391,454347.8645842345,426211.63016884355,7960.675861615111,rutting
541.8940176155999,19.144819761699576,279.2587228960538,560.0038855782622,501582.0671898613,493720.7313876566,8789.160319870396,rutting
585.1592842296022,19.144819761699576,265.46900566764543,541.5993344922719,554921.4269380546,573397.3732182047,9728.995715103998,fatigue
631.8788855185242,19.144819761699576,252.20046590840778,523.5018464603505,615213.78684475,667629.9179803036,10796.294529267754,fatigue
682.32861842019,19.144819761699576,239.4484856826323,505.7249461268242,683432.3630415911,779305.9398323293,12009.677209639784,fatigue
736.8062997280774,19.144819761699576,227.2068373585885,488.28107011937436,760694.9053647962,911921.7291137,13390.676839195341,fatigue
795.6335241748048,19.144819761699576,215.46787139744197,471.18153286549637,848285.854494584,1069716.7796160209,14964.21101884218,fatigue
859.157562882462,19.144819761699576,204.2226934451111,454.436497863924,947681.9712422016,1257839.1729457518,16759.132319139087,fatigue
927.7534133867852,19.144819761699576,193.46133018986623,438.05495426605756,1060581.9919393077,1482549.2352721943,18808.8706484141,fatigue
1001.8260133369538,19.144819761699576,183.172883711289,422.0446988162345,1188940.9564656187,1751470.6841587136,21152.183251403258,fatigue
1081.8126309390202,19.144819761699576,173.34567428255784,406.41232341072475,1335009.965233198,2073900.8128157512,23834.030879122663,fatigue
1168.18544625431,19.144819761699576,163.9673717966034,391.1632087435778,1501382.2520654218,2461194.213045457,26906.602057052918,fatigue
1261.454338590822,19.144819761699576,155.0251161656871,376.30152469121236,1691046.615784662,2927238.293876562,30430.51144822698,fatigue
1362.1698964422794,19.144819761699576,146.5056271913409,361.8302382248448,1907449.4397988846,3489043.6405699207,34476.20321161155,fatigue
1470.926667743175,19.144819761699576,138.39530451559665,347.7511297108373,2154566.752473088,4167478.376950052,39125.59617857015,fatigue
1588.3666696268983,19.144819761699576,130.6803183437515,334.064818448191,2436988.0492553506,4988183.530619472,44474.01483506981,fatigue
1715.1831784058381,19.144819761699576,123.34669167332065,320.77079819012556,2760013.9195025386,5982716.459160072,50632.458775300314,fatigue
1852.1248221466276,19.144819761699576,116.38037477436563,307.8674832006837,3129769.907461202,7189982.330289516,57730.273809269835,fatigue
2000.0000000000002,19.144819761699576,109.767312645521,295.3522651133169,3553339.5005253884,8658030.310617127,65918.30065334114,fatigue
100.0,20.309176209047358,667.0148888669572,995.8193210445316,120971.49406627893,37521.33972502644,2459.1526986615972,rutting
107.98408271867898,20.309176209047358,647.8051406357133,975.982441321679,124726.96630438948,41058.28429108163,2501.3329733068913,rutting
116.60562120594504,20.309176209047358,628.3779425591466,956.027929985612,129118.81714497178,45036.627730158805,2556.58217936385,rutting
125.9155104576573,20.309176209047358,608.8014611273773,935.9702228393332,134194.87251297678,49521.35657619818,2625.4796169257684,rutting
135.96870896824353,20.309176209047358,589.1415559029468,915.8247999038838,140011.36563113125,54588.17029445152,2708.786199253798,rutting
146.824563163788,20.309176209047358,569.4613268970542,895.6081262418359,146633.8249477235,60325.40570749571,2807.4563192948945,rutting
158.5471577381239,20.309176209047358,549.8207343957265,875.3375763603902,154138.11989636516,66836.33307790145,2922.653396079005,rutting
171.20569396005033,20.309176209047358,530.2762903865275,855.0313444810795,162611.68494247994,74241.89990362743,3055.7694112439503,rutting
184.87489818490914,20.309176209047358,510.88081931105717,834.7083430702935,172154.94593806288,82684.01479523345,3208.448836812071,rutting
199.63546298206583,20.309176209047358,491.6832846919104,814.3880920583359,182882.97690736447,92329.48375578782,3382.617455756073,rutting
215.57452348237172,20.309176209047358,472.7286772560278,794.090601144143,194927.4201084257,103374.73561078066,3580.516689268259,rutting
232.78617175760255,20.309176209047358,454.05795949079163,773.8362474975459,208438.70765945167,116051.50326869256,3804.7441717194583,rutting
251.37201226837567,20.309176209047358,435.70806110836855,753.645651040459,223588.62930116194,130633.66420844909,4058.301459158776,rutting
271.4417616594907,20.309176209047358,417.7119196355388,733.5395493210485,240573.29812060753,147445.48866502888,4344.649923392392,rutting
293.11389644342387,20.309176209047358,400.09856026482396,713.5386737986939,259616.57444282298,166871.59937091067,4667.7760752261875,rutting
316.51635239540985,20.309176209047358,382.8932091703995,693.6636291392705,280974.0177818247,189369.01482730592,5032.26778200438,rutting
341.78727978880517,20.309176209047358,366.117434681185,673.9347768865644,304937.4479361468,215481.73192482252,5443.403101468364,rutting
369.07585892906616,20.309176209047358,349.78931098659655,654.3721246324227,331840.20925199846,245858.40703447547,5907.253752383377,rutting
398.54318080063774,20.309176209047358,333.9235994027517,634.9952215616958,362063.24703131797,281273.8220826208,6430.805589513746,rutting
430.36319802541544,20.309176209047358,318.53194262617126,615.8230610044357,396042.1223479905,322654.9793864619,7022.098854738291,rutting
464.7237517465168,20.309176209047358,303.62306782902175,596.8739903938866,434275.1115210985,371112.86338060384,7690.391447189919,rutting
501.8276804993071,20.309176209047358,289.2029948888736,578.1656288118945,477332.5596107197,427981.1478534089,8446.349004826774,rutting
541.8940176155999,20.309176209047358,275.2752464844322,559.7147921112826,525867.6840586615,494863.42529430625,9302.266231473852,rutting
585.1592842296022,20.309176209047358,261.8410572172086,541.5374254453857,580629.0556010173,573690.9047424067,10272.324653457847,rutting
631.8788855185242,20.309176209047358,248.89957933132393,523.6485429160639,642475.019558882,666792.984214187,11372.892868096424,fatigue
682.32861842019,20.309176209047358,236.4480829952081,506.06217397975536,712390.3624490534,776983.6763188398,12622.876376245133,fatigue
736.8062997280774,20.309176209047358,224.48214947763057,488.79131623125835,791505.5776186187,907667.5802437288,14044.125301723638,fatigue
795.6335241748048,20.309176209047358,212.99585589514356,471.84789421901485,881119.1406058031,1062969.9871905115,15661.909727086484,fatigue
859.157562882462,20.309176209047358,201.9819505282425,455.2427240320633,982723.2717706794,1247896.827314497,17505.474061294743,fatigue
927.7534133867852,20.309176209047358,191.43201799923094,438.98548353176324,1098033.7423961961,1468531.5755980108,19608.683853877465,fatigue
1001.8260133369538,20.309176209047358,181.336633875587,423.08468827037393,1229024.3733547803,1732278.010855808,22010.780848134935,fatigue
1081.8126309390202,20.309176209047358,171.68550850780713,407.5476733289401,1377966.9855371711,2048159.968160542,24757.264904238455,fatigue
1168.18544625431,20.309176209047358,162.46762012903957,392.38058150036596,1547477.6921723671,2427192.0721839545,27900.92482198357,fatigue
1261.454338590822,20.309176209047358,153.67133743354444,377.5883584192858,1740570.5793386702,2882839.0579290725,31503.04417570162,fatigue
1362.1698964422794,20.309176209047358,145.28453201025312,363.17475537714455,1960720.007704185,3431585.8972966126,35634.813191332476,fatigue
1470.926667743175,20.309176209047358,137.29468113452992,349.1423406388605,2211932.99225005,4093646.841890961,40378.98363207985,fatigue
1588.3666696268983,20.309176209047358,129.68896151431275,335.49252008005533,2498833.3850782113,4893849.037026433,45831.81083808311,fatigue
1715.1831784058381,20.309176209047358,122.45433464560045,322.2255678801778,2826759.9084839313,5862736.042979433,52105.33575767483,fatigue
1852.1248221466276,20.309176209047358,115.57762445735483,309.3406678323624,3201880.4720276454,7037949.045962621,59330.07033885383,fatigue
2000.0000000000002,20.309176209047358,109.04558791937109,296.83596556923584,3631325.670994702,8465959.570358098,67658.16241025743,fatigue
100.0,21.544346900318832,644.0477183501604,985.1389138462845,135757.48329570596,39377.16617470805,2824.1149985675543,rutting
107.98408271867898,21.544346900318832,626.2492440010142,965.8741202188044,139421.18303631558,43017.328905684786,2858.996299870214,rutting
116.60562120594504,21.544346900318832,608.1808052540965,946.4886721783187,143774.8686808671,47104.66434000881,2908.6528186308155,rutting
125.9155104576573,21.544346900318832,589.9087115653731,926.9953820862602,148864.99807424366,51704.26484159443,2973.559683615188,rutting
135.96870896824353,21.544346900318832,571.4974868972,907.4081253282981,154746.92952387416,56891.859063178534,3054.395187949848,rutting
146.824563163788,21.544346900318832,553.0093852039629,887.7417997982759,161485.78519179748,62755.70787203368,3152.0505325961644,rutting
158.5471577381239,21.544346900318832,534.5039742670938,868.0122673952399,169157.47849419282,69398.86420368208,3267.643651281558,rutting
171.20569396005033,21.544346900318832,516.0377882539284,848.2362796244865,177849.9255416148,76941.87096392199,3402.537376618293,rutting
184.87489818490914,21.544346900318832,497.664047853903,828.4313895606197,187664.46429399322,85525.98693372923,3558.362306779719,rutting
199.63546298206583,21.544346900318832,479.4324455522252,808.6158525188579,198717.50927552764,95317.04998800535,3737.0448400831483,rutting
215.57452348237172,21.544346900318832,461.388992544489,788.8085177992624,211142.47448294767,106510.11062562125,3940.840963753491,rutting
232.78617175760255,21.544346900318832,443.5759229742675,769.0287138263601,225092.0026271538,119334.99782237272,4172.376515903656,rutting
251.37201226837567,21.544346900318832,426.03165057912963,749.2961289132509,240740.5451900401,134063.0147929137,4434.694789611284,rutting
271.4417616594907,21.544346900318832,408.7907724417862,729.6306897434971,258287.34509007615,151015.00590685365,4731.31251855156,rutting
293.11389644342387,21.544346900318832,391.88411434008253,710.0524394942182,277959.8821875958,170571.08963475723,5066.285479123434,rutting
316.51635239540985,21.544346900318832,375.3388121474252,690.5814173273159,300017.85160251515,193182.41833967407,5444.285169126656,rutting
341.78727978880517,21.544346900318832,359.17842382757783,671.237540759529,324757.7560695137,219385.40687938823,5870.688283263057,rutting
369.07585892906616,21.544346900318832,343.42306676835756,652.0404921926171,352518.2065560643,249818.97194673313,6351.681007332544,rutting
398.54318080063774,21.544346900318832,328.08957548258667,633.0096106484497,383686.0403915144,285245.4473337919,6894.380503253268,rutting
430.36319802541544,21.544346900318832,313.19167504876543,614.1637895168016,418703.3835190203,326575.99244988523,7506.9763644311715,rutting
464.7237517465168,21.544346900318832,298.7401660480869,595.5213808925648,458075.80355733144,374901.49943730206,8198.895295449369,rutting
501.8276804993071,21.544346900318832,284.74311716145223,577.1001068612795,502381.72358085064,431530.2368601817,8980.992823204082,rutting
541.8940176155999,21.544346900318832,271.206062006012,558.9169778947223,552283.2934071999,498033.75617809116,9865.776492290172,rutting
585.1592842296022,21.544346900318832,258.1321972045508,540.9882183496483,608538.9463317865,576302.9448972804,10867.665752087985,rutting
631.8788855185242,21.544346900318832,245.52257908465552,523.3291989301914,672017.9053999695,668616.5549106086,12003.294626374003,rutting
682.32861842019,21.544346900318832,233.37631679248918,505.95437588482736,743716.9453419821,777725.0882678116,13291.864292220369,fatigue
736.8062997280774,21.544346900318832,221.69075997451196,488.8772366672332,824779.7652865242,906953.613672756,14755.553912466166,fatigue
795.6335241748048,21.544346900318832,210.46167952762028,472.1102518000295,916519.3846251287,1060327.9513855719,16419.999500565555,fatigue
859.157562882462,21.544346900318832,199.68344024272164,455.6648327404693,1020444.0415258056,1242729.7480086025,18314.85229164298,fatigue
927.7534133867852,21.544346900318832,189.3491644681446,439.5512956536933,1138287.1525596355,1460087.3250303292,20474.43010263277,fatigue
1001.8260133369538,21.544346900318832,179.45088619685006,423.778831143328,1272041.9851241412,1719610.902162561,22938.47755343768,fatigue
1081.8126309390202,21.544346900318832,169.97969523435506,408.35548015804096,1424001.8047815596,2030082.9666995911,25753.05387144396,fatigue
1168.18544625431,21.544346900318832,160.92587133133173,393.28811646968705,1596806.3908928558,2402217.310357833,28971.570413658756,fatigue
1261.454338590822,21.544346900318832,152.27900836440438,378.58243628427135,1793495.970412885,2849103.749727137,32656.004137238833,fatigue
1362.1698964422794,21.544346900318832,144.0281288187864,364.24295568085256,2017573.8067359494,3386759.998642691,36878.31818103645,fatigue
1470.926667743175,21.544346900318832,136.16178896527305,350.2730166557194,2273078.9044374595,4034817.8468577694,41722.12667190548,fatigue
1588.3666696268983,21.544346900318832,128.6681752301719,336.6748025629383,2564670.559294265,4817378.078123047,47284.64806342199,fatigue
1715.1831784058381,21.544346900318832,121.53519232928531,323.44936367504357,2897726.805171335,5764077.898119345,53679.00002175322,fatigue
1852.1248221466276,21.544346900318832,114.75054377628744,310.59665343338014,3278459.1959795076,6911426.644056971,61036.89941941,fatigue
2000.0000000000002,21.544346900318832,108.3018053833637,298.11557571739723,3714046.824568692,8304481.000058218,69511.84377335118,fatigue
100.0,22.854638641349908,621.1901873864952,973.6862876350001,152901.220685343,41493.545638695905,3257.3092039476774,rutting
107.98408271867898,22.854638641349908,604.7639950088059,954.9910992760898,156395.6106551581,45255.9492117849,3281.621959555412,rutting
116.60562120594504,22.854638641349908,588.0202086194396,936.1738859389975,160644.07977929575,49473.14279428573,3322.844216321796,rutting
125.9155104576573,22.854638641349908,571.0229505446417,917.2458639549728,165690.85028198696,54210.56009953538,3381.300560015804,rutting
135.96870896824353,22.854638641349908,553.8350711920054,898.219312834486,171589.65894993138,59544.23187055553,3457.5471517097967,rutting
146.824563163788,22.854638641349908,536.5176383268165,879.1075541377384,178404.582389391,65562.65977290714,3552.3783791837395,rutting
158.5471577381239,22.854638641349908,519.1294898863863,859.9249110477795,186211.03434707227,72369.04771523895,3666.838145710009,rutting
171.20569396005033,22.854638641349908,501.7268519120373,840.6866504963886,195096.95447809075,80083.96303842319,3802.235981194432,rutting
184.87489818490914,22.854638641349908,484.36302158771144,821.4089099208572,205164.2116870906,88848.51542476867,3960.1682729842914,rutting
199.63546298206583,22.854638641349908,467.08811398512387,802.1086108748799,216530.24943500743,98828.16020716589,4142.545032515032,rutting
215.57452348237172,22.854638641349908,449.9488699450467,782.8033617870345,229330.0052811313,110217.25578680939,4351.622742229284,rutting
232.78617175760255,22.854638641349908,432.98852157850934,763.5113521643935,243718.14251962063,123244.53306381335,4590.043968000024,rutting
251.37201226837567,22.854638641349908,416.2467111466955,744.2512404859377,259871.63818909807,138179.66934156395,4860.884579079648,rutting
271.4417616594907,22.854638641349908,399.75945856256067,725.0420379296257,277992.7791192739,155341.201559686,5167.709594224894,rutting
293.11389644342387,22.854638641349908,383.5591724330925,705.902989936818,298312.62618642615,175106.06576982586,5514.63887344158,rutting
316.51635239540985,22.854638641349908,367.6746994070503,686.8534574461632,321095.0167604428,197921.11375812904,5906.424104653078,rutting
341.78727978880517,22.854638641349908,352.13140658491716,667.9127994334204,346641.1866477571,224317.03644846307,6348.538799112827,rutting
369.07585892906616,22.854638641349908,336.95129186067606,649.1002581807711,375295.1059066492,254925.220682717,6847.28331497429,rutting
398.54318080063774,22.854638641349908,322.1531172743809,630.4348484755859,407449.63801089674,290498.18551401846,7409.907282509049,rutting
430.36319802541544,22.854638641349908,307.75256073719663,611.9352517107394,443553.64928574854,331934.39168319764,8044.752215625725,rutting
464.7237517465168,22.854638641349908,293.7623818256308,593.6197156330909,484120.21571083134,380308.40024779923,8761.417572632778,rutting
501.8276804993071,22.854638641349908,280.192597710825,575.5059602706867,529736.0975158885,436907.58187517145,9570.95408639734,rutting
541.8940176155999,22.854638641349908,267.0506656765803,557.6110903697767,581072.679004235,503276.8577455797,10486.088834128988,rutting
585.1592842296022,22.854638641349908,254.341669073932,539.9515144976435,638898.602338938,581273.2997497641,11521.487276546148,rutting
631.8788855185242,22.854638641349908,242.068503950893,522.5428708237896,704094.3603532775,673132.8486540607,12694.05838506239,rutting
682.32861842019,22.854638641349908,230.2320639765631,505.39995948727613,777669.1556850084,781551.9456231339,14023.31001783701,fatigue
736.8062997280774,22.854638641349908,218.83142164421741,488.5366813974613,860780.3827580909,909787.5422484487,15531.762930200739,fatigue
795.6335241748048,22.854638641349908,207.8640040851421,471.96598330264686,954756.1466556974,1061779.7918719433,17245.433247635352,fatigue
859.157562882462,22.854638641349908,197.325762151906,455.69980899681707,1061121.30034738,1242302.7751044864,19194.3949337255,fatigue
927.7534133867852,22.854638641349908,187.21133173519658,439.7490566158591,1181627.5610167345,1457149.9322327515,21413.435804889763,fatigue
1001.8260133369538,22.854638641349908,177.5141865613436,424.1235420943389,1318288.3597933974,1713362.5383003026,23942.823044216962,fatigue
1081.8126309390202,22.854638641349908,168.22678197715967,408.8319690009177,1473419.1899757204,2019511.6579655597,26829.1970296823,fatigue
1168.18544625431,22.854638641349908,159.34068946346858,393.88190512985585,1649684.3504407718,2386046.679425765,30126.615717465742,fatigue
1261.454338590822,22.854638641349908,150.84672182704048,379.27976637983573,1850151.1377577991,2825726.908458489,33897.77593196646,fatigue
1362.1698964422794,22.854638641349908,142.73504920076275,365.03080857999373,2078352.7278522581,3354157.0106007713,38215.44286096781,fatigue
1470.926667743175,22.854638641349908,134.99530613187557,351.13912800720885,2338361.212290292,3990452.5883466983,43164.12502098017,fatigue
1588.3666696268983,22.854638641349908,127.61669015635697,337.60767136100776,2634872.5230038157,4758069.217128927,48842.03916741384,fatigue
1715.1831784058381,22.854638641349908,120.58805234314057,324.43825590958767,2973305.301631299,5685837.28825911,55363.41834708924,fatigue
1852.1248221466276,22.854638641349908,113.89798034463766,311.6316003845836,3359916.1563522513,6809256.60295946,62861.226852439126,fatigue
2000.0000000000002,22.854638641349908,107.53487451126041,299.18736698260597,3801934.212775342,8172119.588193186,71490.3586283987,fatigue
100.0,24.244620170823282,598.4695240304072,961.5068019888794,172849.33588303215,43899.03075313535,3773.6976518255183,rutting
107.98408271867898,24.244620170823282,583.3746507656804,943.3766208187543,176072.06060947347,47804.35002478477,3783.0981882442093,rutting
116.60562120594504,24.244620170823282,567.9194206793763,925.1246109308884,180126.2592073752,52174.00809084398,3812.104054676709,rutting
125.9155104576573,24.244620170823282,552.1654677386449,906.7604384213532,185052.74339013526,57074.017402596175,3860.825543484428,rutting
135.96870896824353,24.244620170823282,536.1736554132136,888.2948141586131,190902.61514707527,62580.985083297615,3929.642403811719,rutting
146.824563163788,24.244620170823282,520.0035455886763,869.7394924735959,197738.03490111427,68783.97103487824,4019.2060231912164,rutting
158.5471577381239,24.244620170823282,503.712925570444,851.1072495267232,205633.17241919294,75786.69813259762,4130.447024505982,rutting
171.20569396005033,24.244620170823282,487.35739592426734,832.4118429187895,214675.35887836534,83710.18550953317,4264.588352876226,rutting
184.87489818490914,24.244620170823282,470.9900202662741,813.6679544013591,224966.4623765259,92695.89097110521,4423.164057950203,rutting
199.63546298206583,24.244620170823282,454.6610366540646,794.8911177455709,236624.51357564054,102909.46694271216,4608.044111756477,rutting
215.57452348237172,24.244620170823282,438.4176289651236,776.0976339523982,249785.61316467985,114545.25680108255,4821.465744011434,rutting
232.78617175760255,24.244620170823282,422.30375559282885,757.3044760404202,264606.1585315127,127831.6859104938,5066.071929073616,rutting
251.37201226837567,24.244620170823282,406.36003194677954,738.5291856378487,281265.4335563858,143037.73533781088,5344.957825368465,rutting
271.4417616594907,24.244620170823282,390.6236626072873,719.7897635428632,299968.6129216166,160480.7274889522,5661.726153206061,rutting
293.11389644342387,24.244620170823282,375.1284185412096,701.1045563090148,320950.2409307916,180535.70356850367,6020.552705048749,rutting
316.51635239540985,24.244620170823282,359.90465452002576,682.4921407688569,344478.25472841813,203646.73501292765,6426.263418577247,rutting
341.78727978880517,24.244620170823282,344.9793617700232,663.9712082367655,370858.6332174374,230340.58761489912,6884.424713138465,rutting
369.07585892906616,24.244620170823282,330.37625090561954,645.5604499383339,400440.7661292493,261243.25133239783,7401.4491009316835,rutting
398.54318080063774,24.244620170823282,316.1158603266206,627.2784450056112,433623.65288870543,297099.96498119377,7984.718443180758,rutting
430.36319802541544,24.244620170823282,302.2156854758217,609.143552161357,470863.0584588589,338799.5084053497,8642.727637303404,rutting
464.7237517465168,24.244620170823282,288.6903246333971,591.1738059981842,512679.77362488216,387403.7118822259,9385.252003927908,rutting
501.8276804993071,24.244620170823282,275.5516372499705,573.386818546737,559669.1506251494,444183.35168152786,10223.542204466588,rutting
541.8940176155999,24.244620170823282,262.8089111745625,555.7996866280728,612512.1121809796,510661.8722039415,11170.551174938455,rutting
585.1592842296022,24.244620170823282,250.4690355030791,538.4289053065875,671987.8634325591,588668.7119974297,12241.1983265868,rutting
631.8788855185242,24.244620170823282,238.5366761466381,521.2902876083966,738988.5727958529,680404.4296394755,13452.677158609704,rutting
682.32861842019,24.244620170823282,227.01445158849828,504.3988905530192,814536.3302023413,788520.3468265604,14824.813477147156,rutting
736.8062997280774,24.244620170823282,215.90310665747265,487.7689474693217,899802.7406472178,916216.0765255226,16380.482646821878,fatigue
795.6335241748048,24.244620170823282,205.20168249028504,471.41380653409516,996131.5687625996,1067359.117503668,18146.09575227013,fatigue
859.157562882462,24.244620170823282,194.90768118243207,455.34587548482875,1105064.9178529666,1246631.7161834128,20152.166260906204,fatigue
927.7534133867852,24.244620170823282,185.01722393486335,439.57657251563006,1228373.5064421662,1459711.4779963829,22433.970808267382,fatigue
1001.8260133369538,24.244620170823282,175.52520179072172,424.11628346122706,1368091.6992892732,1713493.8245316783,25032.32013969273,fatigue
1081.8126309390202,24.244620170823282,166.4254183211926,408.97432549917073,1526558.060976983,2016366.43167216,27994.459118066123,fatigue
1168.18544625431,24.244620170823282,157.71072386080002,394.15891774144666,1706462.3321527205,2378548.366264785,31375.11814687896,fatigue
1261.454338590822,24.244620170823282,149.37314110858807,379.6771592271662,1910899.8856782147,2812509.9181939773,35237.74248373861,fatigue
1362.1698964422794,24.244620170823282,141.40398210073326,365.53501494965866,2143434.90760506,3333493.299865278,39655.93088203096,fatigue
1470.926667743175,24.244620170823282,133.79395672032385,351.7373106350633,2408173.77240887,3960159.713898174,44715.12098128316,fatigue
1588.3666696268983,24.244620170823282,126.53327303966766,338.28773701822934,2709850.3509028032,4715395.1068548085,50514.566092938905,fatigue
1715.1831784058381,24.244620170823282,119.61172988835332,325.1888643210972,3053925.3117840094,5627315.666560252,57169.65676786085,fatigue
1852.1248221466276,24.244620170823282,113.01880210607727,312.44216751973306,3446701.8645763174,6730525.347431596,64814.651110452425,fatigue
2000.0000000000002,24.244620170823282,106.74371897370112,300.04806278605594,3895460.855457798,8067692.155816489,73605.89061280862,fatigue
100.0,25.719138090593443,575.9133024796961,948.6480708246773,196145.26053065804,46626.51904321524,4391.968592482344,rutting
107.98408271867898,25.719138090593443,562.106955319425,931.0763277402283,198961.77753303834,50697.381684647225,4380.691396030934,rutting
116.60562120594504,25.719138090593443,547.9023119884063,913.3844168159136,202704.13827630033,55244.17517633942,4392.456293645197,rutting
125.9155104576573,25.719138090593443,533.3582474460322,895.5805171833954,207408.15408324837,60333.732113436585,4427.071498906907,rutting
135.96870896824353,25.719138090593443,518.533351326399,877.6738161714427,213120.91955220472,66043.51416823696,4484.665708131517,rutting
146.824563163788,25.719138090593443,503.4853824200299,859.6745279438775,219901.49711654123,72463.46050094954,4565.683846688811,rutting
158.5471577381239,25.719138090593443,488.27077524862347,841.59389109806,227821.7987531878,79698.18402191282,4670.889329833128,rutting
171.20569396005033,25.719138090593443,472.944202586257,823.4441464679696,236967.68178263947,87869.585294883,4801.372749501772,rutting
184.87489818490914,25.719138090593443,457.5581961337319,805.23849672448,247440.27979359523,97119.96858515324,4958.567056872966,rutting
199.63546298206583,25.719138090593443,442.16282604393086,786.9910496270173,259357.59431171746,107615.76251216509,5144.26946836279,rutting
215.57452348237172,25.719138090593443,426.80543865672905,768.716746960158,272856.3780024008,119551.96970385192,5360.670484122382,rutting
232.78617175760255,25.719138090593443,411.5304506524609,750.431281292726,288094.34605530725,133157.49668241956,5610.3905770356605,rutting
251.37201226837567,25.719138090593443,396.37919688310365,732.1510027338303,305252.7590638872,148701.54806660852,5896.5252909771925,rutting
271.4417616594907,25.719138090593443,381.3898283907264,713.8928178384475,324539.4283251358,166501.30944880628,6222.699684222719,rutting
293.11389644342387,25.719138090593443,366.59725656622385,695.6740827437185,346192.20320359257,186931.19272319498,6593.133272349414,rutting
316.51635239540985,25.719138090593443,352.0331390245888,677.5124925043609,370483.0102134815,210433.97834344028,7012.716870157133,rutting
341.78727978880517,25.719138090593443,337.7259025582343,659.4259684496287,397722.52498626936,237534.26363049963,7487.103010152824,rutting
369.07585892906616,25.719138090593443,323.70079845657324,641.4325452127199,428265.5715525249,268854.71813241014,8022.811932813107,rutting
398.54318080063774,25.719138090593443,309.9799855262031,623.5502588933614,462517.35865956015,305135.7602655121,8627.355508977358,rutting
430.36319802541544,25.719138090593443,296.5826362895802,605.7970376126065,500940.6804973501,347259.40916128154,9309.381876289755,rutting
464.7237517465168,25.719138090593443,283.52506205968757,588.1905955120837,544064.2295961534,396278.2382044662,10078.84406000415,rutting
501.8276804993071,25.719138090593443,270.8208528644379,570.7483310452085,592492.1932358028,453450.5701908022,10947.196415823877,rutting
541.8940176155999,25.719138090593443,258.4810285099935,553.4872302118963,646915.3319939505,520283.3184207368,11927.623393058537,rutting
585.1592842296022,25.719138090593443,246.51419741199408,536.4237752085054,708123.7706808157,598584.2060508805,13035.305887176675,rutting
631.8788855185242,25.719138090593443,234.92672017565152,519.5738588081111,777021.7686036018,690525.5036507206,14287.73135203506,rutting
682.32861842019,25.719138090593443,223.72287526006605,502.9527046596841,854644.7787674944,798721.9324299017,15705.05489799499,rutting
736.8062997280774,25.719138090593443,212.90502441159865,486.5747936042799,942179.1553310163,926326.0137703468,17310.519842212947,rutting
795.6335241748048,25.719138090593443,202.47377589027383,470.4537960564621,1040984.9267040993,1077144.9373512398,19130.947637438123,fatigue
859.157562882462,25.719138090593443,192.4281438381596,454.6025104922081,1152622.1197090524,1255784.0122698946,21197.308829447295,fatigue
927.7534133867852,25.719138090593443,182.76570244679823,439.0328081198076,1278881.2001770944,1467823.0119562938,23545.38873451452,fatigue
1001.8260133369538,25.719138090593443,173.48273387000714,423.7555838837578,1421818.2896257616,1720033.2935315936,26216.563953101413,fatigue
1081.8126309390202,25.719138090593443,164.57436909713283,408.78071405546785,1583795.9291889006,2020645.5546995143,29258.708725491088,fatigue
1168.18544625431,25.719138090593443,156.034721248437,394.1170207870196,1767530.2943338903,2379680.6013468984,32727.253589318752,fatigue
1261.454338590822,25.719138090593443,147.8570109770873,379.7722441305692,1976145.921453763,2809358.6855519996,36686.42294049227,fatigue
1362.1698964422794,25.719138090593443,140.03368385926484,365.75302213887613,2213239.1954402323,3324607.029325198,41210.68307809346,fatigue
1470.926667743175,25.719138090593443,132.55651982335146,352.0648797440398,2482952.072176532,3943690.3238898315,46386.438313783416,fatigue
1588.3666696268983,25.719138090593443,125.41673480922475,338.7122271444329,2790057.7791439467,4688995.611695234,52314.01996989962,fatigue
1715.1831784058381,25.719138090593443,118.60507495805123,325.6983683994845,3140060.5600721813,5588011.439348444,59110.02184773162,fatigue
1852.1248221466276,25.719138090593443,112.11190371105542,313.0255208280622,3539311.916506893,6674552.060771446,66910.04634381534,fatigue
2000.0000000000002,25.719138090593443,105.92728224291989,300.69484562442295,3995146.262957119,7990291.481380565,75871.93821847533,fatigue
100.0,27.28333376486768,553.5492726347226,935.1595327019821,223452.76637178764,49713.844423213624,5135.570861691746,rutting
107.98408271867898,27.28333376486768,540.9869841114779,918.1378509330121,225686.73533830975,53975.17006961697,5095.963611675709,rutting
116.60562120594504,27.28333376486768,527.9932152834873,900.99900965034,228962.70788603486,58726.199930274066,5083.818228989206,rutting
125.9155104576573,27.28333376486768,514.6238434200947,883.7497805675649,233309.34316534793,64034.83434226706,5098.519699802651,rutting
135.96870896824353,27.28333376486768,500.9349255466105,866.3978895419204,238767.87044077073,69979.6740824432,5139.842857953877,rutting
146.824563163788,27.28333376486768,486.98214442970607,848.9520549782043,245392.6529304921,76651.86507915937,5207.938881349302,rutting
158.5471577381239,27.28333376486768,472.8203002025846,831.4220048052845,253251.96844288564,84157.28779460954,5303.3298690992215,rutting
171.20569396005033,27.28333376486768,458.5028525135424,813.8184729108432,262429.02159136,92619.16007007443,5426.911169428815,rutting
184.87489818490914,27.28333376486768,444.0815164497189,796.1531763259735,273023.2067558182,102181.1366618372,5579.961327548302,rutting
199.63546298206583,27.28333376486768,429.60591395766517,778.4387747704277,285151.6458145124,113011.00629949995,5764.159714905142,rutting
215.57452348237172,27.28333376486768,415.1232810915585,760.6888144043472,298951.0300838953,125305.10859301052,5981.612091525166,rutting
232.78617175760255,27.28333376486768,400.67823019550065,742.9176577887565,314579.8019813445,139293.61939058686,6234.884546409732,rutting
251.37201226837567,27.28333376486768,386.31256508481346,725.1404021420598,332220.71878897026,155246.8853471619,6527.046462211823,rutting
271.4417616594907,27.28333376486768,372.06514643955614,707.3727880013743,352083.84868743236,173483.02786235837,6861.723364858518,rutting
293.11389644342387,27.28333376486768,357.9718039600734,689.6311003645015,374410.05810983706,194377.08487202626,7243.160751915283,rutting
316.51635239540985,27.28333376486768,344.06529135081655,671.9320643090467,399475.05962471355,218372.01831488314,7676.300251211367,rutting
341.78727978880517,27.28333376486768,330.3752798812143,654.2927369681966,427594.10120912653,245991.98803482414,8166.869750039337,rutting
369.07585892906616,27.28333376486768,316.92838610334763,636.7303975955751,459127.3911664755,277858.382637888,8721.489462312471,rutting
398.54318080063774,27.28333376486768,303.7482292658033,619.2624372819927,494486.368364563,314709.2084056053,9347.796274522312,rutting
430.36319802541544,27.28333376486768,290.8555140304409,601.9062497017935,534140.9452497644,357422.57376787026,10054.589140440832,rutting
464.7237517465168,27.28333376486768,278.26813425326253,584.6791240727829,578627.8716178505,407045.1752993007,10851.998789905978,rutting
501.8276804993071,27.28333376486768,266.001293812462,567.5981413182186,628560.3908417831,464826.89953915495,11751.68559110036,rutting
541.8940176155999,27.28333376486768,254.06764073816595,550.6800742289571,684639.3877012798,532262.9129596835,12767.070072994813,rutting
585.1592842296022,27.28333376486768,242.47741120363563,533.9412922456069,747666.2587549275,611144.9324756354,13913.601392234335,rutting
631.8788855185242,27.28333376486768,231.23858026342361,517.3976713214481,818557.7730904607,703623.7665969515,15209.069937131657,rutting
682.32861842019,27.28333376486768,220.35701655928477,501.0645091936192,898363.2341789427,812285.7124310201,16673.97132511918,rutting
736.8062997280774,27.28333376486768,209.83663855091692,484.956446288852,988284.3035268364,940246.0113311103,18331.930298613348,rutting
795.6335241748048,27.28333376486768,199.67957015934775,469.08739242552065,1089697.9051801332,1091263.3380337467,20210.194493741466,fatigue
859.157562882462,27.28333376486768,189.88629403108462,453.4704594489652,1204182.698489535,1269880.2654830925,22340.209790716053,fatigue
927.7534133867852,27.28333376486768,180.45580093757695,438.117899952341,1333549.686851439,1481595.8625573923,24758.2910076137,fatigue
1001.8260133369538,27.28333376486768,171.38573411436894,423.0410522875994,1479877.6247919574,1733078.111856652,27506.404137055342,fatigue
1081.8126309390202,27.28333376486768,162.67252761554565,408.2502921544934,1645553.9976858816,2032425.76620174,30633.079229011095,fatigue
1168.18544625431,27.28333376486768,154.3115380097373,393.75499115948617,1833322.4811715973,2389491.707312507,34194.47649254995,fatigue
1261.454338590822,27.28333376486768,146.297168972223,379.56348284790613,2046337.9452782252,2816282.972763017,38255.63234734912,fatigue
1362.1698964422794,27.28333376486768,138.62298853163617,365.6830368158365,2288230.2566807396,3327456.564789473,42891.91715219809,fatigue
1470.926667743175,27.28333376486768,131.28183890744273,352.1198415858676,2563178.357678736,3940935.1892408654,48190.742355705224,fatigue
1588.3666696268983,27.28333376486768,124.26593902395729,338.8789969661113,2875996.3700448847,4678673.509330506,54253.56207656457,fatigue
1715.1831784058381,27.28333376486768,117.56697990667905,325.96451658991253,3232233.794857728,5567613.745010084,61198.22289679255,fatigue
1852.1248221466276,27.28333376486768,111.17621325638366,313.3793412433197,3638292.2665372537,6640880.034865253,69161.72626657077,fatigue
2000.0000000000002,27.28333376486768,105.08453355572168,301.1253634225013,4101561.7831799043,7939274.5923178615,78303.48076472073,fatigue
100.0,28.942661247167504,531.405185783558,921.0920146674184,255585.84554364745,53204.46043227408,6034.065244913143,rutting
107.98408271867898,28.942661247167504,520.0409830556661,904.6103872019426,257006.55605394967,57683.84503311936,5955.964759641375,rutting
116.60562120594504,28.942661247167504,508.216778562267,888.0158259500415,259613.55856775402,62669.05586150853,5911.057104844903,rutting
125.9155104576573,28.942661247167504,495.9852462029838,871.3137895640033,263425.44506626244,68229.31702169417,5898.136395122215,rutting
135.96870896824353,28.942661247167504,483.3996810860276,854.5106202819109,268475.06408887403,74444.66189707362,5916.481676847579,rutting
146.824563163788,28.942661247167504,470.51344287459517,837.6136016058375,274809.91168729955,81407.78012995177,5965.8301272702065,rutting
158.5471577381239,28.942661247167504,457.37943796605356,820.630994506944,282492.7663087049,89226.20710801933,6046.360583565469,rutting
171.20569396005033,28.942661247167504,444.0496463233756,803.572052653817,291602.5791997054,98024.92395764064,6158.686713470064,rutting
184.87489818490914,28.942661247167504,430.57469718962784,786.4470176203527,302235.6367445111,107949.45024385155,6303.8593994795365,rutting
199.63546298206583,28.942661247167504,417.0034963912134,769.2670954043027,314507.01639767585,119169.52888128496,6483.378152073609,rutting
215.57452348237172,28.942661247167504,403.38290651713487,752.0444158779023,328552.3636366096,131883.52387502792,6699.211600586646,rutting
232.78617175760255,28.942661247167504,389.757479982624,734.7919770014536,344530.02374996286,146323.67730660364,6953.8273394627495,rutting
251.37201226837567,28.942661247167504,376.1692438690007,717.5235757652624,362623.5694210819,162762.403533355,7250.2316389059315,rutting
271.4417616594907,28.942661247167504,362.6575344906319,700.2537278922599,383044.77310640726,181519.83720910703,7592.019768549452,rutting
293.11389644342387,28.942661247167504,349.25887887870726,682.9975783412638,406037.08231386216,202972.89910558876,7983.43793705973,rutting
316.51635239540985,28.942661247167504,336.00691978697813,665.770804607559,431879.6662473481,227566.20185690856,8429.458126188274,rutting
341.78727978880517,28.942661247167504,322.93238040716227,648.589514731716,460892.11412026366,255825.18919364625,8935.867401780964,rutting
369.07585892906616,28.942661247167504,310.06306471738736,631.47014180749,493439.87900563737,288371.990123061,9509.373624366972,rutting
398.54318080063774,28.942661247167504,297.4238892584812,614.429336632772,529940.5766741108,325944.57776152785,10157.72986675533,rutting
430.36319802541544,28.942661247167504,285.03694212112566,597.4838599814354,570871.2668094205,369419.9560148127,10889.880285204033,rutting
464.7237517465168,28.942661247167504,272.92156501209774,580.6504757953874,616776.8646748464,419842.2621297624,11716.13069520745,rutting
501.8276804993071,28.942661247167504,261.0944544307983,563.9458464121792,668279.8551886226,478456.8769445549,12648.34768546684,rutting
541.8940176155999,28.942661247167504,249.56977820989533,547.386430761046,726091.508986547,546751.8870315271,13700.19077897659,rutting
585.1592842296022,28.942661247167504,238.35930393980973,530.9883862860121,791024.8320383948,626508.5559256688,14887.382935809224,rutting
631.8788855185242,28.942661247167504,227.47253609178165,514.7674751956705,864009.5174931255,719862.8504969899,16228.025608798278,rutting
682.32861842019,28.942661247167504,216.91685896632197,498.7389755020371,946109.2115581003,829380.5525421556,17742.965635673918,rutting
736.8062997280774,28.942661247167504,206.69768291330047,482.9175972015134,1038541.4554557155,958149.0893296866,19456.222509133462,rutting
795.6335241748048,28.942661247167504,196.8185915890802,467.3174038746069,1142700.7241639735,1109889.9713223537,21395.486046014797,rutting
859.157562882462,28.942661247167504,187.28148832910063,451.95173994096575,1260185.0513384524,1289096.6704592858,23592.69622229056,fatigue
927.7534133867852,28.942661247167504,178.08674001677176,436.8331638036636,1392826.810487703,1501203.9592369494,26084.719005963372,fatigue
1001.8260133369538,28.942661247167504,169.23331711811562,421.9733871497993,1542728.317522804,1752796.2249124555,28914.134471306064,fatigue
1081.8126309390202,28.942661247167504,160.7189288236753,407.3832207382788,1712303.032144386,2051864.158814784,32130.15639653031,fatigue
1168.18544625431,28.942661247167504,152.54015249257426,393.0725270916903,1904323.2687278574,2408121.606786283,35789.70603270449,fatigue
1261.454338590822,28.942661247167504,144.69255682617586,379.05018060564583,2121975.485749366,2833397.3937670016,39958.66690701652,fatigue
1362.1698964422794,28.942661247167504,137.170818408532,365.3240356814516,2368924.411604124,3342120.785387285,44713.35253815943,fatigue
1470.926667743175,28.942661247167504,129.9688314356982,351.90090356036865,2649387.49022421,3951924.157827984,50142.22497860778,fatigue
1588.3666696268983,28.942661247167504,123.07981061412328,338.78653857371364,2968221.3997806255,4684392.719777454,56347.909380287936,fatigue
1715.1831784058381,28.942661247167504,116.49638733813433,325.98563450773554,3331022.720985302,5565999.163723834,63449.55857607493,fatigue
1852.1248221466276,28.942661247167504,110.21069935696248,313.5018317036472,3744245.218803619,6629271.433205245,71585.6323048612,fatigue
2000.0000000000002,28.942661247167504,104.21447421258821,301.33773536416516,4215336.665379853,7914255.047333712,80917.16857350983,fatigue
100.0,30.702906297578497,509.50861853203776,906.4972962395686,293546.8113161131,57148.22846756805,7124.898533877409,rutting
107.98408271867898,30.702906297578497,499.29520417363676,890.5442740834696,293852.6835675814,61876.38143195805,6994.789838688565,rutting
116.60562120594504,30.702906297578497,488.59781332020157,874.4836206214136,295525.6470393541,67129.03168592427,6905.363152013296,rutting
125.9155104576573,30.702906297578497,477.4657444970274,858.3195889145815,298570.2713102849,72976.9938864601,6854.589001772193,rutting
135.96870896824353,30.702906297578497,465.9493320735005,842.0572297857215,303007.61540540017,79502.03912293258,6841.054189170356,rutting
146.824563163788,30.702906297578497,454.0993926698652,825.7024679765267,308875.37229686946,86798.75016657286,6863.915844330642,rutting
158.5471577381239,30.702906297578497,441.9667033429401,809.2621571363748,316228.295194747,94976.71804996493,6922.86906548027,rutting
171.20569396005033,30.702906297578497,429.6015181968949,792.7441137241572,325138.9125123661,104163.1473807917,7018.126919117688,rutting
184.87489818490914,30.702906297578497,417.0531285465827,776.1571304140301,335698.54385733715,114505.95179980787,7150.41193142307,rutting
199.63546298206583,30.702906297578497,404.36947026717746,759.5109700234351,348018.6352222592,126177.43804751174,7320.9585216857095,rutting
215.57452348237172,30.702906297578497,391.5967805420844,742.81634132585,362232.4378261904,139378.69789921187,7531.526125756266,rutting
232.78617175760255,30.702906297578497,378.7793049093423,726.0848583729753,378497.061902555,154344.852617637,7784.423039945841,rutting
251.37201226837567,30.702906297578497,365.95905433358786,709.3289851359013,396995.94427349314,171351.32560957794,8082.541291401647,rutting
271.4417616594907,30.702906297578497,353.1756110151761,692.5619673885037,417941.77694599365,190721.3569607126,8429.403117525839,rutting
293.11389644342387,30.702906297578497,340.4659808003551,675.797753806483,441579.9533845456,212835.02007241873,8829.219922110793,rutting
316.51635239540985,30.702906297578497,327.86448937856903,659.0509082502847,468192.5997558575,238140.0577329765,9286.964877265335,rutting
341.78727978880517,30.702906297578497,315.4027189402904,642.3365151479164,498103.27052903216,267164.92510099453,9808.460665914512,rutting
369.07585892906616,30.702906297578497,303.1094816111004,625.6700798027447,531682.4016076358,300534.5133400181,10400.484218175137,rutting
398.54318080063774,30.702906297578497,291.0108257608819,609.0674253295033,569353.6299648548,338989.1338526675,11070.890695469781,rutting
430.36319802541544,30.702906297578497,279.13007119409485,592.544587776651,611601.1068915387,383407.4739989957,11828.75942906287,rutting
464.7237517465168,30.702906297578497,267.48786923999376,576.1177108319789,658977.9528453569,434834.3968183699,12684.565036277183,rutting
501.8276804993071,30.702906297578497,256.10228386174623,559.8029413381098,712116.0259693793,494514.6570841432,13650.377531118786,rutting
541.8940176155999,30.702906297578497,244.98889007284248,543.6163266720307,771737.2041709115,563933.8533917698,14740.095931596725,rutting
585.1592842296022,30.702906297578497,234.16088617125968,527.5737148749215,838666.4128548211,644868.2427261757,15969.720661457532,rutting
631.8788855185242,30.702906297578497,223.62921656167842,511.6906582619817,913846.6677482035,739445.424980242,17357.67097038503,rutting
682.32861842019,30.702906297578497,213.40270222080397,495.98232110325114,998356.445641328,850218.3790698773,18925.154678993906,rutting
736.8062997280774,30.702906297578497,203.48817615969935,480.46339185166886,1093429.746395202,980255.9235599092,20696.59882330198,rutting
795.6335241748048,30.702906297578497,193.89062154135513,465.14800030888534,1200479.268548238,1133253.4135667915,22700.151264213604,rutting
859.157562882462,30.702906297578497,184.6133104145618,450.04964006657,1321123.1898984946,1313668.4110622532,24968.26508521397,rutting
927.7534133867852,30.702906297578497,175.65794132128244,435.1810965427575,1457216.125498356,1526887.2274008277,27538.379680064907,fatigue
1001.8260133369538,30.702906297578497,167.02477432000242,420.55438094854446,1610884.9309630627,1779429.698896476,30453.714898126236,fatigue
1081.8126309390202,30.702906297578497,158.71276223880494,406.1806705662643,1784570.1317759054,2079201.400874411,33764.197549319055,fatigue
1168.18544625431,30.702906297578497,150.71967722652258,392.0702557891757,1981073.8929226205,2435804.8389194985,37527.543073513654,fatigue
1261.454338590822,30.702906297578497,143.04223190589295,378.2324944543056,2203615.602022538,2860924.1150654135,41810.519372626644,fatigue
1362.1698964422794,30.702906297578497,135.67619464701323,364.6757740814728,2455896.3283719514,3368801.328670909,46690.42483767016,fatigue
1470.926667743175,30.702906297578497,128.61649867042564,351.4074826976932,2742173.6462778,3976827.766281465,52256.818660101024,fatigue
1588.3666696268983,30.702906297578497,121.85734485484568,338.43398896147426,3067348.5812974945,4706279.059510571,58613.54881931019,fatigue
1715.1831784058381,30.702906297578497,115.39229826323457,325.76063229127504,3437066.7615271383,5583231.331084439,65881.13195514439,fatigue
1852.1248221466276,30.702906297578497,109.2143785113009,313.39172363418584,3857836.2435981655,6639705.408123973,74199.54999104266,fatigue
2000.0000000000002,30.702906297578497,103.31614418417652,301.33055737646686,4337164.947176268,7915099.109931847,83731.5412604257,fatigue
100.0,32.57020655659783,487.88679712305844,891.4276798759115,338575.10560777475,61602.326343087545,8455.744862856654,rutting
107.98408271867898,32.57020655659783,478.77573977299267,875.9905678165907,337371.96235260845,66613.56911103692,8255.623179205397,rutting
116.60562120594504,32.57020655659783,469.1611397597116,860.4520548539227,337764.3555738406,72170.76730035903,8106.042760579799,rutting
125.9155104576573,32.57020655659783,459.08878220535706,844.8153071507683,339737.4540759402,78346.60614225996,8003.826356225762,rutting
135.96870896824353,32.57020655659783,448.6058730946166,829.084189018462,343295.9003176927,85224.91391538514,7946.59571352418,rutting
146.824563163788,32.57020655659783,437.7604942065472,813.2633564670455,348463.60429324006,92902.53156831968,7932.698005175908,rutting
158.5471577381239,32.57020655659783,426.6010826342337,797.358330243327,355283.87253635994,101491.52346124056,7961.1505791500285,rutting
171.20569396005033,32.57020655659783,415.175942243491,781.3755480047079,363819.8721739801,111121.7962241881,8031.602008872782,rutting
184.87489818490914,32.57020655659783,403.53279299816757,765.322395828996,374155.43638660864,121944.20658122512,8144.30791477006,rutting
199.63546298206583,32.57020655659783,391.7183626424684,749.2072197365216,386396.2243126783,134134.2558425543,8300.120465407916,rutting
215.57452348237172,32.57020655659783,379.7780238299576,733.0393182963043,400671.2554658991,147896.48930015363,8500.490860201397,rutting
232.78617175760255,32.57020655659783,367.75547846662306,716.828917701985,417134.846243152,163469.7438149765,8747.484457875124,rutting
251.37201226837567,32.57020655659783,355.69248982525284,700.5871309383912,435968.9842266229,181133.41748985223,9043.808556458705,rutting
271.4417616594907,32.57020655659783,343.6286619148366,684.3259028209238,457386.184889076,201214.97276052582,9392.853161757117,rutting
293.11389644342387,32.57020655659783,331.60126466756606,668.0579427840956,481632.88517747633,224098.93008975833,9798.745411612215,rutting
316.51635239540985,32.57020655659783,319.64510274464413,651.7966473302145,508993.43948422564,250237.6656759231,10266.418662291464,rutting
341.78727978880517,32.57020655659783,307.79242516077466,635.5560140325362,539794.795950974,280164.3956196394,10801.697600422596,rutting
369.07585892906616,32.57020655659783,296.07287247994606,619.3505489274443,574411.9451538371,314508.81385090743,11411.401128726426,rutting
398.54318080063774,32.57020655659783,284.5134580312795,603.1951690354078,613274.249295208,354015.95556535095,12103.46519660272,rutting
430.36319802541544,32.57020655659783,273.1385794191621,587.1051016283803,656872.7784258288,399568.98664023285,12887.088218446735,rutting
464.7237517465168,32.57020655659783,261.970056540304,571.0957817193822,705768.8013451422,452216.778356922,13772.902255628505,rutting
501.8276804993071,32.57020655659783,251.0271923544635,555.1827490953095,760603.6031469844,513207.32308164693,14773.173746096842,rutting
541.8940176155999,32.57020655659783,240.32685276796832,539.3815460535695,822109.8294399811,584028.289556613,15902.038264315333,rutting
585.1592842296022,32.57020655659783,229.8835621632523,523.7076168436779,891124.5897226968,666456.3177128154,17175.774601947065,rutting
631.8788855185242,32.57020655659783,219.70961132809884,508.1762096630533,968604.5899982295,762617.0270497266,18613.124397831747,rutting
682.32861842019,32.57020655659783,209.8151747916277,492.80228191848124,1055643.6083841317,875058.1781264415,20235.66463977485,rutting
736.8062997280774,32.57020655659783,200.2084348486024,477.60040934696457,1153492.6783082883,1006839.0070375717,22068.241640959983,rutting
795.6335241748048,32.57020655659783,190.89570983971274,462.5846994972646,1263583.4032040548,1161639.4777629303,24139.47659713683,rutting
859.157562882462,32.57020655659783,181.88158454525467,447.7687100103915,1387554.896035245,1343894.1050861788,26482.354601697138,rutting
927.7534133867852,32.57020655659783,173.1690408368824,433.16537210596186,1527284.918449128,1558956.140132756,29134.911088671655,fatigue
1001.8260133369538,32.57020655659783,164.75958701197146,418.7869196818106,1684925.8902577441,1813299.3440339435,32141.032155015877,fatigue
1081.8126309390202,32.57020655659783,156.653384503775,404.6448244636999,1862946.5531919985,2114766.383222625,35551.38816472319,fatigue
1168.18544625431,32.57020655659783,148.84937091483997,390.7497376948304,2064180.2070014428,2472875.166061719,39424.52355814354,fatigue
1261.454338590822,32.57020655659783,141.34537855840392,377.1114389221501,2291880.59528936,2899197.33871948,43828.13000268794,fatigue
1362.1698964422794,32.57020655659783,134.13824791027312,363.73879250656324,2549786.7081911573,3407826.841467683,48840.53507547951,fatigue
1470.926667743175,32.57020655659783,127.22393556976357,350.63971254344204,2842197.995407786,4015961.118907125,54552.44474695121,fatigue
1588.3666696268983,32.57020655659783,120.597616500514,337.8211369133584,3174061.753737895,4744623.569376264,61068.98525890564,fatigue
1715.1831784058381,32.57020655659783,114.25378046857342,325.2890111764349,3551074.7771116914,5619563.486618595,68512.09883012093,fatigue
1852.1248221466276,32.57020655659783,108.1863227146912,313.04828296448403,3979801.744902744,6672379.579624033,77023.35830202607,fatigue
2000.0000000000002,32.57020655659783,102.38862898946446,301.10290740408124,4467813.288602815,7941925.789520794,86767.27874698081,fatigue
100.0,34.55107294592218,466.56642427149706,875.9355738704452,392210.12206083164,66632.2948911711,10087.61271693011,rutting
107.98408271867898,34.55107294592218,458.5083571695533,861.000630399468,388982.46812131937,71965.13074233443,9793.436464943456,rutting
116.60562120594504,34.55107294592218,449.9314308280209,845.971289837744,387641.30320401216,77868.44836532208,9562.87248322918,rutting
125.9155104576573,34.55107294592218,440.87781284062754,830.8497593218375,388145.0620828695,84417.09949379698,9391.14233908076,rutting
135.96870896824353,34.55107294592218,431.391444685967,815.6388324226003,390475.6760374587,91697.30643708502,9274.522534466714,rutting
146.824563163788,34.55107294592218,421.51751034264686,800.3419987283598,394637.867971216,99808.5523506194,9210.230926783068,rutting
158.5471577381239,34.55107294592218,411.3019222737723,784.9635339199997,400658.8584375036,108865.81336818301,9196.3384222073,rutting
171.20569396005033,34.55107294592218,400.7908327059757,769.5085695397578,408588.47217828187,119002.19936912987,9231.702714927309,rutting
184.87489818490914,34.55107294592218,390.0301768218554,753.983142243758,418499.6426717953,130372.08389108528,9315.921555080666,rutting
199.63546298206583,34.55107294592218,379.06525312778075,738.39422284781,430489.32014929765,143154.8203965434,9449.303643230345,rutting
215.57452348237172,34.55107294592218,367.940344902929,722.7497259191806,444679.7966970892,157559.16242963032,9632.855789270994,rutting
232.78617175760255,34.55107294592218,356.6983853251332,707.0585010307291,461220.4705489809,173828.52998212999,9868.285456215976,rutting
251.37201226837567,34.55107294592218,345.3806676424344,691.3303070785013,480290.08065320883,192247.29464390586,10158.018249868343,rutting
271.4417616594907,34.55107294592218,334.02660064544534,675.575771272982,502099.45224373514,213148.29310008744,10505.230327940231,rutting
293.11389644342387,34.55107294592218,322.67350871571284,659.8063345532598,526894.8046558577,236921.82381193287,10913.896099608526,rutting
316.51635239540985,34.55107294592218,311.35647489192496,644.0341852492385,554961.6842201893,264026.4372077963,11388.851980834634,rutting
341.78727978880517,34.55107294592218,300.10822471417123,628.2721828375901,586629.5979944713,295001.8978060913,11935.877373643483,rutting
369.07585892906616,34.55107294592218,288.95904807512454,612.5337736103876,622277.4386275089,330484.7803644038,12561.794460438688,rutting
398.54318080063774,34.55107294592218,277.93675591912336,596.8329000094176,662339.807109301,371227.26509505097,13274.58885904584,rutting
430.36319802541544,34.55107294592218,267.0666683746625,581.1839052820067,707314.3589062435,418119.82381675515,14083.553682822076,rutting
464.7237517465168,34.55107294592218,256.3716307688267,565.6014349933204,757770.3204236396,472218.6453833447,14999.460106100374,rutting
501.8276804993071,34.55107294592218,245.87205393800966,550.1003367928475,814358.3473581702,534778.842052864,16034.75816308488,rutting
541.8940176155999,34.55107294592218,235.58597530148157,534.695559686194,877821.9248578334,607294.7176812529,17203.812224565474,rutting
585.1592842296022,34.55107294592218,225.52913728675836,519.4020539141271,949010.5421503738,691548.6751255528,18523.176420385298,rutting
631.8788855185242,34.55107294592218,215.715079872928,504.2346723957049,1028894.91220685,789670.7083784188,20011.916228488393,rutting
682.32861842019,34.55107294592218,206.15524423610276,489.20807455755664,1118584.550995463,904210.882887053,21691.98355954119,rutting
736.8062997280774,34.55107294592218,196.85908472765567,474.3366332530132,1219348.0820553936,1038227.778267031,23588.65396046274,rutting
795.6335241748048,34.55107294592218,187.83418668033394,459.6343453780342,1332636.69181107,1195396.5805016134,25731.036077840916,rutting
859.157562882462,34.55107294592218,179.08638781097173,445.11474672003357,1460111.2308643658,1380141.4030897366,28152.665308063606,rutting
927.7534133867852,34.55107294592218,170.61990126426167,430.7908315335876,1603673.538402453,1597797.5362660578,30892.195669668137,rutting
1001.8260133369538,34.55107294592218,162.43743861422067,416.67497732422584,1765502.6632249688,1854810.731652871,33994.206431574625,fatigue
1081.8126309390202,34.55107294592218,154.54033140406804,402.77887533649783,1948096.7686284361,2158982.405285778,37510.1430000823,fatigue
1168.18544625431,34.55107294592218,146.92865005756457,389.11346728060863,2154321.6430221605,2519771.886340637,41499.415107662455,fatigue
1261.454338590822,34.55107294592218,139.60131923234852,375.6888888856049,2387466.8979802914,2948669.682999232,46030.67957995422,fatigue
1362.1698964422794,34.55107294592218,132.55622890575833,362.51442092622517,2651311.125657091,3459659.3499315274,51183.34003346156,fatigue
1470.926667743175,34.55107294592218,125.79034068359874,349.5984484224561,2950197.514373971,4069790.1428368394,57049.301957591786,fatigue
1588.3666696268983,34.55107294592218,119.29978900003256,336.94842874179886,3289121.6922513824,4799888.51811226,63735.028982651515,fatigue
1715.1831784058381,34.55107294592218,113.07997703032444,324.5708693303171,3673833.8929882897,5675444.047970847,71363.9549989755,fatigue
1852.1248221466276,34.55107294592218,107.12566726593639,312.47131574704053,4110957.925958947,6727714.950780779,80079.31749611498,fatigue
2000.0000000000002,34.55107294592218,101.43106680249936,300.65435056751846,4608129.8973154565,7995110.803229345,90047.49042556253,fatigue
100.0,36.65241237079628,445.57351058145883,860.0730931228875,456372.4723907909,72313.24309208737,12098.991512505549,rutting
107.98408271867898,36.65241237079628,438.5183359308711,845.6257312355568,450445.38028771867,78011.00934215025,11678.569286937636,rutting
116.60562120594504,36.65241237079628,430.93305694672165,831.091591817323,446778.1655613343,84307.18281708914,11339.205850248223,rutting
125.9155104576573,36.65241237079628,422.85615303307213,816.4720578775178,445292.4986977698,91279.09651903626,11073.88475321769,rutting
135.96870896824353,36.65241237079628,414.328196571292,801.7689769094736,445939.01327796467,99015.7242124103,10877.005307829753,rutting
146.824563163788,36.65241237079628,405.39134000532727,786.9847848958806,448695.8906402103,107619.59786296665,10744.210846263468,rutting
158.5471577381239,36.65241237079628,396.08881315804973,772.1226121471396,453567.9640163989,117209.0686319154,10672.252512369823,rutting
171.20569396005033,36.65241237079628,386.4644391404815,757.1863697232744,460586.316373168,127920.97815063718,10658.883535660108,rutting
184.87489818490914,36.65241237079628,376.5621760456933,742.1808158059383,469808.35630752356,139913.82046324902,10702.779981028058,rutting
199.63546298206583,36.65241237079628,366.42569036390853,727.1116019434875,481318.3662535491,153371.4916135601,10803.48485564921,rutting
215.57452348237172,36.65241237079628,356.09796676621426,711.9852995785084,495228.5271012497,168507.74403000477,10961.373218104573,rutting
232.78617175760255,36.65241237079628,345.6209576281185,696.8094076775944,511680.4332782302,185571.48744093534,11177.636600097205,rutting
251.37201226837567,36.65241237079628,335.03527444166633,681.5923426157933,530847.1225851232,204853.1080373802,11454.285641110673,rutting
271.4417616594907,36.65241237079628,324.3799221294793,666.3434117245592,552935.655808378,226692.01423143505,11794.17037111982,rutting
293.11389644342387,36.65241237079628,313.6920762514346,651.0727720963118,578190.292580396,251485.66216993285,12201.018073919606,rutting
316.51635239540985,36.65241237079628,303.00690220246867,635.7913763568125,606896.3223585632,279700.3690547714,12679.489139982565,rutting
341.78727978880517,36.65241237079628,292.3574147481536,620.5109071756603,639384.6230184953,311884.28964953276,13235.251788008673,rutting
369.07585892906616,36.65241237079628,281.7743756364847,605.2437022930543,676037.034698428,348683.0140438741,13875.077012764397,rutting
398.54318080063774,36.65241237079628,271.28622655688923,590.0026718056122,717292.6535232868,390858.34644482046,14606.955617441203,rutting
430.36319802541544,36.65241237079628,260.919054383308,574.8012093834498,763655.1690530776,439310.9500080339,15440.239725775384,rutting
464.7237517465168,36.65241237079628,250.69658542608624,559.6530989926132,815701.3911681444,495107.69718408154,16385.81175737913,rutting
501.8276804993071,36.65241237079628,240.64020531369073,544.5724185788389,874091.1371147521,559514.7558341598,17456.284505071082,rutting
541.8940176155999,36.65241237079628,230.76900111495735,529.5734420375214,939578.678157243,634037.67737473,18666.23669303261,rutting
585.1592842296022,36.65241237079628,221.09982238013856,514.6705406576904,1013025.9783835884,720470.0456445537,20032.489239201343,rutting
631.8788855185242,36.65241237079628,211.64735790941822,499.8780850912062,1095417.9964725547,820952.6081793002,21574.42841723337,rutting
682.32861842019,36.65241237079628,202.42422523655787,485.210348768668,1187880.3655836955,938045.262992211,23314.383239261475,rutting
736.8062997280774,36.65241237079628,193.44107003013576,470.6814135666094,1291699.8180873885,1074814.8364443234,25278.065692036635,rutting
795.6335241748048,36.65241237079628,184.70667285421808,456.30507843169215,1408347.7819477748,1234942.290143907,27495.083993499233,rutting
859.157562882462,36.65241237079628,176.22806098467757,442.09477159130233,1539507.645822381,1422853.8737589624,29999.540839739893,rutting
927.7534133867852,36.65241237079628,168.01062323885742,428.0634669292515,1687106.272307102,1643881.843097467,32830.730738640166,rutting
1001.8260133369538,36.65241237079628,160.05822603836302,414.2236050814968,1853350.435616835,1904461.748964324,36033.95304319867,fatigue
1081.8126309390202,36.65241237079628,152.37332918225488,400.5870198091088,2040768.9742483327,2212375.049418011,39661.46028639541,fatigue
1168.18544625431,36.65241237079628,144.9571000565286,387.1648702305488,2252261.5843496006,2577048.0056073363,43773.56498044855,fatigue
1261.454338590822,36.65241237079628,137.80952524199367,373.9675795364509,2491155.3398994124,3009920.617679233,48439.93229875748,fatigue
1362.1698964422794,36.65241237079628,130.92951870345323,361.0047808586229,2761270.2165645272,3524902.908072374,53741.091158146904,fatigue
1470.926667743175,36.65241237079628,124.31502594575808,348.28527100951106,3066995.1235012617,4138940.379293817,59770.202344427664,fatigue
1588.3666696268983,36.65241237079628,117.96312370445406,335.816972836189,3413376.218906023,4872716.239761904,66635.12969732101,fatigue
1715.1831784058381,36.65241237079628,111.87011489824098,323.60690693065607,3806219.6097611957,5751525.364575286,74460.86926000661,fatigue
1852.1248221466276,36.65241237079628,106.03161870556973,311.6611733934503,4252210.924625181,6806364.4053415125,83392.40202834272,fatigue
2000.0000000000002,36.65241237079628,100.44265573723246,299.98494424997216,4759054.713081841,8075294.59108066,93598.04889562729,fatigue
100.0,38.881551803080896,424.93321251363415,843.8916826175484,533469.6553270223,78731.23543271318,14591.418325920456,rutting
107.98408271867898,38.881551803080896,418.8303095557813,829.9166683423119,523957.9695652604,84842.85068016998,14001.508153080391,rutting
116.60562120594504,38.881551803080896,412.1899332662449,815.8629535345334,517188.8400247319,91584.58621955023,13516.09653048799,rutting
125.9155104576573,38.881551803080896,405.0468368674399,801.731236785988,513033.40449538623,99036.59319688674,13125.030367488196,rutting
135.96870896824353,38.881551803080896,397.4381502495606,787.5225509923406,511399.24849466485,107290.97839240091,12820.084295067725,rutting
146.824563163788,38.881551803080896,389.4028898841955,773.2383999462709,512227.97541006346,116453.75567308626,12594.703980555158,rutting
158.5471577381239,38.881551803080896,380.98147201409967,758.8808784249732,515493.452855133,126647.14365213082,12443.80022318038,rutting
171.20569396005033,38.881551803080896,372.2152377769715,744.4527740739578,521200.68645356526,138012.27640396674,12363.586002743017,rutting
184.87489818490914,38.881551803080896,363.14599790280494,729.9576500234798,529385.2858099862,150712.40770885316,12351.450216295834,rutting
199.63546298206583,38.881551803080896,353.8156034893412,715.3999077599128,540113.5002984827,164936.7058274689,12405.863148823191,rutting
215.57452348237172,38.881551803080896,344.26554815846004,700.7848302984049,553482.8147001676,180904.7558866319,12526.309831390958,rutting
232.78617175760255,38.881551803080896,334.536605675258,686.1186061563088,569623.106866343,198871.91139660415,12713.248385109426,rutting
251.37201226837567,38.881551803080896,324.6685059138256,671.408335004981,588698.3817047641,219135.66621095425,12968.091266427278,rutting
271.4417616594907,38.881551803080896,314.6996509158731,656.6620161799619,610909.1081281117,242043.254607379,13293.208048763168,rutting
293.11389644342387,38.881551803080896,304.66687174000845,641.8885214588203,636495.1984250462,268000.73162770376,13691.949023234816,rutting
316.51635239540985,38.881551803080896,294.60522586275425,627.0975536766911,665739.6830916081,297483.8402440729,14168.689500043693,rutting
341.78727978880517,38.881551803080896,284.54783408201155,612.2995928481455,698973.1487915857,331051.03864285495,14728.895262277452,rutting
369.07585892906616,38.881551803080896,274.52575519738974,597.5058315078353,736579.0231219103,369359.1428278112,15379.210184131456,rutting
398.54318080063774,38.881551803080896,264.5678962009898,582.7281009789838,778999.8075995974,413182.1404352778,16127.567593393913,rutting
430.36319802541544,38.881551803080896,254.7009553030609,567.9787902363806,826744.3801561226,463433.8556076261,16983.32755054863,rutting
464.7237517465168,38.881551803080896,244.949394831279,553.2707589567704,880396.5108703541,521195.2975841364,17957.442851215274,rutting
501.8276804993071,38.881551803080896,235.33544086902748,538.6172462520195,940624.7602006455,587747.7143456134,19062.657252738478,rutting
541.8940176155999,38.881551803080896,225.87910642370545,524.0317764664735,1008193.9581757622,664612.6059776834,20313.740198741834,rutting
585.1592842296022,38.881551803080896,216.59823492644657,509.5280632964425,1083978.496552592,753600.2414472519,21727.763188547277,rutting
631.8788855185242,38.881551803080896,207.5085609451368,495.11991336338343,1168977.7046434567,856868.5811468648,23324.42393545902,rutting
682.32861842019,38.881551803080896,198.62378512923658,480.82113024943345,1264333.6242992745,976994.9534596686,25126.425606599078,rutting
736.8062997280774,38.881551803080896,189.95566058457072,466.64541989033455,1371351.5515290739,1117063.3890496187,27159.91976956126,rutting
795.6335241748048,38.881551803080896,181.5140880871914,452.6062981219222,1491523.7727873113,1280771.2099480901,29455.023225960027,rutting
859.157562882462,38.881551803080896,173.30721777743258,438.7170010966311,1626556.9946897407,1472559.3379323022,32046.420734909705,rutting
927.7534133867852,38.881551803080896,165.34155521965573,424.99039922938294,1778404.0487898444,1697771.874351647,34974.06777604951,rutting
1001.8260133369538,38.881551803080896,157.62206996271084,411.43891529950724,1949300.550444038,1962851.8706078224,38284.01003926585,fatigue
1081.8126309390202,38.881551803080896,150.15230498485866,398.07444732683825,2141807.3056111387,2275581.93088062,42029.33933881416,fatigue
1168.18544625431,38.881551803080896,142.93448564995433,384.9082968533005,2358859.3951895093,2645380.464131697,46271.30923329947,fatigue
1261.454338590822,38.881551803080896,135.96962703505235,371.95110329104153,2603823.0274634245,3083667.1568840086,51080.63791231087,fatigue
1362.1698964422794,38.881551803080896,129.25763870981515,359.2127850366734,2880561.440578422,3604314.7344308333,56539.03103486679,fatigue
1470.926667743175,38.881551803080896,122.79742625226545,346.7024880885374,3193511.3649248187,4224208.526317575,62740.96335626703,fatigue
1588.3666696268983,38.881551803080896,116.58698897085063,334.42854292819186,3547771.8273658603,4963941.024499759,69795.76537988192,fatigue
1715.1831784058381,38.881551803080896,110.62351346723084,322.3984304260859,3949207.404346417,5848675.872456789,77830.07018713719,fatigue
1852.1248221466276,38.881551803080896,104.9034628157086,310.61875749229137,4404568.419701466,6909225.008553514,86990.68635670317,fatigue
2000.0000000000002,38.881551803080896,99.42266125242938,299.09524310597885,4921631.048038929,8183394.601330117,97447.975872888,fatigue
100.0,41.24626382901352,404.6696787360825,827.4417677743855,626534.1973142504,85984.88893965371,17696.997108424508,rutting
107.98408271867898,41.24626382901352,399.468113407094,813.9234134842429,612274.5316837938,92565.70972946346,16879.30305910258,rutting
116.60562120594504,41.24626382901352,393.72537121409226,800.3347365712259,601385.7632753683,99812.60702214092,16197.80185627958,rutting
125.9155104576573,41.24626382901352,387.4724727437666,786.675893493601,593669.5218603589,107808.91280567925,15637.929417941798,rutting
135.96870896824353,41.24626382901352,380.7430625363005,772.9472387132233,588974.2065216817,116650.2765518301,15187.780401492822,rutting
146.824563163788,41.24626382901352,373.5729457091433,759.1494718495841,587191.1021232213,126446.6579345859,14837.726824320727,rutting
158.5471577381239,41.24626382901352,365.99962118160903,745.2837702873121,588251.3999993642,137324.669386066,14580.110282747692,rutting
171.20569396005033,41.24626382901352,358.0618203138118,731.351905100888,592124.0394202301,149430.33562706376,14408.995681276121,rutting
184.87489818490914,41.24626382901352,349.7990589183288,717.3563388030454,598814.3052456415,162932.35093726678,14319.976761873066,rutting
199.63546298206583,41.24626382901352,341.25120960346544,703.300304030492,608363.1346150646,178025.93144022525,14310.025693485111,rutting
215.57452348237172,41.24626382901352,332.45810031071005,689.1878628355364,620847.1018221803,194937.37971683088,14377.380622418836,rutting
232.78617175760255,41.24626382901352,323.45914376246736,675.023946743243,636379.0659932006,213929.50342524165,14521.46645966357,rutting
251.37201226837567,41.24626382901352,314.293001382914,660.8143781538623,655109.4811368214,235308.05927786228,14742.845346281701,rutting
271.4417616594907,41.24626382901352,304.9972841335423,646.5658740167503,677228.3828759044,259429.42992077867,15043.194238623339,rutting
293.11389644342387,41.24626382901352,295.6082916484324,632.2860329752241,702968.081028603,286709.78547850746,15425.307930262128,rutting
316.51635239540985,41.24626382901352,286.16079008853166,617.9833073851727,732606.602511417,317636.03562424245,15893.126610467365,rutting
341.78727978880517,41.24626382901352,276.6878282782431,603.6669617489653,766471.9451345071,352778.9443154451,16451.78777856661,rutting
369.07585892906616,41.24626382901352,267.2205909535259,589.3470191868375,804947.2201162609,392808.86065577844,17107.703015195802,rutting
398.54318080063774,41.24626382901352,257.78828734414157,575.0341975979172,848476.7799526645,438514.619263205,17868.660778271216,rutting
430.36319802541544,41.24626382901352,248.41807283365853,560.7398371501574,897573.4490660343,490826.28647234855,18743.95706509139,rutting
464.7237517465168,41.24626382901352,239.1350010845403,546.4758206904105,952826.9979024226,550842.5802109947,19744.556483099368,rutting
501.8276804993071,41.24626382901352,229.96200377367586,532.254488590493,1014914.0273805875,619863.9783901474,20883.28702131118,rutting
541.8940176155999,41.24626382901352,220.91989494484773,518.0885494496141,1084609.460425964,699432.7618191967,22175.072633851316,rutting
585.1592842296022,41.24626382901352,212.02739693611926,503.99098796513476,1162799.871449475,791381.5239196924,23637.208659556203,rutting
631.8788855185242,41.24626382901352,203.30118486829488,489.97497116898074,1250498.9238688124,897892.0346220403,25289.686132789462,rutting
682.32861842019,41.24626382901352,194.75594677187902,476.05375411242153,1348865.2310765702,1021566.7871752353,27155.572219386846,rutting
736.8062997280774,41.24626382901352,186.40445657126173,462.2405859734521,1459223.0087715352,1165516.1062053756,29261.45537145939,rutting
795.6335241748048,41.24626382901352,178.25765732415005,448.54861746379464,1583085.9476440395,1333464.3812065215,31637.965374922725,rutting
859.157562882462,41.24626382901352,170.32475232080927,434.99081033147763,1722184.8066741342,1529879.8473750856,34320.380310804576,rutting
927.7534133867852,41.24626382901352,162.61330187208787,421.57984969339566,1878499.3107333384,1760133.410821812,37349.33462176745,rutting
1001.8260133369538,41.24626382901352,155.12932384959905,408.32805989258696,2054295.0341613225,2030693.3659796715,40771.64503670826,rutting
1081.8126309390202,41.24626382901352,147.87739627912651,395.24732455751507,2252166.067414812,2349364.554242732,44641.274141263784,fatigue
1168.18544625431,41.24626382901352,140.86076052386082,382.34901154374984,2475084.4002704667,2725582.6606714763,49020.454991016064,fatigue
1261.454338590822,41.24626382901352,134.08142382285828,369.6439034579775,2726457.1166680222,3170777.0638717436,53981.00446972594,fatigue
1362.1698964422794,41.24626382901352,127.5402601683215,357.1421344937033,3010192.688259077,3698819.1027899343,59605.858246484284,fatigue
1470.926667743175,41.24626382901352,121.23710870962499,344.85313433842083,3330777.8822965357,4326577.0098362295,65990.86636530107,fatigue
1588.3666696268983,41.24626382901352,115.17086905957036,332.7855799327343,3693367.072126087,5074604.3499138355,73246.8959296029,fatigue
1715.1831784058381,41.24626382901352,109.33959304667998,320.94735586115223,4103886.064149573,5967995.94610529,81502.29629050838,fatigue
1852.1248221466276,41.24626382901352,103.74057260430678,309.3455241202493,4569152.94434219,7037454.414260844,90905.79293556906,fatigue
2000.0000000000002,41.24626382901352,98.37042361133143,297.9863039321396,5097018.912801269,8320622.15359575,101629.88929409954,fatigue
100.0,43.75479375074185,384.80590652620805,810.7724351092185,739405.2600137321,94187.211701848,21588.620209055192,rutting
107.98408271867898,43.75479375074185,380.45464058506366,797.6947849216883,718864.5208083319,101300.0148868617,20464.236054369707,rutting
116.60562120594504,43.75479375074185,375.5619360097168,784.555338490102,702518.2029797947,109119.62761299791,19519.172801006178,rutting
125.9155104576573,43.75479375074185,370.1551043912931,771.3538527847005,690072.1619299004,117732.95551253027,18732.63857711558,rutting
135.96870896824353,43.75479375074185,364.26429162092205,758.0901425327157,681293.3556707266,127239.63306597582,18087.550737973223,rutting
146.824563163788,43.75479375074185,357.9220445913291,744.7642357486111,676003.8696256457,137754.06533360656,17569.97041727794,rutting
158.5471577381239,43.75479375074185,351.16286819094597,731.3765169463545,674076.1798191622,149407.82416893233,17168.64506093623,rutting
171.20569396005033,43.75479375074185,344.0227814226753,717.927855477823,675429.5184866461,162352.46649900847,16874.64027461858,rutting
184.87489818490914,43.75479375074185,336.53888079476366,704.4197170816111,680027.2333030073,176762.85592659065,16681.045983872667,rutting
199.63546298206583,43.75479375074185,328.74891827896187,690.854257345596,687875.0559381807,192841.08544958953,16582.7449122786,rutting
215.57452348237172,43.75479375074185,320.6909001553894,677.2343963649463,699020.2179498452,210821.11914508007,16576.23385570153,rutting
232.78617175760255,43.75479375074185,312.4027120089501,663.5638744002555,713551.3725701456,230974.29501890714,16659.49027418305,rutting
251.37201226837567,43.75479375074185,303.92177405185527,649.8472887983928,731599.30017599,253615.8608531432,16831.878424436774,rutting
271.4417616594907,43.75479375074185,295.28472986062314,636.0901128262539,753338.3935847377,279112.750996479,17094.090687385156,rutting
293.11389644342387,43.75479375074185,286.52717056885865,622.2986973832017,778988.9372142181,307892.8561257404,17448.120966654085,rutting
316.51635239540985,43.75479375074185,277.6833955783753,608.4802568032965,808820.2120096593,340456.0919020991,17897.268095589927,rutting
341.78727978880517,43.75479375074185,268.7862099635962,594.6428401373093,843154.4762938374,377387.6384363914,18446.168134568266,rutting
369.07585892906616,43.75479375074185,259.86675796385174,580.795289422697,882371.8917730112,419373.8033985518,19100.855303461023,rutting
398.54318080063774,43.75479375074185,250.9543912949299,566.9471865139869,926916.4842806457,467221.0609811314,19868.852107914372,rutting
430.36319802541544,43.75479375074185,242.07657046895702,553.1087900638531,977303.250941304,521878.94114749343,20759.290011079676,rutting
464.7237517465168,43.75479375074185,233.2587968891054,539.2909642242057,1034126.5498061988,584467.5941437489,21783.06280104946,rutting
501.8276804993071,43.75479375074185,224.5245731773323,525.5051005846183,1098069.9352196914,656311.040987775,22953.015633798786,rutting
541.8940176155999,43.75479375074185,215.89538899060477,511.76303478982766,1169917.6328621146,738977.350167702,24284.17361715977,rutting
585.1592842296022,43.75479375074185,207.39072947289333,498.0769591859779,1250567.8833063438,834327.2648932226,25794.01476936584,rutting
631.8788855185242,43.75479375074185,199.02810346431113,484.4593327437345,1341048.4228624546,944573.157560536,27502.79326395881,rutting
682.32861842019,43.75479375074185,190.8230886322379,470.92278940153926,1442534.4164463782,1072350.6258142695,29433.920092283257,rutting
736.8062997280774,43.75479375074185,182.78939078935508,457.48004587032676,1556369.210349259,1220805.5894951276,31614.40967047482,rutting
795.6335241748048,43.75479375074185,174.93891480814113,444.1438098472311,1684088.3344769937,1393700.4275049604,34075.402530417676,rutting
859.157562882462,43.75479375074185,167.28184471941447,430.92668950497574,1827447.2555185498,1595543.5434071166,36852.77611146612,rutting
927.7534133867852,43.75479375074185,159.8267307841339,417.84110505956806,1988453.4665655254,1831747.8133442646,39987.85786883303,rutting
1001.8260133369538,43.75479375074185,152.5805815442773,404.89920317402465,2169403.5973364874,2108824.7070960966,43528.25750408936,rutting
1081.8126309390202,43.75479375074185,145.54895908297064,392.11277493129074,2372926.3452535807,2434622.5565505205,47528.8381862255,fatigue
1168.18544625431,43.75479375074185,138.7360759499917,379.49317810406893,2602032.164687598,2818619.5702993902,52052.85026912996,fatigue
1261.454338590822,43.75479375074185,132.14489243120778,367.0512644599731,2860170.8139839675,3272284.8805322973,57173.255345981626,fatigue
1362.1698964422794,43.75479375074185,125.77721305513417,354.79731286163957,3151298.052547853,3809524.3163220086,62974.27366253198,fatigue
1470.926667743175,43.75479375074185,119.63378143292653,342.74096894542254,3479953.0095024896,4447231.929161854,69553.1941216643,fatigue
1588.3666696268983,43.75479375074185,113.7143727166069,330.8911921794914,3851348.018686672,5205973.8153286325,77022.49357209307,fatigue
1715.1831784058381,43.75479375074185,108.01788313143922,319.25621110154066,4271473.040930904,6110837.826029979,85512.32105260601,fatigue
1852.1248221466276,43.75479375074185,102.54241618979428,307.84348750673666,4747217.184250533,7192491.7720044665,95173.41348366244,fatigue
2000.0000000000002,43.75479375074185,97.28536532376827,296.6596902875409,5286510.29838025,8488504.287197927,106180.52235042598,fatigue
100.0,46.41588833612777,365.3636097001479,793.9311458873186,876968.7955860405,103467.71980823732,26493.956073875626,rutting
107.98408271867898,46.41588833612777,361.8117072723052,781.2781507587149,848120.4978514893,111183.82903620323,24955.607620599396,rutting
116.60562120594504,46.41588833612777,357.7213116947107,768.5718880151502,824553.1234786874,119652.88266650964,23655.638792596503,rutting
125.9155104576573,46.41588833612777,353.11607757099955,755.8118559969123,805840.2205782846,128965.78789178125,22564.425062606184,rutting
135.96870896824353,46.41588833612777,348.0226671364907,742.9974688072092,791636.4808618537,139226.64438890328,21657.570540978824,rutting
146.824563163788,46.41588833612777,342.47034986414667,730.12821791317,781668.7400928754,150554.8433958074,20915.06916482006,rutting
158.5471577381239,46.41588833612777,336.4905864986629,717.203823893627,775728.7103836485,163087.5269821409,20320.6260608909,rutting
171.20569396005033,46.41588833612777,330.11660623872586,704.2243753845515,773667.2282187528,176982.47569876106,19861.110172347202,rutting
184.87489818490914,46.41588833612777,323.38298527637056,691.1904528993604,775389.8423613935,192421.50654390824,19526.11496459465,rutting
199.63546298206583,46.41588833612777,316.32523420525587,678.103235822286,780853.6013688236,209614.47980258803,19307.608673976112,rutting
215.57452348237172,46.41588833612777,308.9794009663523,664.964591466314,790064.9320501544,228804.033436824,19199.659344927903,rutting
232.78617175760255,46.41588833612777,301.38169505168224,651.7771456353548,803078.528554194,250271.18811376064,19198.222988941823,rutting
251.37201226837567,46.41588833612777,293.5681376761034,638.5443346208438,819997.1975470274,274341.9956257051,19300.985733069596,rutting
271.4417616594907,46.41588833612777,285.57424159347005,625.2704389879416,840972.6287607899,301395.4395783058,19507.252922029835,rutting
293.11389644342387,46.41588833612777,277.43472321318404,611.9605998621347,866207.0826634675,331872.84127987875,19817.87989058163,rutting
316.51635239540985,46.41588833612777,269.18324869771135,598.6208187129425,895956.0086830079,366289.0775872064,20235.24060926999,rutting
341.78727978880517,46.41588833612777,260.85221481702933,585.2579418501211,930531.628866494,405245.9833194865,20763.231691122975,rutting
369.07585892906616,46.41588833612777,252.47256452204198,571.8796310036947,970307.543605236,449448.3915579805,21407.310383060478,rutting
398.54318080063774,46.41588833612777,244.07363648934054,558.4943214584024,1015724.4386503869,499723.3642045432,22174.56619925438,rutting
430.36319802541544,46.41588833612777,235.68304729210135,545.1111692627201,1067296.9966349194,557043.2869372208,23073.826823941177,rutting
464.7237517465168,46.41588833612777,227.3266043686939,531.739989039858,1125622.1422891028,622553.6526169316,24115.79985339189,rutting
501.8276804993071,46.41588833612777,219.0282475895065,518.3911839007789,1191388.7791131753,697606.5420707085,25313.252893192148,rutting
541.8940176155999,46.41588833612777,210.81001695757934,505.0756689047673,1265389.2071389672,783801.0395341743,26681.23550849261,rutting
585.1592842296022,46.41588833612777,202.69204381103705,491.8047894386662,1348532.4473398486,883032.1025959805,28237.347572050156,rutting
631.8788855185242,46.41588833612777,194.6925628143254,478.5902357986122,1441859.739109345,997549.7567465398,30002.059699280093,rutting
682.32861842019,46.41588833612777,186.82794201906634,465.4439551643407,1546562.5240323103,1130030.9196349592,31999.092735033453,rutting
736.8062997280774,46.41588833612777,179.11272833179876,452.37806206201685,1664003.2830990287,1283666.7014538748,34255.864700869795,rutting
795.6335241748048,46.41588833612777,171.55970583306618,439.4047483226063,1795739.656956433,1462268.7028802712,36804.01526680901,rutting
859.157562882462,46.41588833612777,164.17996453901446,426.53619346375064,1943552.3514135056,1670398.6755402843,39680.01972737578,rutting
927.7534133867852,46.41588833612777,156.98297737266395,413.78447635807663,2109477.415212367,1913526.9664771843,42925.90669655627,rutting
1001.8260133369538,46.41588833612777,149.9766833082453,401.16148900250147,2295843.576443208,2198226.494417254,46590.09635975089,rutting
1081.8126309390202,46.41588833612777,143.16757486056034,388.67885317291206,2505315.4408220327,2532410.674590701,50728.37921684398,fatigue
1168.18544625431,46.41588833612777,136.56078830557738,376.3478407362372,2740943.492874132,2925625.8140411573,55405.05892063669,fatigue
1261.454338590822,46.41588833612777,130.16019523266525,364.1792983949748,3006222.0041226274,3389411.1611728463,60694.287182452594,fatigue
1362.1698964422794,46.41588833612777,123.96849423827041,352.1835776532403,3305156.1458002916,3937743.166996406,66681.62393158532,fatigue
1470.926667743175,46.41588833612777,117.98730177134397,340.37047081158767,3642339.8335696347,4587584.801625367,73465.86215963768,fatigue
1588.3666696268983,46.41588833612777,112.2172413289555,328.74915381168927,4023046.10567869,5359566.227262361,81161.16437585799,fatigue
1715.1831784058381,46.41588833612777,106.65803037330593,317.32813675134304,4453332.162782933,6278830.09375124,89899.56661319925,fatigue
1852.1248221466276,46.41588833612777,101.30856449621088,306.11522286463577,4940161.5879121395,7376083.629538068,99833.9167807096,fatigue
2000.0000000000002,46.41588833612777,96.16699849205683,295.1174767012771,5491546.731298349,8688911.113386374,111141.32724580968,fatigue
100.0,49.23882631706739,346.36309933384416,776.9634846963432,1045477.0787301564,113974.87561516034,32714.72410853633,rutting
107.98408271867898,49.23882631706739,343.5599289011066,764.7191651492484,1005633.2064465872,122375.45277348408,30615.869894443116,rutting
116.60562120594504,49.23882631706739,340.22417507859535,752.429970808732,972513.082448095,131581.24282540145,28836.785929877424,rutting
125.9155104576573,49.23882631706739,336.3759138834907,740.0952784086766,945506.8720514856,141687.62349075367,27335.25767449236,rutting
135.96870896824353,49.23882631706739,332.0383656470945,727.7142388893365,924114.0976938724,152803.68382723766,26076.511598200173,rutting
146.824563163788,49.23882631706739,327.2375297946675,715.2859426820448,907930.2424664355,165054.3896611244,25031.967757348175,rutting
158.5471577381239,49.23882631706739,322.00179869794823,702.8095778036854,896635.819762038,178583.11606667392,24178.23236606011,rutting
171.20569396005033,49.23882631706739,316.36155908655013,690.2845774527506,889987.5697030473,193554.6158244466,23496.285387739466,rutting
184.87489818490914,49.23882631706739,310.3487891660095,677.710754399704,887811.5041433447,210158.50666519,22970.827209107636,rutting
199.63546298206583,49.23882631706739,303.99665905244257,665.0884200767364,889997.5750449046,228613.37685181588,22589.75573056234,rutting
215.57452348237172,49.23882631706739,297.3391414312976,652.4184868711125,896495.7871789745,249171.62890024582,22343.751065455457,rutting
232.78617175760255,49.23882631706739,290.4106385185163,639.7025526920446,907313.6165593842,272125.2057724408,22225.949773371714,rutting
251.37201226837567,49.23882631706739,283.24563048583525,626.9429673980922,922514.6318450368,297812.37365714717,22231.69439007876,rutting
271.4417616594907,49.23882631706739,275.87834954677515,614.142881129942,942218.2481186435,326625.77167813276,22358.347146448512,rutting
293.11389644342387,49.23882631706739,268.3424829227433,601.3062749858713,966600.5718424006,359021.98300957686,22605.15934139178,rutting
316.51635239540985,49.23882631706739,260.6709069526238,588.4379748017632,995896.3232193268,395532.93575705285,22973.189972082408,rutting
341.78727978880517,49.23882631706739,252.89545370264918,575.5436490549929,1030401.8484034766,436779.5078387939,23465.2690280255,rutting
369.07585892906616,49.23882631706739,245.04671059912886,562.6297921050165,1070479.2597131927,483487.79077793844,24086.002405449326,rutting
398.54318080063774,49.23882631706739,237.15385286193776,549.7036941180926,1116561.767892126,536508.5662752744,24841.81676267108,rutting
430.36319802541544,49.23882631706739,229.24450787289155,536.7733991055986,1169160.2972071944,596840.6710102722,25741.043872404716,rutting
464.7237517465168,49.23882631706739,221.34465007622165,523.8476525418733,1228871.502452683,665659.0747270563,26794.045182329864,rutting
501.8276804993071,49.23882631706739,213.47852457933269,510.93584002586715,1296387.3374549912,744348.6810665649,28013.37841383123,rutting
541.8940176155999,49.23882631706739,205.66859729783457,498.0479184186292,1372506.3581991713,834545.0882835187,29414.00915008584,rutting
585.1592842296022,49.23882631706739,197.93552926304375,485.19434083304316,1458146.981054549,938183.8285842515,31013.57152610538,rutting
631.8788855185242,49.23882631706739,190.2981725739837,472.38597678037775,1554362.958685499,1057559.9537426445,32832.68337199012,rutting
682.32861842019,49.23882631706739,182.7735854189005,459.63402869668596,1662361.3841477965,1195400.267814024,34895.32251480162,rutting
736.8062997280774,49.23882631706739,175.37706360223513,446.94994598704585,1783523.588606263,1354951.0465763921,37229.27245510593,rutting
795.6335241748048,49.23882631706739,168.12218608037765,434.34533764279,1919429.361491169,1540084.754936976,39866.6473468608,rutting
859.157562882462,49.23882631706739,161.02087212227238,421.83188441097496,2071884.995425095,1755430.11248434,42844.5081756943,rutting
927.7534133867852,49.23882631706739,154.08344785864767,409.4212514307583,2242955.743910995,2006530.9076672213,46205.58431099714,rutting
1001.8260133369538,49.23882631706739,147.31872015685735,397.1250022009511,2435003.37999165,2300040.2790123206,49999.11727284833,rutting
1081.8126309390202,49.23882631706739,140.73405594871917,384.95451470877924,2650729.6617794535,2643958.839431593,54281.846690692306,rutting
1168.18544625431,49.23882631706739,134.33546533903422,372.9209005318767,2893226.6494286386,3047927.1095488253,59119.16213941715,fatigue
1261.454338590822,49.23882631706739,128.12768702649058,361.0349277222656,3166034.9820229434,3523585.367112285,64586.44894401276,fatigue
1362.1698964422794,49.23882631706739,122.11427477108332,349.3069482887471,3473211.4171049013,4085017.365321768,70770.66129673173,fatigue
1470.926667743175,49.23882631706739,116.2976838385513,337.7468311072076,3819407.1663479693,4749298.621205344,77772.16231308418,fatigue
1588.3666696268983,49.23882631706739,110.67935653876336,326.3639010990392,4209958.835581706,5537175.381828136,85706.87818640588,fatigue
1715.1831784058381,49.23882631706739,105.2598061482311,315.16688551718573,4650994.104887013,6473907.272059202,94708.82265300579,fatigue
1852.1248221466276,49.23882631706739,100.03869866416237,304.1638681572982,5149554.67534804,7590315.441512786,104933.05887466152,fatigue
2000.0000000000002,49.23882631706739,95.01493197645158,293.362252258225,5713739.47580502,8924089.315767763,116559.17897218041,fatigue
100.0,52.23345074266843,327.82317831348524,759.9129441209164,1252976.5932002403,125878.89728996875,40653.44865589227,rutting
107.98408271867898,52.23345074266843,325.71860829676757,748.0615388997807,1198557.7025889622,135056.42243112146,37792.86479151816,rutting
116.60562120594504,52.23345074266843,323.0900798324259,736.1733877112302,1152791.0087158165,145098.4194013206,35364.94665763954,rutting
125.9155104576573,52.23345074266843,319.95419295919453,724.2478769602698,1114811.4886587793,156105.25357853135,33309.43508421248,rutting
135.96870896824353,52.23345074266843,316.33079284490105,712.2840282728849,1083903.4702254913,168191.57885234794,31576.755637906885,rutting
146.824563163788,52.23345074266843,312.24264144767284,700.2806650361001,1059480.8043552414,181488.5791826252,30126.156164547636,rutting
158.5471577381239,52.23345074266843,307.71506345558834,688.2365745670808,1041070.6048520983,196146.5853072887,28924.207374754667,rutting
171.20569396005033,52.23345074266843,302.7755746465471,676.1506622855702,1028300.0252030704,212338.13641208198,27943.59608454578,rutting
184.87489818490914,52.23345074266843,297.4535006398506,664.0220948277549,1020885.6368269472,230261.5706159108,27162.155140912582,rutting
199.63546298206583,52.23345074266843,291.77959363284447,651.85042963253,1018625.0538268646,250145.24504836643,26562.085561431097,rutting
215.57452348237172,52.23345074266843,285.78565415927915,639.6357291263362,1021390.5183837845,272252.5067309169,26129.335597834448,rutting
232.78617175760255,52.23345074266843,279.5041642043801,627.378658207671,1029124.2202952118,296887.560199058,25853.108777524114,rutting
251.37201226837567,52.23345074266843,272.96793720096326,615.0805642691305,1041835.1755796238,324402.407781883,25725.478869090708,rutting
271.4417616594907,52.23345074266843,266.20978954825875,602.7435394802109,1059597.5340736478,355205.07487745216,25741.09446532716,rutting
293.11389644342387,52.23345074266843,259.2622373763434,590.3704654794026,1082550.2259113488,389769.37689725717,25896.9597254099,rutting
316.51635239540985,52.23345074266843,252.1572213579041,577.9650409846728,1110897.8929042458,428646.5386200148,26192.28096313344,rutting
341.78727978880517,52.23345074266843,244.92586147541698,565.5317931260374,1144913.0842231147,472479.042747177,26628.371367726897,rutting
369.07585892906616,52.23345074266843,237.59824281112944,553.0760735343172,1184939.7274041772,522017.16528447694,27208.608324718374,rutting
398.54318080063774,52.23345074266843,230.20323265962602,540.6040403900566,1231397.9164752716,578138.7544584251,27938.439669610703,rutting
430.36319802541544,52.23345074266843,222.76832858300997,528.1226277515746,1284790.0897847984,641872.9315359622,28825.436841453404,rutting
464.7237517465168,52.23345074266843,215.31953644618955,515.639503547559,1345708.7017560368,714428.5415409805,29879.39437742698,rutting
501.8276804993071,52.23345074266843,207.88127698879418,503.1630176446979,1414845.5261205146,797228.3661911414,31112.476563613967,rutting
541.8940176155999,52.23345074266843,200.47631911082237,490.70214139187584,1493002.7640700818,891950.3388525688,32539.413384134165,rutting
585.1592842296022,52.23345074266843,193.12573776745432,478.266400006777,1581106.1701250838,1000577.2825251089,34177.74923887909,rutting
631.8788855185242,52.23345074266843,185.84889417791922,465.8657991154165,1680220.452343625,1125457.0401622446,36048.149274680065,rutting
682.32861842019,52.23345074266843,178.66343594510852,453.5107466869007,1791567.2529089043,1269375.2988206458,38174.76964084153,rutting
736.8062997280774,52.23345074266843,171.5853146467218,441.2119715308945,1916546.0713957106,1435643.9465008094,40585.69958390226,rutting
795.6335241748048,52.23345074266843,164.6288184843845,428.9804394496054,2056758.5576022526,1628208.4700575434,43313.485088006695,rutting
859.157562882462,52.23345074266843,157.80661765365232,416.8272680645915,2214036.6754605165,1851778.7385161074,46395.745801564706,rutting
927.7534133867852,52.23345074266843,151.129820214716,404.76364127579194,2390475.326249215,2111988.562215664,49875.89933098693,rutting
1001.8260133369538,52.23345074266843,144.60803639133147,392.8007242590682,2588470.12056373,2415590.7302225907,53804.00970159582,rutting
1081.8126309390202,52.23345074266843,138.24944939526299,380.9495798715412,2810761.10717362,2770695.8778506476,58237.77997123283,rutting
1168.18544625431,52.23345074266843,132.06089105767563,369.2210873116395,3060483.4065403347,3187065.6145510767,63243.712737443035,fatigue
1261.454338590822,52.23345074266843,126.04792074068867,357.62586387227856,3341225.861624003,3676472.9677096563,68898.46672952041,fatigue
1362.1698964422794,52.23345074266843,120.21490619597411,346.1741906279068,3657099.013795445,4253146.52174324,75290.44297325809,fatigue
1470.926667743175,52.23345074266843,114.56510522790265,334.8759429047058,4012813.943348478,4934318.850026196,82521.6403419842,fatigue
1588.3666696268983,52.23345074266843,109.10074720207643,323.7405263911414,4413773.789672931,5740905.202392935,90709.8278839764,fatigue
1715.1831784058381,52.23345074266843,103.8231136125465,312.77681974528605,4866180.094446999,6698345.250168047,99991.09041168273,fatigue
1852.1248221466276,52.23345074266843,98.732617079522,301.9931245365973,5377156.502781161,7837649.427094165,110522.81477593392,fatigue
2000.0000000000002,52.23345074266843,93.82887829140158,291.39712331361466,5954892.824606595,9196702.586557293,122487.19741830272,fatigue
100.0,55.41020330009492,309.76105051753,742.8207459898846,1509884.897007308,139374.997847583,50850.877599910375,rutting
107.98408271867898,55.41020330009492,308.3056367408992,731.3468453078269,1436103.8468207142,149434.96412903047,46950.70216238002,rutting
116.60562120594504,55.41020330009492,306.3373517792545,719.8439466291239,1373569.3090079941,160426.654729943,43640.830304931376,rutting
125.9155104576573,55.41020330009492,303.8694441510838,708.3115698149765,1321059.5182908485,172455.9965783448,40834.98551718051,rutting
135.96870896824353,55.41020330009492,300.9184736177293,696.7487355801285,1277559.1533214177,185643.84383395774,38462.36630657277,rutting
146.824563163788,55.41020330009492,297.50402087712934,685.1541308593368,1242230.0404772654,200128.30619597394,36464.85112855294,rutting
158.5471577381239,55.41020330009492,293.6483673418983,673.5262727332927,1214387.0900427077,216067.46184188113,34794.75762596261,rutting
171.20569396005033,55.41020330009492,289.37615270154765,661.8636670190123,1193478.6362412015,233642.52582202083,33413.045230080344,rutting
184.87489818490914,55.41020330009492,284.71401795859236,650.1649581450357,1179070.5013735548,253061.55897996156,32287.87342061278,rutting
199.63546298206583,55.41020330009492,279.6902414067079,638.4290674941659,1170833.2295023974,274563.81961921894,31393.44631795391,rutting
215.57452348237172,55.41020330009492,274.33437460968065,626.6553179776207,1168532.0405975985,298424.88081962796,30709.088822314432,rutting
232.78617175760255,55.41020330009492,268.67688487126094,614.843543179647,1172019.1452086146,324962.66129839444,30218.511039766963,rutting
251.37201226837567,55.41020330009492,262.74880999045,602.9941799604874,1181228.135488418,354544.5479721576,29909.226892167557,rutting
271.4417616594907,55.41020330009492,256.5814303082442,591.1083439123382,1196170.2332889445,387595.82509530697,29772.100107637834,rutting
293.11389644342387,55.41020330009492,250.20596220504106,579.1878875163833,1216932.2322563725,424609.669495495,29800.996634544023,rutting
316.51635239540985,55.41020330009492,243.6532763360025,567.2354412421081,1243676.0202594586,466159.0258179336,29992.52723388126,rutting
341.78727978880517,55.41020330009492,236.95364302547551,555.2544381596717,1276639.6127213268,512910.7420774008,30345.86783541428,rutting
369.07585892906616,55.41020330009492,230.1365064082177,543.2491229020668,1316139.6679314177,565642.4269935816,30862.648392726805,rutting
398.54318080063774,55.41020330009492,223.2302881272722,531.2245460185774,1362575.4934710253,625262.5900202957,31546.90360205343,rutting
430.36319802541544,55.41020330009492,216.26222069357644,519.1865449090552,1416434.5896572925,692834.7469888503,32405.081088767194,rutting
464.7237517465168,55.41020330009492,209.25820999332495,507.14171262554964,1478299.812481775,769606.3242517154,33446.104619152735,rutting
501.8276804993071,55.41020330009492,202.24272590334166,495.09735588043407,1548858.275930539,857043.3788589989,34681.49165102882,rutting
541.8940176155999,55.41020330009492,195.23871954524486,483.06144361549826,1628912.1528531285,956872.3800453382,36125.526169024146,rutting
585.1592842296022,55.41020330009492,188.2675653750442,471.04254747172666,1719391.5757490392,1071130.5787142913,37795.48932351509,rutting
631.8788855185242,55.41020330009492,181.3490260616782,459.0497754617609,1821369.8850738204,1202226.8399713999,39711.95196494998,rutting
682.32861842019,55.41020330009492,174.50123794909007,447.0927000931971,1936081.5241380355,1353015.245834177,41899.13479268285,rutting
736.8062997280774,55.41020330009492,167.74071481309417,435.18128212726015,2064942.9377263896,1526884.3122217746,44385.343573999504,rutting
795.6335241748048,55.41020330009492,161.08236760684017,423.32579109000494,2209576.8977316846,1727865.3330423036,47203.48879088338,rutting
859.157562882462,55.41020330009492,154.53953792693434,411.53672358710656,2371840.755153355,1960764.1987556766,50391.70119959656,rutting
927.7534133867852,55.41020330009492,148.12404301616468,399.8247204131996,2553859.205834018,2231322.080619964,53994.057208389386,rutting
1001.8260133369538,55.41020330009492,141.8462302385793,388.20048339605955,2758062.259770639,2546411.6803656146,58061.430768321814,rutting
1081.8126309390202,55.41020330009492,135.71503910947197,376.67469287723725,2987229.2236869275,2914277.389206603,62652.491720699065,rutting
1168.18544625431,55.41020330009492,129.73806912853934,365.25792670522344,3244539.647328851,3344829.770821732,67834.87435792823,fatigue
1261.454338590822,55.41020330009492,123.92165184195325,353.96058160443215,3533632.3498988403,3850007.3970414056,73686.54445930522,fatigue
1362.1698964422794,55.41020330009492,118.27092574211441,342.7927977811808,3858673.8392952727,4444222.372797718,80297.39841169115,fatigue
1470.926667743175,55.41020330009492,112.78991279705008,331.7643876323604,4224437.66952482,5144910.082251119,87771.13440108248,fatigue
1588.3666696268983,55.41020330009492,107.481595580178,320.88476942807495,4636396.558187094,5973209.021082929,96227.44328686726,fatigue
1715.1831784058381,55.41020330009492,102.3479941415097,310.16290683853566,5100829.415125764,6954803.374151559,105804.57591455111,fatigue
1852.1248221466276,55.41020330009492,97.39024191998278,299.6072551598474,5624945.825716924,8120969.671496888,116662.35460861717,fatigue
2000.0000000000002,55.41020330009492,92.60866014064354,289.2257150536857,6217031.000321985,9509879.951046959,128985.7098049448,fatigue
100.0,58.780160722749116,292.19224519392117,725.7256990034966,1829773.8794540477,154687.1216383879,64038.73606684638,rutting
107.98408271867898,58.780160722749116,291.3374086817472,714.6143614135516,1730197.8898841287,165749.97518230687,58712.96471474448,rutting
116.60562120594504,58.780160722749116,289.9829962370823,703.4812886044925,1645381.5387085208,177820.97332241162,54199.12246659969,rutting
125.9155104576573,58.780160722749116,288.13904868070085,692.326248629756,1573601.7674184619,191012.24564756072,50373.17743432551,rutting
135.96870896824353,58.780160722749116,285.81895100229536,681.1483825738607,1513424.0601215935,205451.55256599846,47133.70062436101,rutting
146.824563163788,58.780160722749116,283.0391806971408,669.9463663561897,1463659.106956163,221284.7118993897,44397.64548710843,rutting
158.5471577381239,58.780160722749116,279.8190226187332,658.7185740881491,1423327.2389579802,238678.42114629794,42096.981695006834,rutting
171.20569396005033,58.780160722749116,276.18025752189135,647.4632388736894,1391629.3356418253,257823.547373942,40176.00685855477,rutting
184.87489818490914,58.780160722749116,272.14683161031746,636.1786073991624,1367923.1439652746,278938.9711850749,38589.197761567986,rutting
199.63546298206583,58.780160722749116,267.74451433131486,624.863085179535,1351704.1444818224,302276.0886348155,37299.49236809669,rutting
215.57452348237172,58.780160722749116,263.00055139635106,613.5153698847292,1342590.2643255645,328124.09596532804,36276.917124024054,rutting
232.78617175760255,58.780160722749116,257.943319573,602.1345707358223,1340309.8731236507,356816.20735924895,35497.49235529868,rutting
251.37201226837567,58.780160722749116,252.60198921930333,590.7203125136049,1344692.6120181947,388736.98654509976,34942.36295329992,rutting
271.4417616594907,58.780160722749116,247.00619984657496,579.2728232432212,1355662.7019243292,424331.01020782127,34597.1128962202,rutting
293.11389644342387,58.780160722749116,241.18575323323583,567.7930050947417,1373234.4585226572,464113.1262349959,34451.231155656256,rutting
316.51635239540985,58.780160722749116,235.1703278026607,556.2824884610634,1397509.811290426,508680.62468448863,34497.703705124935,rutting
341.78727978880517,58.780160722749116,228.98921715291132,544.7436695361343,1428677.6846687063,558727.7062465622,34732.71209334206,rutting
369.07585892906616,58.780160722749116,222.6710948137641,533.1797320162174,1467015.1534194413,615062.7146885383,35155.4236926931,rutting
398.54318080063774,58.780160722749116,216.24380653101804,521.5946537855783,1512890.3332276407,678628.6997848348,35767.86253693645,rutting
430.36319802541544,58.780160722749116,209.73419065982003,509.99319962881685,1566767.0132996456,750527.9998682265,36574.85282363809,rutting
464.7237517465168,58.780160722749116,203.16792660308923,498.38090113987255,1629211.081574948,832051.6837719915,37584.029837560636,rutting
501.8276804993071,58.780160722749116,196.56941066865028,486.7640250785405,1700898.8365649718,924714.877288976,38805.91538195445,rutting
541.8940176155999,58.780160722749116,189.96165824543453,475.14953146577886,1782627.3240440665,1030299.2277656858,40254.05689307894,rutting
585.1592842296022,58.780160722749116,183.3662308169231,463.545022716269,1875326.8831068105,1150904.0426299437,41945.231350056216,rutting
631.8788855185242,58.780160722749116,176.80318603710717,451.9586850875748,1980076.1357527627,1289007.9867886575,43899.71695616504,rutting
682.32861842019,58.780160722749116,170.2910488859509,440.39922368677236,2098119.7085099285,1447543.656650536,46141.63742996824,rutting
736.8062997280774,58.780160722749116,163.84680179074476,428.875792224091,2230889.035119542,1629987.8861549112,48699.385672117955,rutting
795.6335241748048,58.780160722749116,157.485891538386,417.397918644875,2380026.657601882,1840471.3093820699,51606.13563226183,rutting
859.157562882462,58.780160722749116,151.2222508022405,405.97542771160374,2547414.520953525,2083911.539053967,54900.45345818961,rutting
927.7534133867852,58.780160722749116,145.06833215616246,394.61836155131573,2735206.8464358053,2366175.363746502,58627.021539453584,rutting
1001.8260133369538,58.780160722749116,139.0351525380234,383.336899134608,2945868.2724176687,2694276.6740786503,62837.49194162527,rutting
1081.8126309390202,58.780160722749116,133.13234624666876,372.14127561301143,3182218.073021477,3076618.470044034,67591.48905845814,rutting
1168.18544625431,58.780160722749116,127.36822470130681,361.041702413829,3447481.406948547,3523289.368357609,72957.78519636959,fatigue
1261.454338590822,58.780160722749116,121.74984135339874,350.0482889753333,3745348.71610504,4046427.636213833,79015.67737787946,fatigue
1362.1698964422794,58.780160722749116,116.28306031156684,339.1709669993743,4080044.591131787,4660669.075387284,85856.59906203694,fatigue
1470.926667743175,58.780160722749116,110.97262741407964,328.4194180996099,4456407.65481475,5383699.260371851,93586.0069156136,fatigue
1588.3666696268983,58.780160722749116,105.82224265606729,317.803005726904,4879983.291991895,6236935.94424525,102325.59045213189,fatigue
1715.1831784058381,58.780160722749116,100.8346330455139,307.33071225245635,5357131.384787959,7246374.206537058,112215.86155557497,fatigue
1852.1248221466276,58.780160722749116,96.01162511953457,297.01108207623116,5895151.605311076,8443635.542914124,123419.19194619253,fatigue
2000.0000000000002,58.780160722749116,91.35421649741254,286.8521715948093,6502429.2868071385,9867273.123369426,136123.3799172631,fatigue
100.0,62.355073412739124,275.130556859564,708.6640919437353,2230441.2455884553,172072.25773639078,81214.72691488407,rutting
107.98408271867898,62.355073412739124,274.8287505996367,697.9009442306942,2096381.2497428472,184275.61609434284,73923.64912964805,rutting
116.60562120594504,62.355073412739124,274.0426180708198,687.1227479871748,1981870.315107132,197574.0813074137,67758.31383681929,rutting
125.9155104576573,62.355073412739124,272.7791530104054,676.3296237989495,1884476.9204437234,212086.70673179452,62539.51832076857,rutting
135.96870896824353,62.355073412739124,271.048694882034,665.5209457828105,1802177.0398096282,227948.94839861515,58121.35372254899,rutting
146.824563163788,62.355073412739124,268.86471594944305,654.6954975178029,1733289.8260293566,245315.20239465282,54384.787671473445,rutting
158.5471577381239,62.355073412739124,266.2435719361279,643.8516325380888,1676424.9721423094,264361.7507286511,51232.575816918856,rutting
171.20569396005033,62.355073412739124,263.204222851763,632.987435121685,1630439.703902305,285290.1888937741,48585.21964629205,rutting
184.87489818490914,62.355073412739124,259.7679308423519,622.1008774959987,1594403.7401558126,308331.42310149944,46377.750347892776,rutting
199.63546298206583,62.355073412739124,255.95794199109164,611.1899700502722,1567570.8726284702,333750.3429160693,44557.166889991786,rutting
215.57452348237172,62.355073412739124,251.7991588734981,600.2529016670406,1549356.074883804,361851.2963846505,43080.394111372865,rutting
232.78617175760255,62.355073412739124,247.31781037192457,589.2881678318599,1539317.2624550066,392984.5205099443,41912.65590584235,rutting
251.37201226837567,62.355073412739124,242.54112480440875,578.2946847284398,1537141.0010795642,427553.7110084231,41026.18142832863,rutting
271.4417616594907,62.355073412739124,237.49701184769185,567.2718880546203,1542631.6047787745,466024.9529273244,40399.18011665879,rutting
293.11389644342387,62.355073412739124,232.2137580635358,556.2198157871878,1555703.1861661836,508937.2793301276,40015.03534176817,rutting
316.51635239540985,62.355073412739124,226.71974010136213,545.1391745686784,1576374.322761855,556915.1807277512,39861.6775445481,rutting
341.78727978880517,62.355073412739124,221.04315887869114,534.0313897793571,1604765.0893152296,610683.455491939,39931.10646708745,rutting
369.07585892906616,62.355073412739124,215.21179726213725,522.8986396885599,1641096.2806031527,671084.8739418391,40219.03906546626,rutting
398.54318080063774,62.355073412739124,209.25280301139827,511.7438743506865,1685690.7147332386,739101.2296256917,40724.66530988872,rutting
430.36319802541544,62.355073412739124,203.19249802872636,500.57082012408443,1738976.5660818561,815878.4748559999,41450.498656055854,rutting
464.7237517465168,62.355073412739124,197.0562142946061,489.383970849667,1801492.7317368193,902756.789191415,42402.31176139281,rutting
501.8276804993071,62.355073412739124,190.86815628012192,478.18856683544277,1873896.2875600115,1001306.6160249545,43589.15122140153,rutting
541.8940176155999,62.355073412739124,184.65128911668154,466.9905628594637,1956972.1414256392,1113371.9321577195,45023.42787618015,rutting
585.1592842296022,62.355073412739124,178.42725137898253,455.7965864336426,2051645.043413178,1241122.2987702042,46721.081717072455,rutting
631.8788855185242,62.355073412739124,172.21629099824167,444.6138875713952,2158994.167282353,1387115.592819757,48701.82271918225,rutting
682.32861842019,62.355073412739124,166.03722256732007,433.45028127995636,2280270.535988441,1554373.7523091626,50989.45113291314,rutting
736.8062997280774,62.355073412739124,159.90740412248303,422.3140839600951,2416917.627939154,1746474.408195534,53612.26297288774,rutting
795.6335241748048,62.355073412739124,153.84273138121856,411.21404484796733,2570595.571911515,1967661.946658352,56603.548726493245,rutting
859.157562882462,62.355073412739124,147.85764737357292,400.1592735815721,2743209.419000679,2222982.381921345,60002.19574670144,rutting
927.7534133867852,62.355073412739124,141.96516541695078,389.1591649226623,2936942.0718958755,2518447.4649413377,63853.40747712763,rutting
1001.8260133369538,62.355073412739124,136.17690344217607,378.2233216180535,3154292.5577604882,2861234.7620056937,68209.55567027582,rutting
1081.8126309390202,62.355073412739124,130.50312777288386,367.3614763452427,3398120.454076189,3259932.0798485707,73131.18520159555,rutting
1168.18544625431,62.355073412739124,124.9528045826297,356.58341365805177,3671697.4205987765,3724836.6802296154,78688.19506571884,fatigue
1261.454338590822,62.355073412739124,119.53365739668808,345.8988928293073,3978766.9593663285,4268322.332388211,84961.22379958184,fatigue
1362.1698964422794,62.355073412739124,114.2522291614242,335.3175724785955,4323613.723639554,4905290.544678113,92043.27306687225,fatigue
1470.926667743175,62.355073412739124,109.11394756719523,324.8489378713444,4711143.931898307,5653726.487923862,100041.60964663955,fatigue
1588.3666696268983,62.355073412739124,104.1231924755686,314.5022317769073,5146978.721938123,6535385.418787661,109079.9938206257,fatigue
1715.1831784058381,62.355073412739124,99.28336446359144,304.2863897721976,5637562.611510681,7576642.149531626,119301.29141902404,fatigue
1852.1248221466276,62.355073412739124,94.59695365287797,294.2099808668909,6190289.626324839,8809544.701831883,130870.53788796095,fatigue
2000.0000000000002,62.355073412739124,90.06560813601936,284.281154298432,6813650.126029457,10273124.258320935,143978.53607468223,fatigue
100.0,66.14740641230149,258.5880008197027,691.6696211359044,2735387.933152116,191825.42324608535,103750.10750754643,rutting
107.98408271867898,66.14740641230149,258.7928643192396,681.2409409724708,2555040.779904087,205326.61040001723,93733.85536804708,rutting
116.60562120594504,66.14740641230149,258.5303549095014,670.8032460713575,2400817.45471618,220022.0162070417,85291.0141914095,rutting
125.9155104576573,66.14740641230149,257.8045940325693,660.3571023723764,2269278.867223341,236038.43454034955,78161.1583447185,rutting
135.96870896824353,66.14740641230149,256.62302112539675,649.9022197702523,2157567.1449500136,253519.90555677025,72133.32679570142,rutting
146.824563163788,66.14740641230149,254.9962190409117,639.4375999803334,2063309.7078475764,272630.37734431686,67036.18915756312,rutting
158.5471577381239,66.14740641230149,252.93770076352592,628.9616919386327,1984541.0879699993,293556.7909233575,62730.299292364114,rutting
171.20569396005033,66.14740641230149,250.46366335315602,618.4725503780853,1919639.2449577076,316512.6631808524,59101.97901870293,rutting
184.87489818490914,66.14740641230149,247.59271545001124,607.9679935312481,1867273.7559658792,341742.2573870355,56058.47834988469,rutting
199.63546298206583,66.14740641230149,244.3455848725089,597.4457563171915,1826363.767393409,369525.449067773,53524.138533795005,rutting
215.57452348237172,66.14740641230149,240.74481285038084,586.9036358475267,1796044.0081524577,400183.41680593643,51437.34563166875,rutting
232.78617175760255,66.14740641230149,236.81444126778413,576.3396266050282,1775637.4989727738,434085.31379390333,49748.10977797943,rutting
251.37201226837567,66.14740641230149,232.57969896557964,565.7520431823376,1764633.864595796,471656.10761599365,48416.14190422281,rutting
271.4417616594907,66.14740641230149,228.06669269058605,555.1396289955409,1762672.3780707456,513385.8139946147,47409.32810277248,rutting
293.11389644342387,66.14740641230149,223.3021077084079,544.5016498896425,1769529.0487859268,559840.396564112,46702.52387695827,rutting
316.51635239540985,66.14740641230149,218.31292244310006,533.8379720161633,1785107.2165386805,611674.6609725503,46276.60774178329,rutting
341.78727978880517,66.14740641230149,213.1261407998328,523.1491237772835,1809431.239534896,669647.5400242979,46117.74713395385,rutting
369.07585892906616,66.14740641230149,207.7685450936486,512.4363419901542,1842642.970163208,734640.2499810762,46216.84022599503,rutting
398.54318080063774,66.14740641230149,202.26647177427364,501.70160272645285,1885000.8031940286,807677.9000328329,46569.10568394624,rutting
430.36319802541544,66.14740641230149,196.64561142703275,490.9476375262295,1936881.1604262993,889955.2616792275,47173.79917673202,rutting
464.7237517465168,66.14740641230149,190.93083386286435,480.1779358739634,1998782.346870476,982867.5577421094,48034.04093810878,rutting
501.8276804993071,66.14740641230149,185.14603850196352,469.39673496281307,2071330.7789837073,1088047.3187143211,49156.74321217887,rutting
541.8940176155999,66.14740641230149,179.3140297172122,458.60899786571343,2155289.6475951737,1207408.5855876186,50552.63022806398,rutting
585.1592842296022,66.14740641230149,173.45641634256725,447.8203812854823,2251570.139075253,1343200.0237778623,52236.34664631686,rutting
631.8788855185242,66.14740641230149,167.59353417147904,437.0371940771089,2361245.399959992,1498068.865574097,54226.65336017338,rutting
682.32861842019,66.14740641230149,161.74438997112742,426.26634773066866,2485567.49452738,1675138.0354177188,56546.71225348817,rutting
736.8062997280774,66.14740641230149,155.92662531691246,415.5152999793656,2625987.6736231893,1878099.3543926987,59224.46413019729,rutting
795.6335241748048,66.14740641230149,150.15649840298195,404.79199266039564,2784180.3483252632,2111326.394297613,62293.106641593826,rutting
859.157562882462,66.14740641230149,144.44888190174356,394.1047849123334,2962071.245945537,2380011.3914586357,65791.681745389,rutting
927.7534133867852,66.14740641230149,138.81727492034835,383.462382746717,3161870.320767009,2690331.6790955164,69765.7851309136,rutting
1001.8260133369538,66.14740641230149,133.27382712652178,372.87376598779406,3386110.100496128,3049652.409434292,74268.41323766265,rutting
1081.8126309390202,66.14740641230149,127.8293731812741,362.3481135363955,3637690.274804198,3466773.982923758,79360.96708725681,rutting
1168.18544625431,66.14740641230149,122.49347571357893,351.89472788409915,3919929.478204649,3952234.6714864043,85114.4362619396,fatigue
1261.454338590822,66.14740641230149,117.2744751941964,341.52295978319,4236625.390213044,4518681.53063929,91610.79113369776,fatigue
1362.1698964422794,66.14740641230149,112.17954520524447,331.2421339664192,4592124.476436186,5181325.989149694,98944.61703786027,fatigue
1470.926667743175,66.14740641230149,107.21475175238918,321.06147680620876,4991402.931114058,5958504.674558922,107225.03068402491,fatigue
1588.3666696268983,66.14740641230149,102.38511542190628,310.9900468025942,5440160.6620693905,6872371.323117122,116577.92693235142,fatigue
1715.1831784058381,66.14740641230149,97.69467534034607,301.03666878787345,5944930.491808289,7949752.349178558,127148.61340657239,fatigue
1852.1248221466276,66.14740641230149,93.14655404577067,291.2098727275445,6513205.144143327,9223207.219807899,139104.90159273605,fatigue
2000.0000000000002,66.14740641230149,88.74302252282203,281.5178379744139,7153585.056625466,10732345.722746858,152640.73647635384,fatigue
100.0,70.1703828670383,242.57478418671076,674.7733503696364,3375872.3887125202,214285.42558772356,133545.44177906786,rutting
107.98408271867898,70.1703828670383,243.241284850882,664.6661318059572,3133106.296831872,229264.3662008887,119726.20929949229,rutting
116.60562120594504,70.1703828670383,243.45882378766626,654.555217059819,2925554.824955715,245550.66625160418,108124.02398611682,rutting
125.9155104576573,70.1703828670383,243.22883648387847,644.4416978401115,2748336.0521265916,263279.79169794364,98357.922334256,rutting
135.96870896824353,70.1703828670383,242.55602169436045,634.3257115618718,2597405.116135657,282605.3737563615,90121.08426105733,rutting
146.824563163788,70.1703828670383,241.44820437564366,624.2065791055041,2469410.2420476754,303702.0092504965,83165.63464380763,rutting
158.5471577381239,70.1703828670383,239.9161582500014,614.0829529980408,2361576.0328092896,326768.5015656489,77290.75768761143,rutting
171.20569396005033,70.1703828670383,237.97339324917655,603.9529716320499,2271608.8196988595,352031.6182823587,72333.375914543,rutting
184.87489818490914,70.1703828670383,235.63591359156817,593.8144153602719,2197619.9104310935,379750.4569569103,68160.82061592778,rutting
199.63546298206583,70.1703828670383,232.92195256396946,583.6648606409938,2138063.405024792,410221.52904804546,64665.05377388465,rutting
215.57452348237172,70.1703828670383,229.8516902121461,573.5018288319903,2091685.9161805382,443784.69428048225,61758.10295579939,rutting
232.78617175760255,70.1703828670383,226.44696010239198,563.3229267111265,2057486.0656374763,480830.1045594005,59368.44821426238,rutting
251.37201226837567,70.1703828670383,222.7309511126552,553.1259763127099,2034682.0577846754,521806.3488654929,57438.159388711036,rutting
271.4417616594907,70.1703828670383,218.72790986530873,542.9091321865932,2022685.9782831236,567230.0295601491,55920.627782774616,rutting
293.11389644342387,70.1703828670383,214.46284894624338,532.6709846916008,2021083.7458699618,617697.047696412,54778.77129155651,rutting
316.51635239540985,70.1703828670383,209.96126549140857,522.4106484099351,2029619.8736759461,673895.9321025641,53983.61917906085,rutting
341.78727978880517,70.1703828670383,205.24887408843355,512.1278352026496,2048186.3833561542,736623.6164638931,53513.20375523453,rutting
369.07585892906616,70.1703828670383,200.35135726404695,501.8229118099203,2076815.3700045757,806804.153206645,53351.702616238166,rutting
398.54318080063774,70.1703828670383,195.2941361334079,491.496942229038,2115674.8453709763,885510.9562039827,53488.78798869318,rutting
430.36319802541544,70.1703828670383,190.10216309889566,481.15171537630863,2165067.597155452,973993.2905496942,53919.14989818272,rutting
464.7237517465168,70.1703828670383,184.79973782445364,470.78975875738956,2225432.897901401,1073707.882326123,54642.16800839353,rutting
501.8276804993071,70.1703828670383,179.41034709481258,460.41433903710606,2297350.9822138962,1186356.7112193198,55661.71354724645,rutting
541.8940176155999,70.1703828670383,173.95652861061822,450.02945051911195,2381550.289055768,1313932.2824933373,56986.068136757065,rutting
585.1592842296022,70.1703828670383,168.45975828049623,439.6397926234387,2478917.5396236177,1458771.962857298,58627.950877767515,rutting
631.8788855185242,70.1703828670383,162.94036015536014,429.25073749231916,2590510.7933704676,1623623.3204868122,60604.6489507998,rutting
682.32861842019,70.1703828670383,157.4174378111996,418.8682888682652,2717575.6975100185,1811722.8496834189,62938.25047617111,rutting
736.8062997280774,70.1703828670383,151.90882572344643,408.4990333796043,2861565.221102006,2026891.0065483563,65655.98159331294,rutting
795.6335241748048,70.1703828670383,146.43105898545133,398.1500853440321,3024163.2458721614,2273647.160375346,68790.65281128522,rutting
859.157562882462,70.1703828670383,140.99935960027625,387.829026165947,3207312.4746476533,2557348.9101535063,72381.22277543719,rutting
927.7534133867852,70.1703828670383,135.62763751210616,377.54383936379253,3413247.2172626047,2884361.2696984406,76473.49080710231,rutting
1001.8260133369538,70.1703828670383,130.32850453343477,367.3028422239148,3644531.7258655685,3262262.543345843,81120.93302057833,rutting
1081.8126309390202,70.1703828670383,125.11329935867302,357.1146150412898,3904104.879994984,3700095.366828388,86385.70062505562,rutting
1168.18544625431,70.1703828670383,119.9921219258469,346.9879288776588,4195332.1703476235,4208673.464388577,92339.80330888693,fatigue
1261.454338590822,70.1703828670383,114.97387548773703,336.93167274569913,4522066.103270448,4800957.287990829,99066.50552529813,fatigue
1362.1698964422794,70.1703828670383,110.06631487484603,326.9547811141953,4888716.350883824,5492515.004816732,106661.96921930701,fatigue
1470.926667743175,70.1703828670383,105.2760995682017,317.06616262259456,5300331.210609557,6302089.474232119,115237.18325045034,fatigue
1588.3666696268983,70.1703828670383,100.60885034421219,307.2746308913086,5762692.220125038,7252297.148694993,124920.22770545226,fatigue
1715.1831784058381,70.1703828670383,96.06920840122201,297.5888383124094,6282424.108209126,8370491.558756222,135858.93073391463,fatigue
1852.1248221466276,70.1703828670383,91.66089602342764,288.01721369879493,6867122.659064857,9689832.605910912,148223.98680670196,fatigue
2000.0000000000002,70.1703828670383,87.3867779783688,278.5679046516913,7525503.539940919,11250613.8127452,162212.6187841338,fatigue
100.0,74.43803013251689,227.0992920748081,658.0037011059924,4193792.458446944,239841.53180117495,173258.34617962525,rutting
107.98408271867898,74.43803013251689,228.18385264430117,648.205703259256,3866412.739145727,256504.0528348586,154095.1367913324,rutting
116.60562120594504,74.43803013251689,228.83908127919827,638.4085647873405,3586912.251001253,274603.29871042905,138082.04603715954,rutting
125.9155104576573,74.43803013251689,229.06392281355048,628.6139705273862,3348327.465380195,294284.4773342383,124657.684246579,rutting
135.96870896824353,74.43803013251689,228.86050608702388,618.822565288286,3144912.0429561674,315711.9600499406,113372.82867069556,rutting
146.824563163788,74.43803013251689,228.23404315515683,609.0340796465837,2971919.13514911,339072.2359972209,103866.71534418233,rutting
158.5471577381239,74.43803013251689,227.192687072337,599.247468918925,2825426.0342998197,364577.32710649096,95848.6447822107,rutting
171.20569396005033,74.43803013251689,225.74735278831105,589.4610609680185,2702192.762642229,392468.74144169915,89083.66398016515,rutting
184.87489818490914,74.43803013251689,223.91150629363997,579.672708629625,2599547.9337523784,423022.05832970695,83381.38582675262,rutting
199.63546298206583,74.43803013251689,221.7009275699733,569.8799428067252,2515296.5981424726,456552.25768100796,78587.23174814174,rutting
215.57452348237172,74.43803013251689,219.13345314638943,560.0801226366241,2447645.8751341156,493419.928738885,74575.55288190824,rutting
232.78617175760255,74.43803013251689,216.2287041377905,550.2705795695274,2395145.037543719,534038.5209661408,71244.21323643732,rutting
251.37201226837567,74.43803013251689,213.0078055550559,540.4487526759596,2356637.402385212,578882.8328511576,68510.31546710225,rutting
271.4417616594907,74.43803013251689,209.4931024435279,530.6123130002788,2331221.927769391,628498.974283907,66306.82380270952,rutting
293.11389644342387,74.43803013251689,205.70787804463845,520.7592752767348,2318222.8533860072,683516.0863040627,64579.89503843284,rutting
316.51635239540985,74.43803013251689,201.67607870644372,510.88809580475004,2317166.072977295,744660.1603063189,63286.771679030506,rutting
341.78727978880517,74.43803013251689,197.42204971607086,500.99775572724315,2327761.2106636553,812770.3694985195,62394.12449555551,rutting
369.07585892906616,74.43803013251689,192.97028561534032,491.08782935950506,2349888.6035894738,888818.4113986642,61876.75737537181,rutting
398.54318080063774,74.43803013251689,188.34519791485127,481.1585375698584,2383590.582813878,973931.4649703577,61716.6072271565,rutting
430.36319802541544,74.43803013251689,183.57090246532437,471.2107865136065,2429066.602010635,1069419.4940394615,61901.98723206437,rutting
464.7237517465168,74.43803013251689,178.6710280997447,461.24619226828395,2486671.896863406,1176807.7853910155,62427.03395867033,rutting
501.8276804993071,74.43803013251689,173.66854754482023,451.2670921126007,2556919.473135287,1297875.8022542945,63291.32858300665,rutting
541.8940176155999,74.43803013251689,168.5856310311209,441.27654333738127,2640485.3232641425,1434703.6702870307,64499.67029002426,rutting
585.1592842296022,74.43803013251689,163.44352252007,431.27831057908855,2738216.8641807744,1589727.9043609125,66061.98635383007,rutting
631.8788855185242,74.43803013251689,158.26243802101033,421.27684273092854,2851144.676467163,1765808.3438446075,67993.36877210706,rutting
682.32861842019,74.43803013251689,153.06148509765694,411.27724051925185,2980497.71014686,1966308.708546682,70314.2319591256,rutting
736.8062997280774,74.43803013251689,147.85860236183618,401.28521584044813,3127722.208247253,2195193.73827851,73050.59011930104,rutting
795.6335241748048,74.43803013251689,142.6705175221613,391.307043941935,3294504.6885787025,2457146.5629874677,76234.45672640449,rutting
859.157562882462,74.43803013251689,137.51272239253953,381.3495095062638,3482799.4197123847,2757710.8016035515,79904.37219141162,rutting
927.7534133867852,74.43803013251689,132.39946316470602,371.41984766521716,3694860.9317879123,3103462.949308107,84106.06946598813,rutting
1001.8260133369538,74.43803013251689,127.34374420367807,361.5256809358547,3933282.219644337,3502221.9397903914,88893.29114092127,rutting
1081.8126309390202,74.43803013251689,122.35734362769384,351.6749530369346,4201039.428290168,3963304.431219326,94328.77569992533,rutting
1168.18544625431,74.43803013251689,117.45083897715898,341.8758605149597,4501543.962826261,4497836.451583191,100485.43512480475,rutting
1261.454338590822,74.43803013251689,112.63364135267715,332.136783086447,4838703.141147168,5119134.665253994,107447.75117556124,fatigue
1362.1698964422794,74.43803013251689,107.91403650305121,322.46621358764594,5216990.713384123,5843173.834996401,115313.42356493384,fatigue
1470.926667743175,74.43803013251689,103.2992314633194,312.8726884143547,5641528.8133923635,6689161.240870075,124195.31011338069,fatigue
1588.3666696268983,74.43803013251689,98.79540547418148,303.3647193307797,6118183.192063344,7680244.122397243,134223.7070437155,fatigue
1715.1831784058381,74.43803013251689,94.4077640519343,293.95072752421027,6653673.918697001,8844382.945895292,145549.0271334151,fatigue
1852.1248221466276,74.43803013251689,90.14059521732867,284.6389807769437,7255704.135588884,10215431.868733676,158344.94481840316,fatigue
2000.0000000000002,74.43803013251689,85.99732702823768,275.43753461263003,7933109.924817622,11834478.697930446,172812.09093054684,fatigue
100.0,78.96522868499724,212.16808846234852,641.3864704951899,5245766.778821521,268941.1953845174,226640.02916858962,rutting
107.98408271867898,78.96522868499724,213.62869995338588,631.8862500716735,4803016.860320517,287522.78931998624,199910.68644866493,rutting
116.60562120594504,78.96522868499724,214.6805970112708,622.3906482733609,4425929.987251279,307689.2606889395,177696.0435870983,rutting
125.9155104576573,78.96522868499724,215.32043556137992,612.9019969589317,4104515.01116856,329596.79618842714,159162.13731542652,rutting
135.96870896824353,78.96522868499724,215.54795431570514,603.4215156958026,3830568.1301285494,353421.8275748848,143646.35405560414,rutting
146.824563163788,78.96522868499724,215.36590867008186,593.9494239483286,3597340.896285839,379364.1560688748,130620.07413215723,rutting
158.5471577381239,78.96522868499724,214.7799626930206,584.4850690180975,3399274.7586248894,407650.5606605619,119659.9367464164,rutting
171.20569396005033,78.96522868499724,213.7985430283164,575.0270655022242,3231788.3987018284,438538.9698488331,110425.65410684227,rutting
184.87489818490914,78.96522868499724,212.43265920195464,565.5734420701369,3091107.077178476,472323.2923970446,102642.8193199854,rutting
199.63546298206583,78.96522868499724,210.6956953327849,556.1217915332586,2974125.518154952,509339.02210280544,96089.53654482223,rutting
215.57452348237172,78.96522868499724,208.60317859143942,546.6694204706279,2878297.66323144,549969.7549905189,90585.98825050132,rutting
232.78617175760255,78.96522868499724,206.17252993373256,537.2134950501639,2801548.040953341,594654.7855215019,85986.26863930255,rutting
251.37201226837567,78.96522868499724,203.42280265883278,527.7511801229966,2742200.607277928,643897.9823415966,82171.97307480214,rutting
271.4417616594907,78.96522868499724,200.37441421901994,518.2797691416135,2698921.7866411125,698278.1849485999,79047.15442266596,rutting
293.11389644342387,78.96522868499724,197.04887645113345,508.7968029382509,2670675.1335691386,758461.4119549415,76534.34869313275,rutting
316.51635239540985,78.96522868499724,193.46852902768765,499.30017587826705,2656685.5823040544,825215.2312026353,74571.44175431402,rutting
341.78727978880517,78.96522868499724,189.6562804586647,489.78822835795233,2656411.6882778467,899425.7141698827,73109.20171127326,rutting
369.07585892906616,78.96522868499724,185.63536043560666,480.259825035049,2669524.615186744,982117.4847663702,72109.3419411032,rutting
398.54318080063774,78.96522868499724,181.42908672105938,470.71441855454134,2695892.9042166886,1074477.479321534,71543.01081384241,rutting
430.36319802541544,78.96522868499724,177.06064917172876,461.1520988569059,2735572.2928423095,1177883.164771389,71389.62811373513,rutting
464.7237517465168,78.96522868499724,172.5529128647422,451.57362842873454,2788800.041567098,1293936.1212790785,71636.00683297205,rutting
501.8276804993071,78.96522868499724,167.92824169302577,441.9804640768571,2855993.3875448685,1424502.0906799098,72275.71364395488,rutting
541.8940176155999,78.96522868499724,163.20834322507685,432.37476597930464,2937751.881908256,1571758.8318350993,73308.63295453634,rutting
585.1592842296022,78.96522868499724,158.41413510027326,422.759394893422,3034863.489093906,1738253.4189881282,74740.70876754484,rutting
631.8788855185242,78.96522868499724,153.5656327637428,413.1378984884905,3148314.4367049453,1926970.983051209,76583.84618133138,rutting
682.32861842019,78.96522868499724,148.68185794175434,403.51448782289447,3279302.907920225,2141417.3453871394,78855.9607331404,rutting
736.8062997280774,78.96522868499724,143.78076692322324,393.89400501043974,3429256.769042647,2385718.550474776,81581.16925796469,rutting
795.6335241748048,78.96522868499724,138.87919744599643,384.2818831230028,3599855.6260223705,2664740.994850307,84790.12079890845,rutting
859.157562882462,78.96522868499724,133.99283278621164,374.6840993632497,3793057.609069951,2984236.7090602103,88520.47059827321,rutting
927.7534133867852,78.96522868499724,129.13618151130603,365.10712251736004,4011131.397140468,3351019.4203676637,92817.50452494841,rutting
1001.8260133369538,78.96522868499724,124.32257127671816,355.55785566850125,4256694.117594568,3773178.3616946395,97734.92563516751,rutting
1081.8126309390202,78.96522868499724,119.56415501646428,346.04357512157145,4532755.894462194,4260338.46691537,103335.81909129808,rutting
1168.18544625431,78.96522868499724,114.87192789146243,336.57186646196106,4842771.975595441,4823977.693707851,109693.81654624266,rutting
1261.454338590822,78.96522868499724,110.25575340939136,327.15055864814775,5190703.54931052,5477814.85729565,116894.48651495091,fatigue
1362.1698964422794,78.96522868499724,105.72439720878371,317.78765702129033,5581088.570332957,6238284.688401081,125036.98338976805,fatigue
1470.926667743175,78.96522868499724,101.28556710104,308.4912761045769,6019124.159350102,7125121.035097874,134235.99482600045,fatigue
1588.3666696268983,78.96522868499724,96.94595808070424,299.26957305975986,6510762.427748764,8162074.45338448,144624.0354725704,fatigue
1715.1831784058381,78.96522868499724,92.71130114079936,290.13068266537454,7062821.918058372,9377797.187331274,156354.1447352509,fatigue
1852.1248221466276,78.96522868499724,88.58641486105242,281.0826546766307,7683117.251751643,10806937.12903353,169603.0577730585,fatigue
2000.0000000000002,78.96522868499724,84.57525886784522,272.13339441588096,8380610.051831969,12491493.290790584,184574.93264118966,fatigue
100.0,83.76776400682915,197.78593104889063,624.9448745050759,6608973.635637658,302099.01781780523,299038.1977198743,rutting
107.98408271867898,83.76776400682915,199.58225084211236,615.7318030178989,6007898.966550595,322869.1286889832,261508.74818091563,rutting
116.60562120594504,83.76776400682915,200.99124027819408,606.5262938836902,5497670.290919709,345394.0442216405,230508.39108238879,rutting
125.9155104576573,83.76776400682915,202.0074721379095,597.3313662350332,5063854.044463545,369842.3686582493,204787.27159671765,rutting
135.96870896824353,83.76776400682915,202.62848146564065,588.1488688393403,4694667.861523759,396404.1212881191,183360.01036852587,rutting
146.824563163788,83.76776400682915,202.8547322600269,578.9795772716602,4380469.449114413,425294.0474356827,165446.20082882798,rutting
158.5471577381239,83.76776400682915,202.68954231472568,569.8233091935558,4113351.2396306684,456755.44036287,150425.0623939747,rutting
171.20569396005033,83.76776400682915,202.138969314913,560.6790536792317,3886818.102178205,491064.55568190606,137800.7367122482,rutting
184.87489818490914,83.76776400682915,201.21166202127634,551.5451104664164,3695530.4832724114,528535.7162226355,127175.61891690678,rutting
199.63546298206583,83.76776400682915,199.91868095578155,542.4192350940557,3535099.2661991064,569527.2251554288,118229.78037528245,rutting
215.57452348237172,83.76776400682915,198.2732934349097,533.2987860999333,3401921.662066161,614448.2291823241,110705.0292205879,rutting
232.78617175760255,83.76776400682915,196.29074807369747,524.180870764062,3293049.7849915293,663766.7025617579,104392.51726422284,rutting
251.37201226837567,83.76776400682915,193.98803400974637,515.0624862719559,3206085.37895248,718018.7575959841,99123.07087944144,rutting
271.4417616594907,83.76776400682915,191.38363007678836,505.9406536100805,3139095.5764014046,777819.5291889113,94759.62390700802,rutting
293.11389644342387,83.76776400682915,188.49724900298858,496.81254196989323,3090545.671817828,843875.9316752899,91191.28059493612,rutting
316.51635239540985,83.76776400682915,185.34958143413212,487.6755819057657,3059245.758041726,917001.6471987468,88328.64921347663,rutting
341.78727978880517,83.76776400682915,181.96204420357907,478.52756594784313,3044308.754061882,998134.7788044888,86100.1719261424,rutting
369.07585892906616,83.76776400682915,178.3565368091349,469.3667357992927,3045117.8918597875,1088358.691011934,84449.2408345175,rutting
398.54318080063774,83.76776400682915,174.5552095329978,460.1918556378754,3061302.159299625,1188926.6695509767,83331.93907551332,rutting
430.36319802541544,83.76776400682915,170.5802460765657,451.0022713873144,3092718.5409742994,1301291.1646726804,82715.28330335116,rutting
464.7237517465168,83.76776400682915,166.4536629985076,441.7979561205094,3139440.178877645,1427138.5445728574,82575.8727099026,rutting
501.8276804993071,83.76776400682915,162.19712766223958,432.57954200325946,3201749.8050524746,1568430.4839622176,82898.8720716968,rutting
541.8940176155999,83.76776400682915,157.8317958358552,423.34833938478806,3280137.9910217784,1727453.3563796678,83677.27376875587,rutting
585.1592842296022,83.76776400682915,153.37816955899154,414.10634379301473,3375305.923467954,1906877.2983525074,84911.39751263104,rutting
631.8788855185242,83.76776400682915,148.85597540934484,404.85623170241746,3488172.560069548,2109826.982589368,86608.59756962508,rutting
682.32861842019,83.76776400682915,144.28406287566196,395.60134601568177,3619886.1500562285,2339966.5931641934,88783.1562753658,rutting
736.8062997280774,83.76776400682915,139.68032217976457,386.34567224285735,3771840.226336646,2601602.0596551592,91456.35015497591,rutting
795.6335241748048,83.76776400682915,135.06162059030547,377.09380637943605,3945694.2947307914,2899804.306615677,94656.68141856224,rutting
859.157562882462,83.76776400682915,130.44375603552302,367.850915483528,4143399.565202369,3240558.1439372217,98420.27333960152,rutting
927.7534133867852,83.76776400682915,125.8414266489637,358.6226919378282,4367230.194115489,3630942.5061610965,102791.43332892972,rutting
1001.8260133369538,83.76776400682915,121.26821476691545,349.4153023595151,4619820.639469712,4079349.0999190947,107823.39263322762,rutting
1081.8126309390202,83.76776400682915,116.7365838336491,340.23533209518706,4904209.876980336,4595748.2088377355,113579.23673244868,rutting
1168.18544625431,83.76776400682915,112.25788665418752,331.08972621220653,5223893.388256292,5192012.52423824,120133.04589079898,rutting
1261.454338590822,83.76776400682915,107.84238345737104,321.9857278752474,5582884.018167856,5882312.532597663,127571.27113411122,fatigue
1362.1698964422794,83.76776400682915,103.49926828751178,312.9308149792475,5985783.0124458335,6683600.344004124,135994.37739438738,fatigue
1470.926667743175,83.76776400682915,99.23670232410812,303.93263589798056,6437862.795142623,7616203.0783136925,145518.7929093918,fatigue
1588.3666696268983,83.76776400682915,95.06185282943956,294.9989452004926,6945163.336439881,8704552.279682366,156279.21244856343,fatigue
1715.1831784058381,83.76776400682915,90.98093653736908,286.13754018365506,7514604.303374896,9978082.617377542,168431.31185117605,fatigue
1852.1248221466276,83.76776400682915,86.99926641790975,277.3561990650181,8154115.589951251,11472341.752934728,182154.94305228803,fatigue
2000.0000000000002,83.76776400682915,83.12130087616781,268.662621671371,8872789.301300492,13230364.228977356,197657.89264177813,fatigue
100.0,88.86238162743403,183.95579929199076,608.6996133104592,8389594.935363809,339907.1535050295,398157.62271227466,rutting
107.98408271867898,88.86238162743403,186.04923421215145,599.7638800506314,7569696.573022684,363174.05490085576,345074.7982236448,rutting
116.60562120594504,88.86238162743403,187.77727932215697,590.8378316611876,6876625.502605429,388390.94111503044,301524.6062424283,rutting
125.9155104576573,88.86238162743403,189.13263174709337,581.9252012116106,6289367.414311716,415740.5169781709,265615.79921974643,rutting
135.96870896824353,88.86238162743403,190.11081373167525,573.0285079952837,5790882.285713566,445428.1667484941,235869.8671641695,rutting
146.824563163788,88.86238162743403,190.71016997748296,564.1491385353481,5367309.166033787,477685.46840811044,211125.1379901502,rutting
158.5471577381239,88.86238162743403,190.93182368586207,555.2874477907378,5007341.238950607,512774.25019601727,190464.42587880782,rutting
171.20569396005033,88.86238162743403,190.77959370862231,546.4428767422705,4701733.118896431,550991.2733718096,173160.18777238484,rutting
184.87489818490914,88.86238162743403,190.25987597721985,537.6140823766702,4442911.213483659,592673.6418029043,158632.7577951067,rutting
199.63546298206583,88.86238162743403,189.3814930225262,528.7990760786529,4224664.722066827,638205.0592395472,146418.39590065717,rutting
215.57452348237172,88.86238162743403,188.15551590158202,519.9953665695361,4041899.969971739,688023.0797527755,136144.73597682998,rutting
232.78617175760255,88.86238162743403,186.59506320932135,511.2001037729147,3890444.696083976,742627.5265624154,127511.8390701918,rutting
251.37201226837567,88.86238162743403,184.71508207104603,502.41022031903657,3766891.9144065054,802590.2903561628,120277.51275817589,rutting
271.4417616594907,88.86238162743403,182.53211608836412,493.6225677944316,3668475.279686788,868566.7614091478,114245.8933370996,rutting
293.11389644342387,88.86238162743403,180.06406515451425,484.8340452778515,3592969.6699166195,941309.2018637907,109258.53595339114,rutting
316.51635239540985,88.86238162743403,177.32994187516348,476.04171815536,3538612.0800103103,1021682.4273034275,105187.4425275365,rutting
341.78727978880517,88.86238162743403,174.34962904205622,467.2429256573619,3504038.996198944,1110682.2425943955,101929.59526439336,rutting
369.07585892906616,88.86238162743403,171.1436422261058,458.4353759923251,3488237.2616495555,1209457.1688063138,99402.66702504497,rutting
398.54318080063774,88.86238162743403,167.73290110259833,449.61722835366385,3490506.1053334605,1319334.109492691,97541.6578334781,rutting
430.36319802541544,88.86238162743403,164.13851261421192,440.7871614387329,3510428.5301120975,1441848.7402637985,96296.26587988857,rutting
464.7237517465168,88.86238162743403,160.3815685380005,431.9444284364498,3547850.67452859,1578781.5710664645,95628.84639417568,rutting
501.8276804993071,88.86238162743403,156.48295947019582,423.08889870997655,3602868.100698857,1732200.8329508854,95512.84626694165,rutting
541.8940176155999,88.86238162743403,152.46320669611953,414.2210866228512,3675818.2372580552,1904513.5891513273,95931.62893866855,rutting
585.1592842296022,88.86238162743403,148.3423128880438,405.34216813270075,3767278.436631337,2098526.7750343475,96877.624835198,rutting
631.8788855185242,88.86238162743403,144.1396320852468,396.4539859095591,3878069.3019189625,2317520.2466471544,98351.75898054791,rutting
682.32861842019,88.86238162743403,139.8737589685999,387.55904383022477,4009263.110023232,2565334.380516463,100363.12048579747,rutting
736.8062997280774,88.86238162743403,135.56243705453437,378.66049176139455,4162197.3121751887,2846475.339740472,102928.84924877714,rutting
795.6335241748048,88.86238162743403,131.22248510490746,369.76210157803047,4338493.2373652905,3166241.8306872826,106074.22406214713,rutting
859.157562882462,88.86238162743403,126.86974078203302,360.8682353754269,4540080.264099625,3530878.0553798387,109832.9439334185,rutting
927.7534133867852,88.86238162743403,122.51902037142042,351.9838068293053,4769225.866591584,3947758.6607503165,114247.60118311357,rutting
1001.8260133369538,88.86238162743403,118.1840932459666,343.114236643363,5028572.087869225,4425612.853019101,119370.35114749902,rutting
1081.8126309390202,88.86238162743403,113.87766965022756,334.2654030027379,5321179.149189183,4974796.554257906,125263.78936192613,rutting
1168.18544625431,88.86238162743403,109.61140033657144,325.4435879289482,5650577.077616876,5607623.618920672,132002.05320091615,rutting
1261.454338590822,88.86238162743403,105.39588658031407,316.65542041023707,6020826.42705144,6338769.81594847,139672.17134782553,fatigue
1362.1698964422794,88.86238162743403,101.2406991318413,307.90781716321254,6436589.388313543,7185766.664343986,148375.6914044265,fatigue
1470.926667743175,88.86238162743403,97.15440472363368,299.2079218683039,6903212.837945789,8169606.4757662,158230.62368348587,fatigue
1588.3666696268983,88.86238162743403,93.1445988325727,290.5630437129529,7426825.170912377,9315485.349218292,169373.7480318247,fatigue
1715.1831784058381,88.86238162743403,89.21794349689098,281.98059607124753,8014449.108520639,10653717.69210291,181963.34071686998,fatigue
1852.1248221466276,88.86238162743403,85.38020909696286,273.468036144434,8674133.080306344,12220864.510228341,196182.3903317282,fatigue
2000.0000000000002,88.86238162743403,81.63631912479133,265.0328063796417,9415104.25987973,14061128.73421806,212242.38574572734,fatigue
100.0,94.26684551178855,170.6789346894576,592.6689560127362,10735170.327987133,383047.4043412367,535225.2216666971,rutting
107.98408271867898,94.26684551178855,173.03270910289385,584.001557988302,9610454.263515452,409163.74764938885,459527.7857415335,rutting
116.60562120594504,94.26684551178855,175.0433927118375,575.3451532327356,8664471.02735107,437454.55286435736,397889.7718894569,rutting
125.9155104576573,94.26684551178855,176.7020140534848,566.7042020922132,7866356.592162069,468118.6039026987,347419.267314556,rutting
135.96870896824353,94.26684551178855,178.0022756932174,558.0819226187494,7191271.470825399,501378.73061829904,305876.13834620063,rutting
146.824563163788,94.26684551178855,178.94057985867065,549.4803545282117,6619149.185146525,537485.5429090431,271515.4925783288,rutting
158.5471577381239,94.26684551178855,179.51601378531086,540.9004451594105,6133722.502290753,576721.7432802825,242970.8620095811,rutting
171.20569396005033,94.26684551178855,179.73029649474935,532.3421539120603,5721762.846439971,619407.1047204059,219166.56621341113,rutting
184.87489818490914,94.26684551178855,179.5876895235036,523.8045713831192,5372484.004671832,665904.2175262114,199251.6243026828,rutting
199.63546298206583,94.26684551178855,179.09487480606347,515.2860493199311,5077072.992559213,716625.1293483146,182549.66298135713,rutting
215.57452348237172,94.26684551178855,178.26080347980195,506.7843375507118,4828319.762492348,772039.0279079895,168520.76017652114,rutting
232.78617175760255,94.26684551178855,177.0965198125736,498.2967242188769,4620324.083065838,832681.146393964,156732.24031883554,rutting
251.37201226837567,94.26684551178855,175.61496475287652,489.8201759148124,4448262.946181411,899163.1084804364,146836.2178637826,rutting
271.4417616594907,94.26684551178855,173.83076376729625,481.35147464282124,4308205.67859071,972184.9744421749,138552.25428507413,rutting
293.11389644342387,94.26684551178855,171.76000366445174,472.8873489579843,4196966.848660662,1052549.3034991056,131653.91004857302,rutting
316.51635239540985,94.26684551178855,169.4200030163169,464.42459703482047,4111989.291477884,1141177.6121950033,125958.27928393743,rutting
341.78727978880517,94.26684551178855,166.82908058748055,455.9601998665506,4051251.2931222115,1239129.6866661548,121317.82120347401,rutting
369.07585892906616,94.26684551178855,164.00632588448784,447.49142322299866,4013193.3030174915,1347626.3010379157,117613.97042515973,rutting
398.54318080063774,94.26684551178855,160.9713755571884,439.0159074026441,3996660.5755673284,1468076.0085822497,114752.13383832244,rutting
430.36319802541544,94.26684551178855,157.74419894002554,430.5317441892866,4000858.9495844105,1602106.8112712787,112657.7757958375,rutting
464.7237517465168,94.26684551178855,154.34489553246306,422.03754075888753,4025321.609937884,1751603.6826952994,111273.36443455743,rutting
501.8276804993071,94.26684551178855,150.79350670334887,413.5324705728229,4069885.1811935655,1918753.1261217166,110556.00581273339,rutting
541.8940176155999,94.26684551178855,147.10984338235858,405.01631153845614,4134673.9090621197,2106096.2026632424,110475.63371132758,rutting
585.1592842296022,94.26684551178855,143.31333098965737,396.4894719168364,4220091.016302444,2316591.775240381,111013.65462327334,rutting
631.8788855185242,94.26684551178855,139.422872367392,387.9530046129329,4326816.59410166,2553692.0962015972,112161.97206085005,rutting
682.32861842019,94.26684551178855,135.45672902585446,379.4086105995652,4455811.622621931,2821433.33759112,113922.33364589114,rutting
736.8062997280774,94.26684551178855,131.43242061261338,370.85863230682156,4608327.9171540085,3124544.2450988097,116305.95986449636,rutting
795.6335241748048,94.26684551178855,127.36664216117822,362.30603785939286,4785923.978752494,3468576.8173654824,119333.42589562247,rutting
859.157562882462,94.26684551178855,123.27519838060819,353.75439707047633,4990486.898387479,3860063.8064846867,123034.7783522002,rutting
927.7534133867852,94.26684551178855,119.17295401012997,345.20785010821487,5224260.62848329,4306708.947439999,127449.87772240686,rutting
1001.8260133369538,94.26684551178855,115.07379908223125,336.6710697444043,5489881.10149225,4817617.2098919945,132628.9652616253,rutting
1081.8126309390202,94.26684551178855,110.99062781097132,328.14921808028794,5790418.847770374,5403574.096406944,138633.460469357,rutting
1168.18544625431,94.26684551178855,106.93532974508952,319.6478986250655,6129429.95030915,6077385.177595659,145537.00243804939,rutting
1261.454338590822,94.26684551178855,102.91879179255278,311.17310458277683,6511016.377850958,6854289.772438674,153426.75559447444,fatigue
1362.1698964422794,94.26684551178855,98.95090972853686,302.7311641852004,6939896.967027222,7752466.099262447,162405.0079632117,fatigue
1470.926667743175,94.26684551178855,95.04060783622305,294.32868389405877,7421490.5855546715,8793649.528869087,172591.09835874438,fatigue
1588.3666696268983,94.26684551178855,91.19586539296684,285.9724902855797,7962013.310297001,10003891.009273205,184123.71816312618,fatigue
1715.1831784058381,94.26684551178855,87.42374879730419,277.66957142387315,8568591.805462003,11414489.613596784,197163.6439022074,fatigue
1852.1248221466276,94.26684551178855,83.73044822920747,269.42701852462835,9249395.498190254,13063141.89062916,211896.96906725064,fatigue
2000.0000000000002,94.26684551178855,80.1213178417426,261.2519687044784,10013790.633980256,14995361.788736409,228538.91796731405,fatigue
100.0,100.0,157.9548922770453,576.8688417418367,13852899.895198284,432305.29460377153,726799.5979449118,rutting
107.98408271867898,100.0,160.5341014057593,568.4615619203216,12299907.853417056,461674.41624250764,617875.9717166019,rutting
116.60562120594504,100.0,162.7926921318593,560.0657886105917,11001303.670923233,493476.46827595506,529913.8787088704,rutting
125.9155104576573,100.0,164.7202290727424,551.6867099175965,9911313.958135726,527928.6491291713,458440.5496281756,rutting
135.96870896824353,100.0,166.30878846283412,543.3282580171538,8993407.279241266,565273.6820716937,400025.6982878824,rutting
146.824563163788,100.0,167.5530095808494,534.9931554651102,8218299.499472763,605783.784912256,352022.4562851687,rutting
158.5471577381239,100.0,168.45010729516386,526.6829849877078,7562418.727472746,649765.25985419,312376.3241352681,rutting
171.20569396005033,100.0,168.9998467982934,518.398279582503,7006718.536233465,697563.7938660362,279483.4436366206,rutting
184.87489818490914,100.0,169.20448241243415,510.1386294087813,6535756.39549199,749570.5768021626,252084.84712989963,rutting
199.63546298206583,100.0,169.06866306544094,501.90280175298176,6136975.035405254,806229.3654212633,229187.10285428487,rutting
215.57452348237172,100.0,168.59930764664665,493.6888703088063,5800139.832570012,868044.6471409069,210002.4382430988,rutting
232.78617175760255,100.0,167.8054539445993,485.49435009745514,5516896.730774512,935591.0887007167,193903.31761148144,rutting
251.37201226837567,100.0,166.69808523798415,477.3163345509039,5280423.735457199,1009524.4929145001,180387.80641254788,rutting
271.4417616594907,100.0,165.28993885420078,469.1516315676575,5085155.416134727,1090594.5326226214,169053.0297273265,rutting
293.11389644342387,100.0,163.5953011283156,460.9968957025666,4926564.670095334,1179659.586348649,159574.73837755455,rutting
316.51635239540985,100.0,161.62979319294195,452.84875404733606,4800989.648900869,1277704.06692858,151691.50935610858,rutting
341.78727978880517,100.0,159.41015191480273,444.7039237750308,4705496.5242932215,1385858.7149019951,145192.48260773587,rutting
369.07585892906616,100.0,156.95401007722987,436.559319741788,4637770.891372833,1505424.4257090676,139907.8120982167,rutting
398.54318080063774,100.0,154.27967960318895,428.41215094628984,4596032.236939321,1637900.2974495927,135701.21299885324,rutting
430.36319802541544,100.0,151.40594123633113,420.2600050300862,4578967.160600413,1785016.7287772452,132464.13829045263,rutting
464.7237517465168,100.0,148.35184366523646,412.10092035044636,4585678.016101843,1948774.570225452,130111.23124886582,rutting
501.8276804993071,100.0,145.13651460636316,403.9334454658616,4615644.408264847,2131491.5441324245,128576.78529356646,rutting
541.8940176155999,100.0,141.77898587206593,395.756686139498,4668695.58829552,2335857.407387322,127812.00695523417,rutting
585.1592842296022,100.0,138.2980339583966,387.57034018668946,4744992.276095759,2564999.648754238,127782.926645238,rutting
631.8788855185242,100.0,134.71203720871864,379.37472067017865,4845016.832468894,2822561.9026751714,128468.83945152855,rutting
682.32861842019,100.0,131.03885015682548,371.1707680838968,4969571.02989753,3112797.741919164,129861.18726778604,rutting
736.8062997280774,100.0,127.29569523816797,362.96005226636504,5119780.945964034,3440683.1044801534,131962.81636117806,rutting
795.6335241748048,100.0,123.49907168823472,354.74476485313045,5297108.742853908,3812051.343720992,134787.56262899187,rutting
859.157562882462,100.0,119.664681128591,346.52770311900036,5503371.311386265,4233755.800231127,138360.13151971507,rutting
927.7534133867852,100.0,115.80736907653663,338.3122460806705,5740765.9583601095,4713865.923842058,142716.25184566714,rutting
1001.8260133369538,100.0,111.94108140434885,330.10232373384883,6011903.510063604,5261904.381280264,147903.09322978882,rutting
1081.8126309390202,100.0,108.07883461719227,321.90238029119934,6319849.40008255,5889134.340825504,153979.94629728695,rutting
1168.18544625431,100.0,104.23269871191151,313.7173322728773,6668173.513134695,6608908.3214277215,161019.17342788432,rutting
1261.454338590822,100.0,100.41379131769598,305.5525222839267,7061009.775524828,7437092.74647055,169107.4463410064,fatigue
1362.1698964422794,100.0,96.63228179882206,297.41366929549497,7503126.724151899,8392585.8004861,178347.2953660996,fatigue
1470.926667743175,100.0,92.89740401357686,289.30681623180175,8000010.55751893,9497950.540939376,188859.004304997,fatigue
1588.3666696268983,100.0,89.21747646610186,281.2382756531994,8557962.482425734,10780190.710628398,200782.8946730092,fatigue
1715.1831784058381,100.0,85.59992865334942,273.214574317459,9184212.528609423,12271703.64238696,214282.05417639422,fatigue
1852.1248221466276,100.0,82.0513324919215,265.2423973954765,9887052.421621218,14011453.449077642,229545.57694438437,fatigue
2000.0000000000002,100.0,78.57743780392276,257.3285331115715,10675990.594556095,16046418.866277726,246792.39773086266,fatigue
