H_AC_in,H_BASE_in,eps_t_microstrain,eps_c_microstrain,Nf_AI,Nd_AI,Nf_MEPDG,governing_AI
3.0,4.0,512.612177433529,1989.2649211927896,72790.94404213845,1693.8922158894634,885.0800474238083,rutting
3.230769230769231,4.0,492.89800899695115,1835.7936158566258,82818.84830307575,2426.5723885018215,1033.3435960867948,rutting
3.4615384615384617,4.0,472.6816053457057,1698.431036811335,95057.65279522013,3437.226290682954,1219.1979724635842,rutting
3.6923076923076925,4.0,452.5407586715448,1575.2826309500992,109704.18398594308,4814.583423538374,1447.9633114484325,rutting
3.9230769230769234,4.0,432.8354152277988,1464.640581923446,127014.81739775937,6670.443055030032,1726.2949259384072,rutting
4.153846153846154,4.0,413.780703412759,1364.9923566624561,147299.69425526712,9144.388283595492,2062.2055088459874,rutting
4.384615384615385,4.0,395.4963703404106,1275.0122967455554,170921.50552318583,12409.229085080988,2465.1637886306817,rutting
4.615384615384615,4.0,378.04005398257164,1193.5455068767267,198296.81097468117,16677.253414980823,2946.2432740010427,rutting
4.846153846153847,4.0,361.4295520659274,1119.5890549778778,229898.86152770589,22207.368614353418,3518.3084627158696,rutting
5.076923076923077,4.0,345.6576392604501,1052.2731015927507,266261.3766232292,29313.21784745002,4196.232430409991,rutting
5.307692307692308,4.0,330.7018601076833,990.8432369489656,307982.9746806544,38372.35845681352,4997.14302135621,rutting
5.538461538461538,4.0,316.53094840244285,934.6445681578699,355732.0858901798,49836.591532153856,5940.696627426422,rutting
5.769230769230769,4.0,303.1089909893076,883.1077053354022,410252.24964445987,64243.53535606078,7049.379539247343,rutting
6.0,4.0,290.3980905493277,835.7365940532262,472367.74162655475,82229.54044962561,8348.837462269003,rutting
6.230769230769231,4.0,278.3600351357612,792.098046858269,542989.5021425871,104544.05136712894,9868.234204159795,rutting
6.461538461538462,4.0,266.95731511149165,751.8127899603013,623121.3551115178,132065.5307074644,11640.640862108725,rutting
6.6923076923076925,4.0,256.1537152730311,714.5478351336561,713866.5200856965,165819.0743460529,13703.4571253945,rutting
6.923076923076923,4.0,245.9146338544119,680.0099961110433,816434.4297933639,206995.8637453682,16098.866589941319,rutting
7.153846153846154,4.0,236.2072288915924,647.9403848748401,932147.8739865395,256974.62125750986,18874.328272416715,rutting
7.384615384615385,4.0,227.00045802515885,618.1097417766517,1062450.4973275603,317345.25728304277,22083.106817611766,rutting
7.615384615384616,4.0,218.26505476859626,590.3144720063527,1208914.6848599846,389934.923548795,25784.844214769597,rutting
7.846153846153847,4.0,209.97346888455237,564.3732784397095,1373249.8733543789,476836.71407756506,30046.176173249452,rutting
8.076923076923077,4.0,202.09978830152116,540.1242968103118,1557311.3305099963,580441.2840756748,34941.396650525654,rutting
8.307692307692308,4.0,194.61965328331092,517.422653306301,1763109.4466316472,703471.6864081154,40553.17437015575,rutting
8.538461538461538,4.0,187.51016919191437,496.1383770902848,1992819.5850017979,849021.7550728958,46973.325507902824,rutting
8.76923076923077,4.0,180.74982138626476,476.15461097607283,2248792.537768896,1020598.3947199965,54303.64705483958,rutting
9.0,4.0,174.3183940486501,457.3660727047671,2533565.6338413367,1222168.1644867253,62656.81568193439,rutting
9.23076923076923,4.0,168.19689367015053,439.67772709984615,2849874.5441056574,1458208.573046449,72157.35722725131,rutting
9.461538461538462,4.0,162.36747731455463,423.00363600381604,3200665.8273942815,1733764.5297029554,82942.69220162921,rutting
9.692307692307693,4.0,156.81338545393123,407.2659584615481,3589110.258145147,2054510.423603668,95164.26295992668,rutting
9.923076923076923,4.0,151.51887901956889,392.3940782620221,4018616.9737645243,2426818.3297551856,108988.7484122274,rutting
10.153846153846153,4.0,146.4691802675412,378.32383981361835,4492848.476465965,2857832.8666089517,124599.37235341294,rutting
10.384615384615385,4.0,141.6504170720606,364.9968765276738,5015736.52095138,3355553.255672607,142197.31167186188,rutting
10.615384615384617,4.0,137.04957030259663,352.3600185266601,5591498.915842485,3928923.159016236,162003.21086073635,rutting
10.846153846153847,4.0,132.65442399430697,340.36476866913193,6224657.263372307,4587928.89579335,184258.8094010704,rutting
11.076923076923077,4.0,128.4535180752097,328.9668376730344,6920055.658588981,5343706.664060122,209228.688717278,rutting
11.307692307692308,4.0,124.43610346209242,318.12573058962624,7682880.366271174,6208659.41929233,237202.14552538586,rutting
11.538461538461538,4.0,120.59209937791626,307.8043780892192,8518680.490945304,7196584.086057719,268495.1985045366,rutting
11.76923076923077,4.0,116.91205277576746,297.9688070146148,9433389.652855188,8322809.804260805,303452.7353252381,rutting
12.0,4.0,113.3870997787233,288.58784547820886,10433348.680457432,9604347.936131194,342450.8071645443,rutting
3.0,4.410256410256411,501.2659096042529,1914.8899508513352,78355.29265719224,2008.976095329939,966.8781204111569,rutting
3.230769230769231,4.410256410256411,482.71959730690713,1769.7968362579845,88705.93290316302,2858.7720347402196,1122.1035319676548,rutting
3.4615384615384617,4.410256410256411,463.53564382956745,1639.589960568681,101370.84962607885,4024.972665270552,1316.9989599217365,rutting
3.6923076923076925,4.410256410256411,444.3053066692253,1522.5760448831475,116539.42374731081,5606.947651092532,1556.8872705134288,rutting
3.9230769230769234,4.410256410256411,425.40238427587434,1417.215836331803,134465.89546079244,7729.540811534066,1848.5206488399974,rutting
4.153846153846154,4.410256410256411,407.05517863023323,1322.136550331281,155461.81203035387,10548.206058983975,2200.078610271874,rutting
4.384615384615385,4.410256410256411,389.395453308286,1236.1278137056895,179893.84742665198,14254.923994386818,2621.255172599243,rutting
4.615384615384615,4.410256410256411,372.49154516446674,1158.129664313408,208184.5745476243,19084.980946023883,3123.402725542357,rutting
4.846153846153847,4.410256410256411,356.37063880866515,1087.2173601829043,240814.96950998047,25324.69509964899,3719.717039586188,rutting
5.076923076923077,4.410256410256411,341.03367042022666,1022.5855592591838,278328.0032587543,33320.17656406591,4425.4558553484785,rutting
5.307692307692308,4.410256410256411,326.46524156825944,963.5331810936018,321332.96718770155,43487.21017705922,5258.187511764709,rutting
5.538461538461538,4.410256410256411,312.64016864294484,909.44955913223,370510.3337560357,56322.35221451569,6238.068198935411,rutting
5.769230769230769,4.410256410256411,299.5277729440333,859.8021052821505,426617.0382979673,72415.33567559288,7388.147611698361,rutting
6.0,4.410256410256411,287.09465986962846,814.1255022958549,490492.1175216991,92462.88425522191,8734.70349362034,rutting
6.230769230769231,4.410256410256411,275.3064925399885,772.0123359143488,563062.6704042192,117284.04317701081,10307.60603313392,rutting
6.461538461538462,4.410256410256411,264.12910005857725,733.1050324042503,645350.127058923,147837.14627296617,12140.713428563307,rutting
6.6923076923076925,4.410256410256411,253.52914874953532,697.0889521331476,738476.8252882664,185238.5533671346,14272.300244173595,rutting
6.923076923076923,4.410256410256411,243.47452908911123,663.6864913619086,843672.9053429621,230783.3102098986,16745.520471299842,rutting
7.153846153846154,4.410256410256411,233.9345600154234,632.652054169333,962283.5421257425,285967.90474546916,19608.907505427076,rutting
7.384615384615385,4.410256410256411,224.8800779228443,603.7677697467894,1095776.541303871,352515.31800527504,22916.913559667337,rutting
7.615384615384616,4.410256410256411,216.28345454162235,576.8398446964912,1245750.3318020634,432402.5948858443,26730.49135896744,rutting
7.846153846153847,4.410256410256411,208.11857242447155,551.6954541085946,1413942.392042223,527891.1888863757,31117.721295304837,rutting
8.076923076923077,4.410256410256411,200.3607764414159,528.1800884103955,1602238.1511126473,641560.364918482,36154.487567609016,rutting
8.307692307692308,4.410256410256411,192.98681284980213,506.1552849718551,1812680.408800061,776343.9749579483,41925.20717556752,rutting
8.538461538461538,4.410256410256411,185.97476302347704,485.4966841131371,2047479.3201233128,935570.9520590028,48523.61597789,rutting
8.76923076923077,4.410256410256411,179.30397602289642,466.09235850024623,2309022.990708591,1123009.8986727523,56053.61635729523,rutting
9.0,4.410256410256411,172.95500234230866,447.84137300300887,2599888.7291106335,1342918.1749999716,64630.191351446796,rutting
9.23076923076923,4.410256410256411,166.90953002498227,430.652539025823,2922855.001105826,1600095.9220824197,74380.39040724908,rutting
9.461538461538462,4.410256410256411,161.15032365110773,414.4433332206312,3280914.129177574,1899945.4824271938,85444.392192471,rutting
9.692307692307693,4.410256410256411,155.66116631235445,399.13895547264815,3677285.778011638,2248536.708186521,97976.65015189463,rutting
9.923076923076923,4.410256410256411,150.42680448257613,384.671505229048,4115431.26396249,2652678.673374295,112147.12672472041,rutting
10.153846153846153,4.410256410256411,145.43289560325667,370.9792587294767,4599068.723276768,3119998.3324234155,128142.62234623727,rutting
10.384615384615385,4.410256410256411,140.66595817732306,358.0060325961563,5132189.17050645,3659026.692726653,146168.20554140318,rutting
10.615384615384617,4.410256410256411,136.11332417550818,345.70062164159816,5719073.475128961,4279293.093803993,166448.75058289384,rutting
10.846153846153847,4.410256410256411,131.7630935864566,334.0163007339802,6364310.281022844,4991428.210522991,189230.58933395793,rutting
11.076923076923077,4.410256410256411,127.60409097388741,322.9103821939549,7072814.890207516,5807276.422451156,214783.28402957442,rutting
11.307692307692308,4.410256410256411,123.6258239349524,312.34382154206344,7849849.129208894,6740018.215979099,243401.52787054147,rutting
11.538461538461538,4.410256410256411,119.81844338026825,302.2808655238575,8701042.213599963,7804303.310312093,275407.180416485,rutting
11.76923076923077,4.410256410256411,116.1727055767237,292.68873725303683,9632412.623708881,9016395.222726151,311151.44486727635,rutting
12.0,4.410256410256411,112.67993590899754,283.5373540669343,10650391.002189875,10394328.01251897,351017.19441938854,rutting
3.0,4.82051282051282,491.10945850789926,1841.5833245043375,83815.60876245354,2392.6042562709795,1048.285582062498,rutting
3.230769230769231,4.82051282051282,473.5613322688186,1704.6254160184099,94477.74064846935,3381.658903842851,1210.2779666705073,rutting
3.4615384615384617,4.82051282051282,455.26818874774426,1581.3938648864187,107556.08389382131,4731.843248537961,1414.0074761169337,rutting
3.6923076923076925,4.82051282051282,436.8298831953416,1470.3808253179059,123232.36167867888,6554.646878997202,1664.789983029693,rutting
3.9230769230769234,4.82051282051282,418.6299804567059,1370.2035956777324,141758.4893716266,8989.711322241204,1969.4666001622982,rutting
4.153846153846154,4.82051282051282,400.90658226104745,1279.620111422939,163447.22684536476,12210.424384950958,2336.3763203965473,rutting
4.384615384615385,4.82051282051282,383.80070671701657,1197.5285338016681,188669.02045481338,16430.349825115733,2775.431044575031,rutting
4.615384615384615,4.82051282051282,367.38913767040003,1122.9588020778906,217852.2211754723,21910.576923317552,3298.254160347082,rutting
4.846153846153847,4.82051282051282,351.70661275500265,1055.0606223455193,251485.2666102696,28968.07708400467,3918.364059689769,rutting
5.076923076923077,4.82051282051282,336.7607353277896,993.0903725933069,290120.08424558915,37985.156540945725,4651.3935046647575,rutting
5.307692307692308,4.82051282051282,322.54194420234444,936.398244977329,334376.3106588113,49420.09605790553,5515.340507786742,rutting
5.538461538461538,4.82051282051282,309.0301402456638,884.4162806695512,384946.09903497493,63819.07089589819,6530.8488974635,rutting
5.769230769230769,4.82051282051282,296.19906011102495,836.6475765335441,442599.38486006315,81829.44806723582,7721.518128047799,rutting
6.0,4.82051282051282,284.0191375910637,792.6567355861914,508189.53560700023,104214.56382614125,9114.24271571792,rutting
6.230769230769231,4.82051282051282,272.45935388737865,752.0615235842469,582659.3441123919,131870.09316790078,10739.58221332691,rutting
6.461538461538462,4.82051282051282,261.4884151950519,714.5256403485226,667047.3472809136,165842.13534737262,12632.163025997268,rutting
6.6923076923076925,4.82051282051282,251.0754853929993,679.7524922048096,762494.4670790833,207347.1553630885,14831.113693599233,rutting
6.923076923076923,4.82051282051282,241.19062669811726,647.479847019431,870250.982293286,257793.9410014374,17380.535568861244,rutting
7.153846153846154,4.82051282051282,231.80505046873768,617.4752575856438,991683.8486775628,318807.7581628532,20330.01112265485,rutting
7.384615384615385,4.82051282051282,222.8912461356745,589.532147922462,1128284.3926276832,392256.913356622,23735.152420892457,rutting
7.615384615384616,4.82051282051282,214.4230331943623,563.466467754188,1281676.4097276016,480281.9608606592,27658.192643211707,rutting
7.846153846153847,4.82051282051282,206.37556571011717,539.1138315861286,1453624.7045661644,585327.8224231325,32168.623850635107,rutting
8.076923076923077,4.82051282051282,198.72530842961189,516.3270695866232,1646044.1121708807,710179.118843823,37343.88455364578,rutting
8.307692307692308,4.82051282051282,191.44999669958094,494.9741275168476,1861009.0442756184,857999.0446677603,43270.10097826002,rutting
8.538461538461538,4.82051282051282,184.5285878443218,474.9362620270711,2100763.6054565078,1032372.1489948296,50042.886269929004,rutting
8.76923076923077,4.82051282051282,177.9412086825028,456.106485697827,2367732.3249792717,1237351.4166203924,57768.2022078776,rutting
9.0,4.82051282051282,171.66910195124174,438.38822325772463,2664531.5500694592,1477510.0740717289,66563.2883208099,rutting
9.23076923076923,4.82051282051282,165.69457319770916,421.6941465100118,2993981.545338406,1757998.5744256307,76557.66359477969,rutting
9.461538461538462,4.82051282051282,160.00093895546863,405.94516072455474,3359119.341386604,2084607.2430371274,87894.20624255444,rutting
9.692307692307693,4.82051282051282,154.57247658185523,391.0695196891143,3763212.3732917667,2463835.093529265,100730.31725927815,rutting
9.923076923076923,4.82051282051282,149.39437588452543,377.0020503554497,4209772.946910236,2902965.3497098847,115239.17372115767,rutting
10.153846153846153,4.82051282051282,144.45269253696625,363.6834711517555,4702573.5678158365,3410148.2346574473,131611.0779927355,rutting
10.384615384615385,4.82051282051282,139.73430322618182,351.0597906480933,5245663.164403248,3994491.6132288617,150054.9091954446,rutting
10.615384615384617,4.82051282051282,135.22686245989365,339.0817754334688,5843384.233312435,4666160.098851142,170799.68345748517,rutting
10.846153846153847,4.82051282051282,130.91876096569715,327.70447786145235,6500390.931994999,5436483.259804032,194096.22961512327,rutting
11.076923076923077,4.82051282051282,126.79908562875143,316.88681580702615,7221668.140020297,6318073.584366022,220218.9871705896,rutting
11.307692307692308,4.82051282051282,122.85758093067919,306.5911978033513,8012551.50768064,7324954.888228489,249467.93343458397,rutting
11.538461538461538,4.82051282051282,119.0846118667383,296.7831879387142,8878748.507635072,8472701.871457981,282170.64689392684,rutting
11.76923076923077,4.82051282051282,115.4711283292349,287.43120572903064,9826360.502761036,9778591.555946618,318684.51394926535,rutting
12.0,4.82051282051282,112.00863095213901,278.50625687201295,10861905.841059245,11261767.357604776,359399.0862650504,fatigue
3.0,5.230769230769231,482.00775255929096,1769.9340789064527,89137.7962617354,2857.7797414080937,1128.662250235382,rutting
3.230769230769231,5.230769230769231,465.3119764434092,1640.808444268719,100102.84497977923,4011.608212960971,1297.2552377371956,rutting
3.4615384615384617,5.230769230769231,447.7869253942376,1524.3167464462852,113583.8741785622,5578.33879776348,1509.6273017724493,rutting
3.6923076923076925,5.230769230769231,430.0372742503481,1419.1209620927184,129755.00161227268,7683.192771638075,1771.0819505350319,rutting
3.9230769230769234,5.230769230769231,412.4531113042556,1323.9828536170933,148865.79739255348,10482.510889764133,2088.5440612339316,rutting
4.153846153846154,5.230769230769231,395.27961322589334,1237.781795346354,171230.15554935887,14169.843571226602,2470.506663638846,rutting
4.384615384615385,5.230769230769231,378.6647901309309,1159.5173857254422,197222.16761034937,18982.933959030797,2927.093541292015,rutting
4.615384615384615,5.230769230769231,362.69200590900266,1088.3040472320095,227275.79241804624,25211.681258827677,3470.1923253730047,rutting
4.846153846153847,5.230769230769231,347.4020150569231,1023.36179863202,261886.71949482657,33207.17404153091,4113.6363678910375,rutting
5.076923076923077,5.230769230769231,332.8078249921329,964.0055799631158,301615.5863424796,43391.88492831437,4873.424752098797,rutting
5.307692307692308,5.230769230769231,318.904672446332,909.6344422259442,347092.0929087955,56271.11981193091,5767.9753054702705,rutting
5.538461538461538,5.230769230769231,305.6766862224789,859.721287576674,399019.7572449506,72445.8172540878,6818.408365711992,rutting
5.769230769230769,5.230769230769231,293.10131089768134,813.8034836129169,458181.1660458538,92626.79778749382,8048.860640073725,rutting
6.0,5.230769230769231,281.1522228943138,771.4744697902447,525443.6362778991,117650.56938699866,9486.829428654764,rutting
6.230769230769231,5.230769230769231,269.8012351100482,732.3763607939538,601765.2416037056,148496.80508064915,11163.548074442444,rutting
6.461538461538462,5.230769230769231,259.01952575759674,696.1934924715421,688201.1812932509,186307.62206203726,13114.393925087903,rutting
6.6923076923076925,5.230769230769231,248.7784178596588,662.6468279390547,785910.4858108129,232408.8089877625,15379.330434670293,rutting
6.923076923076923,5.230769230769231,239.04986174069106,631.4891312600231,896163.0654773725,288333.1693634713,18003.38534687297,rutting
7.153846153846154,5.230769230769231,229.80672266844954,602.5008157565379,1020347.1181901043,355846.1737393518,21037.167209610063,rutting
7.384615384615385,5.230769230769231,221.02294186491332,575.4863789275787,1159976.9199760703,436974.1413358393,24537.422787192252,rutting
7.615384615384616,5.230769230769231,212.67361620651536,550.2713434342194,1316701.028570281,534035.2020355479,28567.63826354371,rutting
7.846153846153847,5.230769230769231,204.7350265175397,526.6996321128698,1492310.9354195106,649673.3216644274,33198.68746794374,rutting
8.076923076923077,5.230769230769231,197.1846340176728,504.6313136099702,1688750.2055982698,786895.7063950527,38509.53069967369,rutting
8.307692307692308,5.230769230769231,190.00105757863903,483.94066349954153,1908124.148117026,949113.935247694,44587.968074729186,rutting
8.538461538461538,5.230769230769231,183.16403986388738,464.514493386288,2152710.0610375283,1140189.2024567882,51531.45166082553,rutting
8.76923076923077,5.230769230769231,176.65440741355363,446.25070738880635,2424968.0967320516,1364482.0834647643,59447.96100078579,rutting
9.0,5.230769230769231,170.45402778001747,429.05705150171116,2727552.792601654,1626907.2692069153,68456.94694416046,rutting
9.23076923076923,5.230769230769231,164.5457655673044,412.85002666593255,3063325.311695544,1932993.7430082022,78690.34900857948,rutting
9.461538461538462,5.230769230769231,158.9134384424532,397.55394097709825,3435366.436062805,2288950.9028063905,90293.6917729882,rutting
9.692307692307693,5.230769230769231,153.54177370757986,383.10008039439055,3846990.3534462596,2701741.1586249787,103427.26606279597,rutting
9.923076923076923,5.230769230769231,148.41636573897463,369.42598064601844,4301759.275233752,3179159.5613975963,118267.40092149892,rutting
10.153846153846153,5.230769230769231,143.523634441447,356.4747858341969,4803498.920550237,3729921.044583788,135007.83257488962,rutting
10.384615384615385,5.230769230769231,138.8507847840905,344.19468159212624,5356314.898137368,4363755.884712878,153861.17678381735,rutting
10.615384615384617,5.230769230769231,134.38576744627213,332.53839260330625,5964610.014344973,5091514.011228051,175060.51115147103,rutting
10.846153846153847,5.230769230769231,130.11724058987983,321.4627359190337,6633102.532254217,5925278.819927505,198861.0741035777,rutting
11.076923076923077,5.230769230769231,126.03453277319592,310.9282228563336,7366845.403751822,6878491.167997223,225542.08739723306,rutting
11.307692307692308,5.230769230769231,122.1276070257872,300.89870337192826,8171246.49333934,7966084.2521479465,255408.709138594,rutting
11.538461538461538,5.230769230769231,118.3870261083144,291.3410477282153,9052089.809638457,9204630.094675869,288794.12440365175,fatigue
11.76923076923077,5.230769230769231,114.80391898409209,282.2248610284045,10015557.757964453,10612498.38528553,326061.7806615259,fatigue
12.0,5.230769230769231,111.36994852975079,273.5222268284654,11068254.4249919,12210028.449113803,367607.7752975279,fatigue
3.0,5.6410256410256405,473.84069019070654,1700.3394068178375,94294.5544717876,3419.9887721932837,1207.4625329107546,rutting
3.230769230769231,5.6410256410256405,457.87211390908834,1578.7062423286907,105556.14982863315,4768.015010378739,1382.5153987826995,rutting
3.4615384615384617,5.6410256410256405,441.00900518705214,1468.6840069188122,119430.73387324452,6588.618451425751,1603.352633056156,rutting
3.6923076923076925,5.6410256410256405,423.8579564512214,1369.0894158198025,136085.09014702443,9022.5110887955,1875.2638538934152,rutting
3.9230769230769234,5.6410256410256405,406.8130248159875,1278.8168367991623,155766.562352359,12244.799788070033,2205.2549762490557,rutting
4.153846153846154,5.6410256410256405,390.1242742477338,1196.8578380483596,178790.19474008388,16471.610847178003,2601.969281889682,rutting
4.384615384615385,5.6410256410256405,373.9448626537805,1122.306275786883,205533.66541320982,21967.667772166264,3075.737651177123,rutting
4.615384615384615,5.6410256410256405,358.3631929903288,1054.355486959238,236436.4244123524,29054.912550107852,3638.706174746634,rutting
4.846153846153847,5.6410256410256405,343.4247550823486,992.2914816825265,272001.2486166375,38122.26273505663,4305.016351886493,rutting
5.076923076923077,5.6410256410256405,329.1468968849345,935.4844040124334,312797.2795916425,49636.59823688322,5091.025695183594,rutting
5.307692307692308,5.6410256410256405,315.5287708314628,883.3795492163554,359464.0376501585,64155.07342801751,6015.562813870327,rutting
5.538461538461538,5.6410256410256405,302.5580013519616,835.4886401162454,412716.1286536051,82338.85286400601,7100.214311075631,rutting
5.769230769230769,5.6410256410256405,290.2151322172197,791.38171900776,473348.48154047685,104968.37344774258,8369.64261848065,rutting
6.0,5.6410256410256405,278.4765755038394,750.6798101556052,542242.0234360392,132960.24312519748,9851.934929606176,rutting
6.230769230769231,5.6410256410256405,267.31655261306867,713.0483930890846,620369.7402069068,167385.89691222433,11578.984044144125,rutting
6.461538461538462,5.6410256410256405,256.7083596189972,678.1916638641029,708803.0962764794,209492.14571462997,13586.90239097863,rutting
6.6923076923076925,5.6410256410256405,246.62518148795183,645.8475290044707,808718.8051530488,260723.77222702236,15916.470859198318,rutting
6.923076923076923,5.6410256410256405,237.04060651765343,615.7832623039529,921405.9550062828,322748.35108846094,18613.624389758676,rutting
7.153846153846154,5.6410256410256405,227.92894271823783,587.7917504688284,1048273.5036282226,397483.4970663927,21729.97659460256,rutting
7.384615384615385,5.6410256410256405,219.26540426745865,561.6882551763498,1190858.1651869405,487126.7747426537,25323.38598899151,rutting
7.615384615384616,5.6410256410256405,211.02621347701418,537.307623815735,1350832.7177937017,594188.5352442979,29458.566751699807,rutting
7.846153846153847,5.6410256410256405,203.18864840559044,514.5018873578027,1530014.7662738338,721527.9791851453,34207.74726645636,rutting
8.076923076923077,5.6410256410256405,195.7310559680178,493.1381905140305,1730375.998753195,872392.7793564816,39651.3800434477,rutting
8.307692307692308,5.6410256410256405,188.63284350315547,473.097006036543,1954051.978791449,1050462.6310969351,45878.90696702473,rutting
8.538461538461538,5.6410256410256405,181.87445717781952,454.2705913580196,2203352.516848624,1259897.1320752823,52989.584159595724,rutting
8.76923076923077,5.6410256410256405,175.4373525738027,436.56165160322894,2480772.6659106957,1505388.4259845815,61093.37108665057,rutting
9.0,5.6410256410256405,169.30396082186826,419.88217824318497,2789004.3861922612,1792219.0760833789,70311.88884909349,rutting
9.23076923076923,5.6410256410256405,163.45765236488606,404.15243728817325,3130948.9230721337,2126325.6645004675,80779.45291259851,rutting
9.461538461538462,5.6410256410256405,157.8826996170594,389.300084942985,3509729.9409112837,2514368.6417510323,92644.18580658047,rutting
9.692307692307693,5.6410256410256405,152.56423927804886,375.25939211449895,3928707.4532790133,2963808.9781052223,106069.21558581636,rutting
9.923076923076923,5.6410256410256405,147.48823475210656,361.9705621180696,4391492.587505491,3482992.1944905994,121233.96608502763,rutting
10.153846153846153,5.6410256410256405,142.64143894082113,349.37912843053965,4901963.218523966,4081240.3757138844,138335.54521120113,rutting
10.384615384615385,5.6410256410256405,138.0113575757654,337.43542144029567,5464280.503791359,4768952.793179458,157590.23771114502,rutting
10.615384615384617,5.6410256410256405,133.58621320268887,326.0940949030686,6082906.347803002,5557715.788155711,179235.10902459238,rutting
10.846153846153847,5.6410256410256405,129.35490990162577,315.3137042764441,6762621.821447868,6460422.590153093,203529.7269881993,rutting
11.076923076923077,5.6410256410256405,125.30699881462047,305.0563303219907,7508546.558267923,7491403.76821947,230758.00829532146,rutting
11.307692307692308,5.6410256410256405,121.43264454690124,295.2872423716858,8326159.146659296,8666569.035969218,261230.19674298711,fatigue
11.538461538461538,5.6410256410256405,117.72259250381998,285.97459649008687,9221318.534220738,10003561.153896851,295284.980412863,fatigue
11.76923076923077,5.6410256410256405,114.16813722227306,277.0891644552327,10200286.457849937,11521922.694903903,333291.7550392943,fatigue
12.0,5.6410256410256405,110.76109175057344,268.60409005504545,11269750.910814108,13243276.46083462,375653.0409158688,fatigue
3.0,6.051282051282051,466.50222653042937,1633.0582146466068,99264.75809599133,4097.5493243164665,1284.2330266201077,rutting
3.230769230769231,6.051282051282051,451.1535179408721,1518.5571490117468,110818.24144057355,5673.687797768191,1465.6262444120975,rutting
3.4615384615384617,6.051282051282051,434.86058893106986,1414.713408551915,125078.50177984707,7790.940941938107,1694.7628395644354,rutting
3.6923076923076925,6.051282051282051,418.2297478129089,1320.4840703134255,142205.43074420159,10607.432214981574,1976.9202354302238,rutting
3.9230769230769234,6.051282051282051,401.6570244194469,1234.8846683982015,162444.37317985733,14319.282734659711,2319.184690027917,rutting
4.153846153846154,6.051282051282051,385.39562389786437,1157.009942438077,186111.61352347885,19167.809971983155,2730.3473289145545,rutting
4.384615384615385,6.051282051282051,369.6023555007888,1086.040918525551,213588.41182014658,25447.742758447406,3220.942352117249,rutting
4.615384615384615,6.051282051282051,354.3693940610055,1021.2442862918051,245319.63517432523,33516.545816293896,3803.3693328389927,rutting
4.846153846153847,6.051282051282051,339.74589906307875,961.9676803244568,281815.01948309457,43804.94884849946,4492.071813755806,rutting
5.076923076923077,6.051282051282051,325.7526661410174,907.633014269465,323652.0375432228,56828.77669954416,5303.758523788698,rutting
5.307692307692308,6.051282051282051,312.39201661187104,857.7291203110627,371479.8191097211,73202.17889122432,6257.660517611112,rutting
5.538461538461538,6.051282051282051,299.6544460661675,811.8044019469424,426023.8132049511,93652.35980838495,7375.821170453854,rutting
5.769230769230769,6.051282051282051,287.52307498951194,769.4598796323822,488091.01567798166,119035.91589560552,8683.417941914073,rutting
6.0,6.051282051282051,275.9766134122798,730.3428132397781,558575.659932162,150356.89432098053,10209.115964216795,rutting
6.230769230769231,6.051282051282051,264.99132392173533,694.1409706300178,638465.3130785776,188786.69939731993,11985.454218727391,rutting
6.461538461538462,6.051282051282051,254.54231155093458,660.5775461522948,728847.3475970308,235685.98909924505,14049.265551471844,rutting
6.6923076923076925,6.051282051282051,244.60436280977999,629.406697106767,830915.7772981806,292628.7244431102,16442.132157670916,rutting
6.923076923076923,6.051282051282051,235.15248387840387,600.4096482372988,945978.4599023676,361428.55915294506,19210.87849827317,rutting
7.153846153846154,6.051282051282051,226.1622389635829,573.3913069340938,1075464.6789473253,444167.7854786281,22408.103930728455,rutting
7.384615384615385,6.051282051282051,217.609956616546,548.1773306170937,1220933.1260722443,543229.0835924724,26092.75765776074,rutting
7.615384615384616,6.051282051282051,209.47284935927613,524.6115900612591,1384080.3115297398,661330.3558493246,30330.758928010924,rutting
7.846153846153847,6.051282051282051,201.72907681437704,502.5539765807844,1566749.4363007168,801562.9624738381,35195.665761730685,rutting
8.076923076923077,6.051282051282051,194.35777233360247,481.878506014464,1770939.7635430899,967433.7110778322,40769.39582049096,rutting
8.307692307692308,6.051282051282051,187.33904627745554,462.4716777426351,1998816.5303511203,1162910.988044234,47143.003387661935,rutting
8.538461538461538,6.051282051282051,180.65397452944492,444.2310521543275,2252721.4429791938,1392475.4546155336,54417.5167709734,rutting
8.76923076923077,6.051282051282051,174.28457779709873,427.06401486091585,2535183.7998430114,1661175.7640408138,62704.84077451706,rutting
9.0,6.051282051282051,168.21379525675374,410.8867004074852,2848932.2868212215,1974689.788090101,72128.72921030456,rutting
9.23076923076923,6.051282051282051,162.42545479965534,395.6230522159801,3196907.4887320925,2339391.8715325203,82825.83272497103,rutting
9.461538461538462,6.051282051282051,156.9042413013432,381.2039989967271,3582275.1594622713,2762426.661830975,94946.82750244293,rutting
9.692307692307693,6.051282051282051,151.6356638074441,367.56673090431946,4008440.2912013875,3251790.0884755724,108657.63066648642,rutting
9.923076923076923,6.051282051282051,146.6060222005366,354.65406132278144,4479062.0207198,3816418.0922765858,124140.70844724782,rutting
10.153846153846153,6.051282051282051,141.8023737132322,342.4138623843618,4998069.407749745,4466283.729810265,141596.48339337038,rutting
10.384615384615385,6.051282051282051,137.21249953437683,330.79856420052494,5569678.1174217155,5212503.302298597,161244.8471070649,rutting
10.615384615384617,6.051282051282051,132.82487168690895,319.76470935691384,6198408.035484295,6067452.181722704,183326.7851552304,rutting
10.846153846153847,6.051282051282051,128.62862031702088,309.2725555385835,6889101.841801723,7044891.030073375,208106.12096747832,fatigue
11.076923076923077,6.051282051282051,124.61350151190983,299.2857202463437,7646944.564462311,8160103.130430494,235871.3856739051,fatigue
11.307692307692308,6.051282051282051,120.76986574958175,289.77086247445254,8477484.133808414,9430043.57105808,266937.8209639202,fatigue
11.538461538461538,6.051282051282051,117.08862707413189,280.69739697463484,9386652.952863514,10873501.045862854,301649.5221645353,fatigue
11.76923076923077,6.051282051282051,113.56123308108357,272.03723735790214,10380790.498004833,12511273.056274755,340381.72884376056,fatigue
12.0,6.051282051282051,110.17963578836607,263.76456480623864,11466666.96133027,14366355.320714155,383543.27034381137,fatigue
3.0,6.461538461538462,459.8990566710075,1568.248396061594,104032.81132473504,4912.022628550139,1358.607882305771,rutting
3.230769230769231,6.461538461538462,445.07817061306866,1460.5101716603062,115874.75781116368,6755.315235486913,1546.2379762618962,rutting
3.4615384615384617,6.461538461538462,429.27609831269143,1362.5437124237671,130513.72283096188,9218.191238631358,1783.5165414870637,rutting
3.6923076923076925,6.461538461538462,413.0972195014772,1273.4329007364104,148103.27341162864,12478.282195054997,2075.7130569696187,rutting
3.9230769230769234,6.461538461538462,396.93799199036425,1192.3035416303594,168887.062676178,16755.168341399196,2429.9950397314788,rutting
4.153846153846154,6.461538461538462,381.05337744114917,1118.3448697518888,193182.7596800768,22318.19251295286,2855.3001436262234,rutting
4.384615384615385,6.461538461538462,365.602627891078,1050.8182014693596,221375.24205930845,29495.356230834146,3362.362915661348,rutting
4.615384615384615,6.461538461538462,350.68065175036355,989.058131493299,253914.75218847432,38683.3941583734,3963.832084008917,rutting
4.846153846153847,6.461538461538462,336.33939457280724,932.4696029689264,291317.8847952468,50359.12479700995,4674.447707600133,rutting
5.076923076923077,6.461538461538462,322.6023519316576,880.5228741030879,334170.29738257197,65092.17673410513,5511.263077723108,rutting
5.307692307692308,6.461538461538462,309.47438319605044,832.7475894549361,383130.5441958737,83559.1917004054,6493.903938073983,rutting
5.538461538461538,6.461538461538462,296.9483236606113,788.7266597043744,438934.6993880069,106559.60905310411,7644.861572098402,rutting
5.769230769230769,6.461538461538462,285.00942290114244,748.0903441025229,502401.57829847216,135033.14204652183,8989.818472078181,rutting
6.0,6.461538461538462,273.63831166865435,710.5107414825052,574438.4463556113,170079.06529702863,10558.006545440974,rutting
6.230769230769231,6.461538461538462,262.81297544824514,675.696782576186,656047.1525664786,212977.445917253,12382.598576513543,rutting
6.461538461538462,6.461538461538462,252.51005923310393,643.3897496852644,748330.6541297142,265212.46833394043,14501.134178926462,rutting
6.6923076923076925,6.461538461538462,242.70572327251347,613.3593116269413,852499.9184203726,328498.0249319562,16955.98186963797,rutting
6.923076923076923,6.461538461538462,233.37619826075152,585.4000412481004,969881.2027103207,404805.77116682683,19794.83923742254,rutting
7.153846153846154,6.461538461538462,224.49814004071877,559.3283728322782,1101923.7227519928,496395.87414309796,23071.273502507865,rutting
7.384615384615385,6.461538461538462,216.04885110552604,534.9799531750232,1250207.7299342249,605850.7171174558,26845.305087755954,rutting
7.615384615384616,6.461538461538462,208.0064139989097,512.2073403493517,1416453.02370301,736111.858060867,31184.037152811685,rutting
7.846153846153847,6.461538461538462,200.3497667358055,490.8780065896904,1602527.931610339,890520.5773579433,36162.33438229317,rutting
8.076923076923077,6.461538461538462,193.0587402713537,470.8726052693269,1810458.7938416898,1072862.3870254422,41863.554665087766,rutting
8.307692307692308,6.461538461538462,186.1140712662067,452.0834659952728,2042439.9924429373,1287415.9106947824,48380.3376499422,rutting
8.538461538461538,6.461538461538462,179.49739885927886,434.41328599974736,2300844.5677672555,1539006.5793845234,55815.45450774994,rutting
8.76923076923077,6.461538461538462,173.19125113973692,417.77399002848847,2588235.4659428704,1833065.6223357348,64282.7235680558,rutting
9.0,6.461538461538462,167.17902501431587,402.085734673385,2907377.461492451,2175694.864634815,73907.99682158443,rutting
9.23076923076923,6.461538461538462,161.44496185825932,387.2760364974403,3261249.798704102,2573737.8739255024,84830.22258810115,rutting
9.461538461538462,6.461538461538462,155.97412049023782,373.27900632511154,3653059.594066043,3034858.027278013,97202.58993651345,rutting
9.692307692307693,6.461538461538462,150.75234846855048,360.0346747199734,4086256.040159407,3567624.0964208357,111193.76071005255,rutting
9.923076923076923,6.461538461538462,145.7662523631643,347.48839596231284,4564545.448978135,4181603.9752905536,126989.19525252201,rutting
10.153846153846153,6.461538461538462,141.00316744503436,335.5903197996837,5091907.169850692,4887467.198491946,144792.5781522847,rutting
10.384615384615385,6.461538461538462,136.45112710365788,324.2949219072383,5672610.414094981,5697096.923046974,164827.35051956694,fatigue
10.615384615384617,6.461538461538462,132.098832224692,313.56058539719567,6311232.015366486,6623712.068967106,187338.35549144886,fatigue
10.846153846153847,6.461538461538462,127.93562071138396,303.3492268927326,7012675.151462244,7682000.336880897,212593.60381951882,fatigue
11.076923076923077,6.461538461538462,123.95143730351256,293.6259616637699,7782189.050201247,8888262.84326978,240886.16653962087,fatigue
11.307692307692308,6.461538461538462,120.13680382733634,284.3588031401429,8625389.698988128,10260571.135838486,272536.20185379434,fatigue
11.538461538461538,6.461538461538462,116.48278999483813,275.5183927981005,9548281.574820852,11818937.373104125,307893.1234731291,fatigue
11.76923076923077,6.461538461538462,112.9809848574905,267.0777569819115,10557280.408862287,13585498.473311171,347337.9177788593,fatigue
12.0,6.461538461538462,109.62346900742489,259.0120876933857,11659236.997262267,15584715.058084369,391285.61725855846,fatigue
3.0,6.871794871794872,453.94920212192164,1505.9935806653439,108587.9916610287,5888.687937243213,1430.3024721768463,rutting
3.230769230769231,6.871794871794872,439.57718400993565,1404.6484525472783,120715.77583811517,8044.004490341309,1624.0768060888454,rutting
3.4615384615384617,6.871794871794872,424.1973775178302,1312.2552846994436,135727.06697558743,10908.488698934008,1869.345105673114,rutting
3.6923076923076925,6.871794871794872,408.4110309892742,1228.0120964453906,153769.75808548226,14681.566971931867,2171.3750612299223,rutting
3.9230769230769234,6.871794871794872,392.61384913395085,1151.1446908294524,175086.1710806081,19608.935710438625,2537.417569114609,rutting
4.153846153846154,6.871794871794872,377.0614605794444,1080.9285481951013,199995.5411514456,25991.03297918149,2976.5563186854615,rutting
4.384615384615385,6.871794871794872,361.9145892951814,1016.6986822516433,228886.4272698226,34192.660988315496,3499.7238443442247,rutting
4.615384615384615,6.871794871794872,347.2700298196906,957.8523323555216,262214.42857656576,44653.858663988576,4119.814205238824,rutting
4.846153846153847,6.871794871794872,333.18178332347696,903.8475517451094,300502.9194410067,57902.125153744026,4851.858906085994,rutting
5.076923076923077,6.871794871794872,319.6754205865839,854.1995871977102,344345.61582537286,74566.09659628432,5713.249598059228,rutting
5.307692307692308,6.871794871794872,306.75780720927696,808.4762068723983,394410.3320773202,95390.78067085691,6723.9994333786935,rutting
5.538461538461538,6.871794871794872,294.42366664476066,766.2926683263626,451443.57095014304,121254.45728696194,7907.0392623081025,rutting
5.769230769230769,6.871794871794872,282.6599946276786,727.3067283804857,516275.7427114376,153187.36028756102,9288.547200965244,rutting
6.0,6.871794871794872,271.44901794062065,691.2139165505076,589826.8950440403,192392.265141668,10898.311432862158,rutting
6.230769230769231,6.871794871794872,260.7701694974257,657.7431832724033,673112.8857741874,240267.12201010482,12770.126920860175,rutting
6.461538461538462,6.871794871794872,250.6014002640363,626.6529672490283,767251.9616383113,298429.89269594674,14942.227251214646,rutting
6.6923076923076925,6.871794871794872,240.9200451484304,597.7276866171004,873471.7269307813,368745.7739037947,17457.753242380713,rutting
6.923076923076923,6.871794871794872,231.70338963413585,570.7746360282788,993116.5005298047,453357.01764478465,20365.260301173563,rutting
7.153846153846154,6.871794871794872,222.92903616566008,545.6212597214692,1127655.0708981408,554715.5919429931,23719.266836721272,rutting
7.384615384615385,6.871794871794872,214.57513692492688,522.1127651919562,1278688.8674600506,675618.9603967135,27580.846368109007,rutting
7.615384615384616,6.871794871794872,206.62053773752945,500.1100405882396,1447960.5739071793,819249.2966575642,32018.266293251283,rutting
7.846153846153847,6.871794871794872,199.04486305484212,479.4878398753072,1637363.2147941294,989216.4885032467,37107.67662626376,rutting
8.076923076923077,6.871794871794872,191.82856198571062,460.1332020655394,1848949.7513987056,1189605.3249404726,42933.85235663315,rutting
8.307692307692308,6.871794871794872,184.95292864615658,441.94407377928206,2084943.2263136706,1425027.297850654,49590.993431809846,rutting
8.538461538461538,6.871794871794872,178.40010560239094,424.82810763743254,2347747.498658895,1700677.4864325197,57183.58671065459,rutting
8.76923076923077,6.871794871794872,172.15307618536576,408.7016122451599,2639958.613204703,2022397.0276506694,65827.3345733162,rutting
9.0,6.871794871794872,166.19564946751566,393.48863263781146,2964376.8471493805,2396741.708828745,75650.15519897142,rutting
9.23076923076923,6.871794871794872,160.51244038381415,379.120142935273,3324019.477880349,2831057.249372161,86793.25983235662,rutting
9.461538461538462,6.871794871794872,155.08884662523423,365.5333355432056,3722134.313876336,3333561.8674699175,99412.31265017009,rutting
9.692307692307693,6.871794871794872,149.91102338090073,352.6709935334414,4162214.029093388,3913436.7547163162,113678.67910712856,rutting
9.923076923076923,6.871794871794872,144.96585665255392,340.4809348359226,4648011.338850045,4580925.107188713,129780.76888780556,rutting
10.153846153846153,6.871794871794872,140.24093564200174,328.91551859800586,5183555.052512973,5347440.385911779,147925.47981424414,fatigue
10.384615384615385,6.871794871794872,135.72452457250282,317.93120553774594,5773167.0353102,6225684.5031144265,168339.74926154228,fatigue
10.615384615384617,6.871794871794872,131.4055342176468,307.4881653632941,6421480.108480977,7229776.65347738,191272.219815577,fatigue
10.846153846153847,6.871794871794872,127.2734933560901,297.5499253789567,7133456.913808656,8375393.531839894,216995.0260705071,fatigue
11.076923076923077,6.871794871794872,123.31852033439962,288.0830552768042,7914409.765464365,9679921.70068121,245805.7096108289,fatigue
11.307692307692308,6.871794871794872,119.53129489507099,279.0568838463691,8770021.509079302,11162622.892113429,278029.2693555484,fatigue
11.538461538461538,6.871794871794872,115.90303040748779,270.44324394657536,9706367.40511192,12844813.050049802,314020.35456246464,fatigue
11.76923076923077,6.871794871794872,112.42544662324056,262.2162425936276,10729938.050915439,14750055.938508539,354165.6079003722,fatigue
12.0,6.871794871794872,109.09074306225995,254.3520534435854,11847663.35344737,16904372.161458325,398886.1660972027,fatigue
3.0,7.282051282051282,448.58064741246574,1446.3227512200883,112923.80116055111,7057.083741552408,1499.1059039560832,rutting
3.230769230769231,7.282051282051282,434.58974521018035,1351.0064908871852,125335.22187394334,9575.893608268727,1698.9378392917708,rutting
3.4615384615384617,7.282051282051282,419.5728650188979,1263.8852299391638,140712.78298141682,12905.877938984342,1952.0457463815521,rutting
3.6923076923076925,7.282051282051282,404.12726957430243,1184.2593779022468,159199.4014624789,17270.749388037664,2263.702992256375,rutting
3.9230769230769234,7.282051282051282,388.64702159224237,1111.4451313101115,181036.45945798088,22945.20547184129,2641.2468079641585,rutting
4.153846153846154,7.282051282051282,373.38756758430793,1044.7964446716576,206544.96202747268,30264.10205633375,3093.9070047659134,rutting
4.384615384615385,7.282051282051282,358.51032854593836,983.7157736982208,236117.2309091478,39632.84914724562,3632.8121868669346,rutting
4.615384615384615,7.282051282051282,344.1132965766822,927.6579777972454,270214.21905793523,51539.13145223315,4271.098294869736,rutting
4.846153846153847,7.282051282051282,330.25192660107825,876.1301843891191,309366.01616393676,66566.05771306089,5024.083559842771,rutting
5.076923076923077,7.282051282051282,316.9533439553911,828.6893828710341,354174.28549377027,85406.84440932148,5909.492147830166,rutting
5.307692307692308,7.282051282051282,304.22597300437,784.9388487850082,405315.9530035099,108881.1419523459,6947.7177244638115,rutting
5.538461538461538,7.282051282051282,292.0660423207298,744.5240721728919,463547.7705821152,137953.11592027027,8162.122795011931,rutting
5.769230769230769,7.282051282051282,280.4619666425379,707.1285932667719,529711.5373296875,173751.403268173,9579.372177246827,rutting
6.0,7.282051282051282,269.39728963257807,672.4699778257868,604739.8534195283,217591.07471137567,11229.80038599769,rutting
6.230769230769231,7.282051282051282,258.8526534523512,640.2960574788458,689662.3340434083,270997.7503256281,13147.813569297483,rutting
6.461538461538462,7.282051282051282,248.80711167828227,610.38149416658,785612.2435718275,335734.0362123247,15372.327206776044,rutting
6.6923076923076925,7.282051282051282,239.23900002621605,582.5246873684912,893833.5315184721,413828.47584942443,17947.241205771257,rutting
6.923076923076923,7.282051282051282,230.1265098932542,556.5450188074925,1015688.2670376328,507607.24013353314,20921.95438768349,rutting
7.153846153846154,7.282051282051282,221.44806257358826,532.2804157316637,1152664.480081843,619728.814444242,24351.92068830178,rutting
7.384615384615385,7.282051282051282,213.18255005551273,509.58520685037865,1306384.4263531202,753221.9784218335,28299.249722597637,rutting
7.615384615384616,7.282051282051282,205.30948669315836,488.32824209741284,1478613.3004835825,911527.4135041649,32833.35469636942,rutting
7.846153846153847,7.282051282051282,197.80910144775706,468.3912470300782,1671268.427818315,1098543.3135494564,38031.65098671047,rutting
8.076923076923077,7.282051282051282,190.6623905501919,449.66738382983505,1886428.969907087,1318675.4140774403,43980.30905911937,rutting
8.307692307692308,7.282051282051282,183.85114381493148,432.05999288180715,2126346.182423108,1576891.8949346247,50775.06573750413,rutting
8.538461538461538,7.282051282051282,177.35795339416194,415.48149134560043,2393454.2667682637,1878783.6488690278,58522.09818960442,rutting
8.76923076923077,7.282051282051282,171.16621079360146,399.8524077082261,2690381.8581494614,2230630.444143194,67338.9653295364,rutting
9.0,7.282051282051282,165.26009599882647,385.10053385452403,3019964.1934839776,2639473.542699538,77355.62166652345,rutting
9.23076923076923,7.282051282051282,159.624561257509,371.1601785937,3385256.0021996307,3113195.366492467,88715.50894047284,rutting
9.461538461538462,7.282051282051282,154.24531120799313,357.97150878229064,3789545.1619376624,3660606.83354676,101576.73117770816,rutting
9.692307692307693,7.282051282051282,149.10878048835212,345.47996615592825,4236367.15946028,4291543.012337441,116113.31907182252,fatigue
9.923076923076923,7.282051282051282,144.20210960119167,333.635749718337,4729520.394833377,5016967.768513938,132516.58984412535,fatigue
10.153846153846153,7.282051282051282,139.51311957970145,322.393355043311,5273082.364325093,5849088.102133745,150996.6089653613,fatigue
10.384615384615385,7.282051282051282,135.03028585401339,311.7111631397644,5871426.7545573525,6801478.896726385,171783.760325982,fatigue
10.615384615384617,7.282051282051282,130.7427116234077,301.5510726316975,6529241.477380408,7889218.823915253,195130.43162737723,fatigue
10.846153846153847,7.282051282051282,126.64010097924046,291.8781699361006,7251547.671818131,9129038.169159781,221312.82193305803,fatigue
11.076923076923077,7.282051282051282,122.71273198274918,282.66043290480286,8043719.696331837,10539479.365517303,250632.87846851198,fatigue
11.307692307692308,7.282051282051282,118.95142987283664,273.8684640520737,8911506.131648997,12141071.043166343,283420.36989358836,fatigue
11.538461538461538,7.282051282051282,115.34754055649762,265.47525003786274,9861051.811542563,13956516.422688907,320035.10339345364,fatigue
11.76923076923077,7.282051282051282,111.89290451567966,257.4559445341848,10898920.896266773,16010896.899618648,360869.29304528265,fatigue
12.0,7.282051282051282,108.57983124739978,249.78767198445237,12032121.000862906,18331891.686299324,406350.0870188838,fatigue
3.0,7.692307692307692,443.7300907339828,1389.2248458976283,117037.3414375406,8451.620368501684,1564.8728862205337,rutting
3.230769230769231,7.692307692307692,430.06214017536234,1299.5829668599447,129730.31300262651,11392.842565339546,1770.6775756589439,rutting
3.4615384615384617,7.692307692307692,415.3568217373575,1217.4386655379487,145468.1879485272,15261.106610404235,2031.4744427571648,rutting
3.6923076923076925,7.692307692307692,400.2068320967582,1142.18392327787,164389.6231400244,20307.122418093968,2352.550788317404,rutting
3.9230769230769234,7.692307692307692,385.0039371268981,1073.2164147204742,186735.46489735405,26837.717680802656,2741.3336484790652,rutting
4.153846153846154,7.692307692307692,370.00274769112895,1009.9613026705294,212828.7019122902,35225.75888152107,3207.1994120056247,rutting
4.384615384615385,7.692307692307692,355.36476820362606,951.882597742714,243065.50925407812,45921.36904412619,3761.471130434987,rutting
4.615384615384615,7.692307692307692,341.1886318849076,898.4880214433653,277912.19990890205,59464.548026768556,4417.523440341722,rutting
4.846153846153847,7.692307692307692,327.5307534255411,849.3299315104782,317905.5243456104,76499.30272249173,5190.9568406136705,rutting
5.076923076923077,7.692307692307692,314.4193800518786,804.0039514724392,363654.9927325721,97789.39633632128,6099.822444410546,rutting
5.307692307692308,7.692307692307692,301.8641192195061,762.1463456181374,415846.5060951914,124235.82884882472,7164.887843714427,rutting
5.538461538461538,7.692307692307692,289.86238024242067,723.4307905460198,475246.89928917075,156896.1658937309,8409.93963704228,rutting
5.769230769230769,7.692307692307692,278.4037177306023,687.5649429649554,542709.1688650046,197005.84163069772,9862.120822773764,rutting
6.0,7.692307692307692,267.4727524822278,654.2870421909538,619178.2538878616,246001.57371753757,11552.302762094854,rutting
6.230769230769231,7.692307692307692,257.0511301431261,623.3626830506443,705697.2930855862,305547.0458598602,13515.492319899351,rutting
6.461538461538462,7.692307692307692,247.11883027812283,594.5818299540547,803414.3156324668,377561.0359770857,15791.275386114483,rutting
6.6923076923076925,7.692307692307692,237.65503767867412,567.7561023184774,913589.3450675871,464248.19572176825,18424.29841708186,rutting
6.923076923076923,7.692307692307692,228.63871912792257,542.7163366497517,1037601.9114128525,568132.7194970823,21464.789999843008,rutting
7.153846153846154,7.692307692307692,220.0490022826924,519.3104158312302,1176958.9782163163,692095.1774839729,24969.124776080716,rutting
7.384615384615385,7.692307692307692,211.86542179258242,497.40134792539004,1333303.3004296701,839412.8265316655,29000.432390069447,rutting
7.615384615384616,7.692307692307692,204.06807644719882,476.8655727190453,1508422.2364663172,1013803.7539712146,33629.25445677847,rutting
7.846153846153847,7.692307692307692,196.63772673997534,457.5914728135247,1704257.0438415206,1219475.251355814,38934.25288544366,rutting
8.076923076923077,7.692307692307692,189.5558525274322,439.4780662733102,1922912.6926435642,1461176.856770371,45002.97323941897,rutting
8.307692307692308,7.692307692307692,182.80468393002838,422.4338590375817,2166668.2348105763,1744258.5448049225,51932.667161479316,rutting
8.538461538461538,7.692307692307692,176.36721423678927,406.3758370294984,2437987.769848083,2074734.5818849823,59831.17824044756,rutting
8.76923076923077,7.692307692307692,170.22720064380292,391.2285798779113,2739532.0492679332,2459353.6009626687,68817.89603512017,rutting
9.0,7.692307692307692,164.36915670392796,376.9234802064491,3074170.762726155,2905675.4833959476,79024.78330037573,rutting
9.23076923076923,7.692307692307692,158.7783390713429,363.39805442625084,3444995.5486653936,3422155.6671781978,90597.48177399134,rutting
9.461538461538462,7.692307692307692,153.4407302726372,350.5953328192927,3855333.7713274667,4018237.5296941358,103696.50217794704,fatigue
9.692307692307693,7.692307692307692,148.34301867889903,338.4633183810367,4308763.104403154,4704453.520140867,118498.50436257533,fatigue
9.923076923076923,7.692307692307692,143.47257649110804,326.95450538791954,4809126.9594547395,5492535.742002194,135197.67377472075,fatigue
10.153846153846153,7.692307692307692,138.81743631707786,316.025449966173,5360550.794701561,6395536.70983971,154007.20066166462,fatigue
10.384615384615385,7.692307692307692,134.3662667671453,305.63638607206803,5967459.33692541,7427961.0274800295,175160.8686315873,fatigue
10.615384615384617,7.692307692307692,130.10834739784167,295.7508812640185,6634594.746241488,8605908.756683506,198914.75937983583,fatigue
10.846153846153847,7.692307692307692,126.03354326812916,286.3355274709709,7367035.750394214,9947231.266743785,225549.08055986272,fatigue
11.076923076923077,7.692307692307692,122.13227932858999,277.3596626569166,8170217.772161742,11471700.376267733,255370.12393028187,fatigue
11.307692307692308,7.692307692307692,118.39551483202577,268.7951198657067,9049954.07045482,13201191.618601887,288712.36104684393,fatigue
11.538461538461538,7.692307692307692,114.81471792911128,260.6160006199499,10012457.91283129,15159882.481900932,325940.6838923195,fatigue
11.76923076923077,7.692307692307692,111.38184059201257,252.79847005744645,11064365.794444224,17374466.49350141,367452.7979496184,fatigue
12.0,7.692307692307692,108.0892939904211,245.32057153153124,12212761.71592308,19874384.03580755,413681.77532547415,fatigue
3.0,8.102564102564102,439.3418300245469,1334.6597348068267,120928.72571572104,10112.270097246888,1627.5153750958923,rutting
3.230769230769231,8.102564102564102,425.9468769009856,1250.3503854874398,133901.03582889008,13543.20915963908,1839.2063265200527,rutting
3.4615384615384617,8.102564102564102,411.5086336187635,1172.8972052086403,149993.19469886113,18032.496175751025,2107.538876256633,rutting
3.6923076923076925,8.102564102564102,396.61486403766213,1101.773842744495,169340.30981172388,23860.78452720709,2437.8228767145915,rutting
3.9230769230769234,8.102564102564102,381.6545691248341,1036.4512259648966,192183.09368092255,31370.422095408467,2837.578889062739,rutting
4.153846153846154,8.102564102564102,366.8810292267241,976.4189763035791,218846.7328397581,40976.16727251,3316.33053052898,rutting
4.384615384615385,8.102564102564102,352.45535115790005,921.1971557963915,249731.3486356531,53177.27920823478,3885.5938512303815,rutting
4.615384615384615,8.102564102564102,338.4763625950123,870.341874212503,285308.62439562555,68571.09161566583,4558.979170974848,rutting
4.846153846153847,8.102564102564102,325.00103444276147,823.4470857015897,326121.9225128867,87868.18111940024,5352.364984121839,rutting
5.076923076923077,8.102564102564102,312.05837748731636,780.1440942876914,372788.50687407877,111909.2432203304,6284.123993619179,rutting
5.307692307692308,8.102564102564102,299.6588676714708,740.0997483044115,426003.1257409538,141683.79240752713,7375.391373932938,rutting
5.538461538461538,8.102564102564102,287.80082087397375,703.013948512711,486542.5409192123,178350.80884626973,8650.370538015839,rutting
5.769230769230769,8.102564102564102,276.47469376772784,668.6168620923206,555270.7665829418,223261.4634906526,10136.674472381357,rutting
6.0,8.102564102564102,265.6659786170484,636.6660833359397,633144.8800030153,277984.0673421457,11865.702278901541,rutting
6.230769230769231,8.102564102564102,255.35714694840289,606.9438838586375,721221.3238364196,344331.40955979266,13873.051505545656,rutting
6.461538461538462,8.102564102564102,245.5289510188145,579.2546320465382,820662.6547184042,424390.67351607984,16198.967463361952,rutting
6.6923076923076925,8.102564102564102,236.1612923338599,553.4224212155776,932744.7157320225,520556.1495738062,18888.831175019404,rutting
6.923076923076923,8.102564102564102,227.2337986642102,529.2889206248606,1058864.2262645212,635564.9978324589,21993.687968626826,rutting
7.153846153846154,8.102564102564102,218.72620500906916,506.7114479251844,1200546.7946456054,772536.3525289143,25570.819066488362,rutting
7.384615384615385,8.102564102564102,210.61860281015336,485.5612524440327,1359455.3682980428,935014.1011155349,29684.358846408086,rutting
7.615384615384616,8.102564102564102,202.89160066827006,465.72199369581176,1537399.1436873712,1127013.7140990724,34405.96078450052,rutting
7.846153846153847,8.102564102564102,195.52642560613768,447.08839719463816,1736342.9645199324,1353073.5453247179,39815.515426967155,rutting
8.076923076923077,8.102564102564102,188.50498434602008,429.56506906125696,1958417.241591348,1618311.0654480788,46001.92408321984,rutting
8.307692307692308,8.102564102564102,181.80989762956705,413.06545140182146,2205928.431524315,1928484.5329524507,53063.93228091485,rutting
8.538461538461538,8.102564102564102,175.42451628410666,397.5109015545006,2481370.1144098416,2290060.6465672436,61111.027370443524,rutting
8.76923076923077,8.102564102564102,169.33292484643226,382.8298797546043,2787434.7121329377,2710288.7599035464,70264.40500744455,rutting
9.0,8.102564102564102,163.51993662603942,368.95723136325114,3127025.8899819804,3197282.273365672,80658.00957227177,fatigue
9.23076923076923,8.102564102564102,157.9710828091775,355.83355141034605,3503271.6840921617,3760107.849952207,92439.653901104,fatigue
9.461538461538462,8.102564102564102,152.67259735938742,343.4046207392565,3919538.39644959,4408883.130625324,105772.22400118699,fatigue
9.692307692307693,8.102564102564102,147.61139891472376,331.620904461312,4379445.297695223,5154883.651802687,120834.97470030791,fatigue
9.923076923076923,8.102564102564102,142.7750705188694,320.4371047090882,4886880.1759357685,6010659.692581044,137824.92243671033,fatigue
10.153846153846153,8.102564102564102,138.15183778702868,309.8117608106062,5446015.7673093695,6990163.8028881205,156958.34162969716,fatigue
10.384615384615385,8.102564102564102,133.73054595354267,299.70689099411214,6061327.101292788,8108889.786215372,178472.37128370124,fatigue
10.615384615384617,8.102564102564102,129.50063614722018,290.08767058383376,6737609.790780725,9384023.932156736,202626.73867047214,fatigue
10.846153846153847,8.102564102564102,125.45212117290959,280.92214237317967,7479999.293920405,10834609.31484192,229705.6071067883,fatigue
11.076923076923077,8.102564102564102,121.57556103116491,272.18095547724494,8293991.171630954,12481723.993564636,260019.5550004774,fatigue
11.307692307692308,8.102564102564102,117.86203837383172,263.8371294852658,9185462.3617469,14348673.97145067,293907.6934773389,fatigue
11.538461538461538,8.102564102564102,114.30313406687611,255.86584116962206,10160693.487852436,16461201.78674805,331739.9300276196,fatigue
11.76923076923077,8.102564102564102,110.89090300970132,248.24423137357152,11226392.218150293,18847711.629068606,373919.38572446245,fatigue
12.0,8.102564102564102,107.61785034070499,240.95123000650577,12389717.68716214,21539511.889385656,420884.9736696779,fatigue
3.0,8.512820512820513,435.3667849077705,1282.5665219858943,124600.53750796312,12085.341885390924,1686.994346476801,rutting
3.230769230769231,8.512820512820513,422.20191064871784,1203.2623763344259,137849.66798507408,16082.71703782334,1904.4807948724535,rutting
3.4615384615384617,8.512820512820513,407.9921922572992,1130.2253858238535,154289.87913809135,21286.913141337533,2180.191563726337,rutting
3.6923076923076925,8.512820512820513,393.3202595310432,1063.0018459201503,174053.41734683633,28011.724718844012,2519.467692539287,rutting
3.9230769230769234,8.512820512820513,378.5720288584698,1001.128390005236,197381.250576128,36638.68841814289,2929.9270256581317,rutting
4.153846153846154,8.512820512820513,363.99908357914893,944.1528620979069,224600.97065794363,47628.64338854553,3421.2411167975497,rutting
4.384615384615385,8.512820512820513,349.7617606932376,891.6462596601527,256116.73544128204,61534.74660268702,4005.117642949343,rutting
4.615384615384615,8.512820512820513,335.95872677798144,843.208898479066,292405.60911292635,79017.05618375412,4695.399694191953,rutting
4.846153846153847,8.512820512820513,322.6471811683175,798.4729144332119,334017.51964540355,100858.79763441424,5508.239614025947,rutting
5.076923076923077,8.512820512820513,309.85660265891187,757.1025031905366,381577.3958844798,127984.4303248512,6462.326493894742,rutting
5.307692307692308,8.512820512820513,297.598073009865,718.7928162844678,435788.71158483217,161479.6356592783,7579.156936672778,rutting
5.538461538461538,8.512820512820513,285.8705834401239,683.2681093088833,497438.00706550316,202613.3551116567,8883.34411802536,rutting
5.769230769230769,8.512820512820513,274.66529042401226,650.2795237699373,567400.1432363596,252862.0168962646,10402.963087804483,rutting
6.0,8.512820512820513,263.9683814801244,619.602742705362,646644.1450808551,313936.1053450775,12169.931894207428,rutting
6.230769230769231,8.512820512820513,253.76300086458255,591.0356672208829,736239.5509390102,387809.24773330946,14220.429092274193,rutting
6.461538461538462,8.512820512820513,244.03054056999036,564.396200282606,837363.2200219954,476750.0195733084,16595.348831962197,rutting
6.6923076923076925,8.512820512820513,234.75150341129032,539.5201845856615,951306.5739737425,583356.7011109408,19340.79517841338,rutting
6.923076923076923,8.512820512820513,225.90607791936907,516.259515902793,1079483.2645420465,710595.2543335515,22508.617689651306,rutting
7.153846153846154,8.512820512820513,217.4745192895969,494.48043724967545,1223437.2714955283,861840.8303268414,26156.990614268463,rutting
7.384615384615385,8.512820512820513,209.43739986289313,474.06200934125593,1384851.4443859332,1040923.1601633381,30351.038399497284,rutting
7.615384615384616,8.512820512820513,201.77577183231327,454.8947470659454,1565556.5094142228,1252176.2274208385,35163.51053062114,rutting
7.846153846153847,8.512820512820513,194.47127084906006,436.8794086751181,1767540.5689167988,1500492.6656796057,40675.50906023428,rutting
8.076923076923077,8.512820512820513,187.50617975974217,419.9259231331591,1992959.1260399215,1791383.3688141017,46977.272530032446,rutting
8.307692307692308,8.512820512820513,180.86346535768652,403.952440959984,2244145.6711123353,2131042.844656151,54169.02033564692,rutting
8.538461538461538,8.512820512820513,174.52679677050344,388.88449448812617,2523622.8691143924,2526420.8829890504,62361.861932223976,fatigue
8.76923076923077,8.512820512820513,168.4805512541964,374.65425445334125,2834114.389527122,2985301.1464245482,71678.7756202755,fatigue
9.0,8.512820512820513,162.7098112612017,361.1998710397635,3178557.4207858844,3516387.327360844,82255.66198317704,fatigue
9.23076923076923,8.512820512820513,157.20035538490404,348.46488877364294,3560115.911634951,4129397.545978799,94242.47736546044,fatigue
9.461538461538462,8.512820512820513,151.93864494607118,336.39772591647903,3982194.580975064,4835167.693331385,107804.45308148336,fatigue
9.692307692307693,8.512820512820513,146.91180743515818,324.9512101951611,4448453.736419663,5645764.450357015,123123.40632469796,fatigue
9.923076923076923,8.512820512820513,142.10761766253674,314.08216379345095,4962824.939842379,6574608.738481308,140399.1490071349,fatigue
10.153846153846153,8.512820512820513,137.51447723173672,303.75103150165785,5529527.555829601,7636610.380752906,159851.0009963615,fatigue
10.384615384615385,8.512820512820513,133.121392795405,293.92154677667537,6153086.216261062,8848314.774521694,181719.41443317814,fatigue
10.615384615384617,8.512820512820513,128.9179534509078,284.5604312066051,6838349.231342662,10228062.3977741,206267.71600866018,fatigue
10.846153846153847,8.512820512820513,124.89430756320978,275.6371235111703,7590507.974407552,11796161.991552526,233783.97425511762,fatigue
11.076923076923077,8.512820512820513,121.04113925432077,267.12353475143095,8415117.264771521,13575078.280465767,264582.99906382256,fatigue
11.307692307692308,8.512820512820513,117.3496447631586,258.9938268812469,9318116.769945353,15589635.11209595,299008.4807846034,fatigue
11.538461538461538,8.512820512820513,113.81150885202644,251.22421215969658,10305853.445626318,17867234.91398512,337435.2763904175,fatigue
11.76923076923077,8.512820512820513,110.4188814129231,243.7927712688134,11385105.029152049,20438095.383626174,380271.85030535684,fatigue
12.0,8.512820512820513,107.1643544067723,236.67928825425267,12563104.599518653,23335504.342186283,427962.8775982437,fatigue
3.0,8.923076923076923,431.7616452289158,1232.869845790485,128057.34186628848,14424.348626497793,1743.3119514611064,rutting
3.230769230769231,8.923076923076923,418.78996571790566,1158.2592407964723,141580.3456143298,19075.424095934475,1966.4970080618637,rutting
3.4615384615384617,8.923076923076923,404.7753501925869,1089.3755576745523,158362.0889294436,25100.84929908456,2249.4233261479085,rutting
3.6923076923076925,8.923076923076923,390.295220079481,1025.8295596558241,178532.61069708652,32851.026116989924,2597.4715240248343,rutting
3.9230769230769234,8.923076923076923,375.73220473369264,967.2166909262279,202333.5031819553,42750.64560020031,3018.360364489111,rutting
4.153846153846154,8.923076923076923,361.3359275118023,913.1372833512497,230094.95909979666,55311.14411383104,3521.9099972973086,rutting
4.384615384615385,8.923076923076923,347.26567247817,863.2085366062315,262225.2566316241,71144.6985215664,4120.018357662465,rutting
4.615384615384615,8.923076923076923,333.6196650729977,817.071081859017,299206.84871507174,90979.8774646771,4826.758436469089,rutting
4.846153846153847,8.923076923076923,320.4550687069233,774.3920440772653,341596.18269127473,115679.06787919137,5658.552359042271,rutting
5.076923076923077,8.923076923076923,307.80158762720293,734.8658908837683,390025.765888202,146257.79880931802,6634.400516856717,rutting
5.307692307692308,8.923076923076923,295.6706908954832,698.2139251707101,445207.6798443119,183906.0893303196,7776.154933745533,rutting
5.538461538461538,8.923076923076923,284.0618505916959,664.1829865205318,507938.1004722619,230011.95512533915,9108.831677621994,rutting
5.769230769230769,8.923076923076923,272.96675130838275,632.5437298779011,579102.5713357977,286187.22007429425,10660.960154008782,rutting
6.0,8.923076923076923,262.3721250712977,603.0887183361824,659681.8825871437,354295.79602902534,12464.968817479508,rutting
6.230769230769231,8.923076923076923,252.26165694865492,575.630479201093,750758.4689832268,436484.6163700546,14557.607847333738,rutting
6.461538461538462,8.923076923076923,242.61726344710084,549.9996142702671,853523.2773488632,535217.4371650382,16980.409983762518,rutting
6.6923076923076925,8.923076923076923,233.41994812894916,526.0430168069722,969283.0777042828,653311.7535386777,19780.191186061587,rutting
6.923076923076923,8.923076923076923,224.65037250803368,503.62222247703625,1099468.208779537,793979.1175709867,23009.59315036704,rutting
7.153846153846154,8.923076923076923,216.28923529823356,482.6119052059711,1245640.7608647267,960869.1866798407,26727.670062445606,rutting
7.384615384615385,8.923076923076923,208.3175226720257,462.8985185836376,1409503.208512647,1158117.876804922,31000.52228834484,rutting
7.615384615384616,8.923076923076923,200.7166716559013,444.3790771393237,1592907.513355192,1390400.0414810558,35901.98003513498,rutting
7.846153846153847,8.923076923076923,193.46867495258238,426.96006820762364,1797864.7236375038,1662987.1447832847,41514.340350333056,rutting
8.076923076923077,8.923076923076923,186.55614616757165,410.55648330417887,2026555.1022165732,1981810.4419906435,47929.16117182301,rutting
8.307692307692308,8.923076923076923,179.96235815973137,395.09095731212375,2281338.8188128793,2353530.2257112516,55248.116487410465,fatigue
8.538461538461538,8.923076923076923,173.67126303795777,380.49300391844156,2564767.2453019065,2785611.736463124,63583.917010440855,fatigue
8.76923076923077,8.923076923076923,167.66749951667165,366.6983363395911,2879594.8948342106,3286408.374915939,73061.30112046769,fatigue
9.0,8.923076923076923,161.93639146781746,353.64826323473966,3228792.046634978,3865252.8880332,83818.10115120947,fatigue
9.23076923076923,8.923076923076923,156.4639402597603,341.28915068457496,3615558.0985280536,4532557.233300098,96006.39042785208,fatigue
9.461538461538462,8.923076923076923,151.23681264680252,329.57194212198243,4043335.6886433847,5299921.854340158,109793.71675876708,fatigue
9.692307692307693,8.923076923076923,146.24232542720594,318.451729079108,4515825.626502159,6180255.127871063,125364.42837039396,fatigue
9.923076923076923,8.923076923076923,141.46842772829598,307.88736652782825,5037002.671843591,7187903.766547319,142921.09853682923,fatigue
10.153846153846153,8.923076923076923,136.90368154100068,297.8411274187119,5611132.197275451,8338794.985176242,162686.0553968068,fatigue
10.384615384615385,8.923076923076923,132.53724097044793,288.2783917594171,6242787.768214687,9650591.259429492,184903.02367039546,fatigue
10.615384615384617,8.923076923076923,128.35883056563125,279.1673662171018,6936869.670742439,11142858.526766837,209838.88518655454,fatigue
10.846153846153847,8.923076923076923,124.35872302083907,270.47883078548256,7698624.415030409,12837248.699000267,237785.56531194132,fatigue
11.076923076923077,8.923076923076923,120.52771649221039,262.18590953300844,8533665.238988766,14757697.374804668,269062.0525325516,fatigue
11.307692307692308,8.923076923076923,116.85711173646823,254.26386285291326,9447993.633810861,16930637.658467446,304016.55858456146,fatigue
11.538461538461538,8.923076923076923,113.33868925053706,246.6898989777536,10448021.910203898,19385231.008098226,343028.82666081516,fatigue
11.76923076923077,8.923076923076923,109.96468656726576,239.4430028091718,11540596.821334511,22153616.05215945,386512.59533618705,fatigue
12.0,8.923076923076923,106.72777584197763,232.50378035627085,12733024.255910877,25271176.32720662,434918.22595986305,fatigue
3.0,9.333333333333332,428.48813315141155,1185.4846655785238,131305.2519257316,17190.975640323322,1796.5042333406136,rutting
3.230769230769231,9.333333333333332,415.6779447008638,1115.2721756358274,145098.67817553395,22594.800354023206,2025.2837378408724,rutting
3.4615384615384617,9.333333333333332,401.82944442445444,1050.2916146953114,162215.09381285647,29561.620486960528,2315.2571957801256,rutting
3.6923076923076925,9.333333333333332,387.51486718672624,990.2108270888094,182782.94122147156,38482.19800523086,2671.8527628825505,rutting
3.9230769230769234,9.333333333333332,373.1134447844003,934.6777943937534,207044.78039023702,49828.660534790426,3102.8935159180187,rutting
4.153846153846154,9.333333333333332,358.8726607167454,883.3400835796712,235333.58524911804,64167.906865781995,3618.3487350135006,rutting
4.384615384615385,9.333333333333332,344.95053574631976,835.8567351485601,268061.8292849313,82176.63917021964,4230.305193850243,rutting
4.615384615384615,9.333333333333332,331.4446366267524,791.9050911528869,305717.357494705,104658.14328392623,4953.062916459662,rutting
4.846153846153847,9.333333333333332,318.4118795348704,751.1842931132387,348863.08881964494,132560.94081612816,5803.30978617688,rutting
5.076923076923077,9.333333333333332,305.88199632465256,713.4166303514726,398139.02329261426,166999.440300454,6800.352485429486,rutting
5.307692307692308,9.333333333333332,293.8666623723449,678.3475358896618,454265.73499085795,209276.72013267668,7966.392563968456,rutting
5.538461538461538,9.333333333333332,282.3656675721509,645.7447633149866,518048.8963976621,260909.58481330817,9326.84225568208,rutting
5.769230769230769,9.333333333333332,271.37107925618005,615.3970981513633,590384.5747443599,323656.04914207885,10910.677789726475,rutting
6.0,9.333333333333332,260.870045225939,587.1128353325803,672265.1489311998,399545.42340584507,12750.829694320408,rutting
6.230769230769231,9.333333333333332,250.8466778850944,560.7181720229994,764785.7578875661,490911.19683421473,14884.61062946185,rutting
6.461538461538462,9.333333333333332,241.2833184997593,536.0556096112209,869151.2289121662,600426.9468159504,17354.181948832535,rutting
6.6923076923076925,9.333333333333332,232.1613838125045,512.9824215495739,986683.4587676394,731145.5372723973,20207.0606630224,rutting
6.923076923076923,9.333333333333332,223.46193148292966,491.3692189521384,1118829.2370157873,886541.910449414,23496.66885452703,rutting
7.153846153846154,9.333333333333332,215.16603629693498,471.09862952200194,1267168.5134251711,1070559.8211557064,27282.92793316503,rutting
7.384615384615385,9.333333333333332,207.2550389993687,452.06409476607007,1433423.1209316233,1287662.9098596203,31632.900446825675,rutting
7.615384615384616,9.333333333333332,199.71070931365014,434.16878374824955,1619465.9734477974,1542890.5596837678,36621.48249044146,rutting
7.846153846153847,9.333333333333332,192.51535104869433,417.3246175833882,1827330.7642335931,1841919.030870339,42332.15009097941,fatigue
8.076923076923077,9.333333333333332,185.6518680060127,401.45139662782356,2059222.1957655624,2191128.413544763,48857.76328832827,fatigue
8.307692307692308,9.333333333333332,179.10380323101478,386.4760212839109,2317526.776180203,2597675.9846248976,56301.431978634326,fatigue
8.538461538461538,9.333333333333332,172.85536001733254,372.3317970909885,2604824.220470241,3069576.5968330163,64777.44793389725,fatigue
8.76923076923077,9.333333333333332,166.8914103065755,358.9578150341782,2923899.496730052,3615790.7665836755,74412.28775486386,fatigue
9.0,9.333333333333332,161.1974942797452,346.29839856298605,3277755.558928068,4246321.16292811,85345.69184883419,fatigue
9.23076923076923,9.333333333333332,155.75981370797774,334.3026095338692,3669626.808000532,4972318.231854605,97731.82484584162,fatigue
9.461538461538462,9.333333333333332,150.56522081536414,322.92380607980687,4102993.322592891,5806195.719357091,111740.52317222724,fatigue
9.692307692307693,9.333333333333332,145.6012038676876,312.1192462025661,4581595.899623633,6761756.883187415,127558.63578737479,fatigue
9.923076923076923,9.333333333333332,140.85587034539466,301.8497316403734,5109451.943116874,7854332.207530084,145391.46435552972,fatigue
10.153846153846153,9.333333333333332,136.3179283246683,292.07928726203636,5690872.237558756,9100929.457405085,165464.30936937753,fatigue
10.384615384615385,9.333333333333332,131.97666653534668,282.77487186690274,6330478.6394900745,10520396.930766007,188024.12896527466,fatigue
10.615384615384617,9.333333333333332,127.82193346074348,273.9061168247471,7033222.718266234,12133600.78629328,213341.3173724602,fatigue
10.846153846153847,9.333333333333332,123.8441157737745,265.4450894724619,7804405.373987037,13963617.343924807,241711.6101210553,fatigue
11.076923076923077,9.333333333333332,120.0341163540044,257.36607859983854,8649697.457619064,16035941.273280112,273458.12329791655,fatigue
11.307692307692308,9.333333333333332,116.38333209351693,249.64539971137927,9575161.415365925,18378710.602209177,308933.534286722,fatigue
11.538461538461538,9.333333333333332,112.8836316708455,242.2612180518906,10587273.976450825,21022949.493597385,348522.411560878,fatigue
11.76923076923077,9.333333333333332,109.52733344851423,235.19338763798012,11692949.900696248,24002829.752974,392643.7012161553,fatigue
12.0,9.333333333333332,106.30718362913666,228.42330475217761,12899566.79965046,27355952.04211631,441753.3780358794,fatigue
3.0,9.743589743589745,425.51236497824084,1140.319894919504,134351.55083778812,20456.159865828686,1846.6345162891319,rutting
3.230769230769231,9.743589743589745,412.8364151586644,1074.2264886698645,148411.4102425863,26724.925231534897,2080.896493860652,rutting
3.4615384615384617,9.743589743589745,399.1288806779534,1012.9118418615933,165855.27689617887,34768.69427428008,2377.7428294224383,rutting
3.6923076923076925,9.743589743589745,384.95690321631906,956.0942314288667,186810.56048983405,45022.647224340006,2742.6566131498325,rutting
3.9230769230769234,9.743589743589745,370.69627793205296,903.4684876055628,211521.10383910223,58010.96754252051,3183.568311970759,rutting
4.153846153846154,9.743589743589745,356.5922349452237,854.7246176352845,240322.82517868732,74361.25272522424,3710.5966929518104,rutting
4.384615384615385,9.743589743589745,342.8013805609431,809.5594979298093,273632.4579291602,94820.64329478164,4336.015859947627,rutting
4.615384615384615,9.743589743589745,329.4204568904266,767.683853671413,311943.23663695203,120273.7959601385,5074.349974878481,rutting
4.846153846153847,9.743589743589745,316.5059658669359,728.8260851073999,355824.5013866948,151762.82974333374,5942.548672981026,rutting
5.076923076923077,9.743589743589745,304.0875067940918,692.7340197026139,405923.658721743,190509.37793084813,6960.219972800314,rutting
5.307692307692308,9.743589743589745,292.17681225913344,659.1753290012377,462969.6613159097,237938.8850955887,8149.909140805839,rutting
5.538461538461538,9.743589743589745,280.7738538067453,627.9371116022534,527777.5418541849,295707.2983248334,9537.417965256154,rutting
5.769230769230769,9.743589743589745,269.8709587582514,598.8249796120975,601253.73599769,365730.31630301673,11152.16210886333,rutting
6.0,9.743589743589745,259.45558099599606,571.6618733207331,684402.0396317316,450215.3799332986,13027.566009203716,rutting
6.230769230769231,9.743589743589745,249.51216280186955,546.2867518512687,778330.1090438582,551696.614278252,15201.495857975284,rutting
6.461538461538462,9.743589743589745,240.02338393979275,522.5532550531237,884256.4509675014,673072.9638561172,17716.73186623357,rutting
6.6923076923076925,9.743589743589745,230.97099814640512,500.32839625100746,1003517.8739702817,817649.8013779606,20621.481499896843,rutting
6.923076923076923,9.743589743589745,222.33639200665368,479.4913213425839,1137577.3895361505,989184.3330581455,23969.93574969772,rutting
7.153846153846154,9.743589743589745,214.1009570751145,459.932153543258,1288032.5636237063,1191935.170538745,27822.87083752243,rutting
7.384615384615385,9.743589743589745,206.24633632124934,441.55093233676274,1456624.3291915678,1430716.48888403,32248.298085926293,rutting
7.615384615384616,9.743589743589745,198.75458590967264,424.25664821212,1645246.2780523924,1710957.2405863497,37322.16500383277,fatigue
7.846153846153847,9.743589743589745,191.6082798271924,407.96637038367294,1855954.4568959195,2038765.9456962957,43129.11097463938,fatigue
8.076923076923077,9.743589743589745,184.79057580024133,392.6044620907519,2090977.6976228904,2421001.62682937,49763.281273688444,fatigue
8.307692307692308,9.743589743589745,178.2852548633572,378.1018766898917,2352728.516358668,2865351.503937865,57329.20348795103,fatigue
8.538461538461538,9.743589743589745,172.07674286524406,364.39552718573174,2643814.6187214614,3380416.1066957447,65942.73075786883,fatigue
8.76923076923077,9.743589743589745,166.15011947517715,351.42772181440296,2967051.0511499173,3975802.5017538047,75732.05660509931,fatigue
9.0,9.743589743589745,160.49111843553294,339.1456585958469,3325473.039395568,4662226.367890014,86838.80644577267,fatigue
9.23076923076923,9.743589743589745,155.08612159717254,327.5009722690651,3722349.555722259,5451623.68435254,99419.21121264424,fatigue
9.461538461538462,9.743589743589745,149.9221484720893,316.44932762004123,4161197.6560066296,6357272.826782076,113645.36881766749,fatigue
9.692307692307693,9.743589743589745,144.98684250670902,305.95005384050467,4645797.626894546,7393927.891426334,129706.59947627762,fatigue
9.923076923076923,9.743589743589745,140.26845492839112,295.9658151741677,5180208.981542917,8577964.092381923,147810.90118421728,fatigue
10.153846153846153,9.743589743589745,135.75582678583456,286.46231368949793,5768787.340376006,9927536.098742606,168186.51188609566,fatigue
10.384615384615385,9.743589743589745,131.43836965029325,277.4080205497882,6416202.230818754,11462750.1991763,191083.58510176203,fatigue
10.615384615384617,9.743589743589745,127.30604534140036,268.77393262592994,7127455.837246772,13205851.200855978,216775.9859825556,fatigue
10.846153846153847,9.743589743589745,123.34934497092195,260.5333517138194,7907902.729507838,15181424.987980127,245563.21495537774,fatigue
11.076923076923077,9.743589743589745,119.55926754798301,252.66168397907128,8763270.595414938,17416617.682371356,277772.46627981134,fatigue
11.307692307692308,9.743589743589745,115.9272983525612,245.1362575612132,9699681.999653447,19941372.36472733,313760.82899346226,fatigue
11.538461538461538,9.743589743589745,112.44538725536763,237.9361565330743,10723677.18864955,22788684.3298489,353917.63785506773,fatigue
11.76923076923077,9.743589743589745,109.10592713859683,231.042069634632,11842237.958149359,25994875.86225606,398666.98201486404,fatigue
12.0,9.743589743589745,105.90173255153293,224.43615238958907,13062812.5975947,29599891.529724237,448470.3792487266,fatigue
3.0,10.153846153846153,422.804299495193,1097.2811509107585,137204.36718866648,24301.29000484139,1893.7875203443987,rutting
3.230769230769231,10.153846153846153,410.2391638883936,1035.0440424809433,151526.12862842478,31561.81497461316,2133.4121356524884,rutting
3.4615384615384617,10.153846153846153,396.65077098182417,977.1710864452655,169289.86536763798,40835.15785444411,2436.9514648951,rutting
3.6923076923076925,10.153846153846153,382.6013147355442,923.4250258704485,190622.46908272433,52605.30076532597,2809.9502890827066,rutting
3.9230769230769234,10.153846153846153,368.46316947241786,873.5423961909665,215769.35093331413,67453.46105515833,3260.4491728202174,rutting
4.153846153846154,10.153846153846153,354.4792510314037,827.2512809207095,245069.5184061312,86073.56586819213,3798.7165160522522,rutting
4.384615384615385,10.153846153846153,340.80464808672593,784.2827256451202,278944.018407353,109289.54040365298,4437.212132096413,rutting
4.615384615384615,10.153846153846153,327.53515463288835,744.3777755474641,317891.46603348065,138074.5408626618,5190.681378516113,rutting
4.846153846153847,10.153846153846153,314.72672828023474,707.291538652433,362487.5686850962,173572.26635926068,6076.331636220399,rutting
5.076923076923077,10.153846153846153,302.40870735937426,672.7952588242285,413387.05206481554,217120.48882189297,7114.067341012708,rutting
5.307692307692308,10.153846153846153,290.5927596341067,640.6770812683037,471327.133978454,270276.94722604787,8326.771732569092,rutting
5.538461538461538,10.153846153846153,279.27892512012534,610.7419800857202,537132.072670048,334847.7635737709,9740.629633445798,rutting
5.769230769230769,10.153846153846153,268.4596878417905,582.8111682427677,611718.5197010146,412918.5539965516,11385.488864815012,rutting
6.0,10.153846153846153,258.1227145293979,556.7212066542995,696101.5196788916,506888.4300882089,13295.259746235077,rutting
6.230769230769231,10.153846153846153,248.25269380493094,532.3229573625849,791401.0635883573,619507.1135812671,15508.353209978353,rutting
6.461538461538462,10.153846153846153,238.8325694431729,509.4804763262687,898849.1412629888,753915.4218110732,18068.15874659979,rutting
6.6923076923076925,10.153846153846153,229.84436596008896,488.0699073033541,1019797.2633202919,913689.4216361823,21023.56387970036,rutting
6.923076923076923,10.153846153846153,221.26974010292184,467.9784149823554,1155724.439866803,1102888.5947333856,24429.51724852429,rutting
7.153846153846154,10.153846153846153,213.0903480784295,449.10317961255106,1308245.6157713346,1326108.40625097,28347.637713833494,fatigue
7.384615384615385,10.153846153846153,205.28808885348838,431.3504646468749,1479120.5720522534,1588537.7202590252,32846.8722255455,fatigue
7.615384615384616,10.153846153846153,197.84526400312654,414.6347617747107,1670263.3108363973,1896021.5577837888,38004.20551478893,fatigue
7.846153846153847,10.153846153846153,190.74468123550002,398.8780130981683,1883751.9478782467,2255129.7450232697,43905.4250043193,fatigue
8.076923076923077,10.153846153846153,183.9697197681068,384.0089073316373,2121839.1419979604,2673232.0493636862,50645.944670460696,fatigue
8.307692307692308,10.153846153846153,177.50436972880937,369.9622452419724,2386963.0951073053,3158580.448065089,58331.691934655,fatigue
8.538461538461538,10.153846153846153,171.33325374016556,356.678368712624,2681759.1597982687,3720399.2182866163,67080.06200955702,fatigue
8.76923076923077,10.153846153846153,165.44163616367575,344.10264753625876,3009072.093808069,4368983.577112957,77020.9444688565,fatigue
9.0,10.153846153846153,159.8154236926567,332.18501812156836,3371969.002092641,5115807.636359551,88297.82714708548,fatigue
9.23076923076923,10.153846153846153,154.44115979322007,320.8795686025915,3773753.0077976678,5973642.469339067,101068.98280135037,fatigue
9.461538461538462,10.153846153846153,149.30601470369868,310.14416526546785,4217977.693186983,6956685.115814215,115508.74427758396,fatigue
9.692307692307693,10.153846153846153,144.39777218037807,299.9401156911521,4708462.350661306,8080699.377478013,131808.8742166686,fatigue
9.923076923076923,10.153846153846153,139.70481383187692,290.23186450818434,5249308.0824805545,9363169.279981447,150180.03560877003,fatigue
10.153846153846153,10.153846153846153,135.21610165594873,280.9867181286376,5844914.78579177,10823466.099204758,170853.3697561158,fatigue
10.384615384615385,10.153846153846153,130.92115924054747,272.1745952856107,6499999.057177404,12483029.869527835,194082.18843510875,fatigue
10.615384615384617,10.153846153846153,126.81005198899678,263.7678005932936,7219613.048274017,14365566.31056273,220143.78725817657,fatigue
10.846153846153847,10.153846153846153,122.87336665921542,255.74081870745388,8009164.301172617,16497260.12630402,249341.38742513335,fatigue
11.076923076923077,10.153846153846153,119.1021904575583,248.0701269755192,8874436.589382064,18907005.64695455,282006.2132241335,fatigue
11.307692307692308,10.153846153846153,115.48808989134028,240.73402473400952,9821611.78719237,21626655.79867834,318499.7127950044,fatigue
11.538461538461538,10.153846153846153,112.02308955568738,233.71247764082574,10857292.787372971,24691290.400002986,359215.9298042435,fatigue
11.76923076923077,10.153846153846153,108.6996510069633,226.9869756253292,11988527.484329034,28139504.79524154,404584.0338026948,fatigue
12.0,10.153846153846153,105.51065185481094,220.54040320489807,13222833.837146277,32013719.844745323,455071.01714506245,fatigue
3.0,10.564102564102564,420.3372608777925,1056.2728234280803,139872.4005857643,28819.538663315478,1938.0642142766417,rutting
3.230769230769231,10.564102564102564,407.86280975083304,997.6451040620915,154451.01217033024,37214.89182420828,2182.92411539445,rutting
3.4615384615384617,10.564102564102564,394.3746176459423,943.0024088013877,172526.69838753968,47889.33830678169,2492.971432480179,rutting
3.6923076923076925,10.564102564102564,380.4301129648843,892.1466061486138,194226.29843445832,61380.392318762475,2873.8187127749225,rutting
3.9230769230769234,10.564102564102564,366.3983065253337,844.8512980356672,219797.04769510307,78331.66487729593,3333.6189318005004,rutting
4.153846153846154,10.564102564102564,352.5197803588101,800.8786823652456,249581.1696133839,99509.4633077622,3882.79004021589,rutting
4.384615384615385,10.564102564102564,338.9480410140688,759.9906252693108,284004.0668947193,125821.30421683975,4533.975814448052,rutting
4.615384615384615,10.564102564102564,325.7778457540166,721.955679550298,323569.7194541611,158336.47637298593,5302.139806979147,rutting
4.846153846153847,10.564102564102564,313.06450850437244,686.5533074540539,368860.1444719184,198308.79373403275,6204.743126565829,rutting
5.076923076923077,10.564102564102564,300.83700488156705,653.5762029286167,420537.2978581758,247201.68436656243,7261.981730678723,rutting
5.307692307692308,10.564102564102564,289.1068387522474,622.8313425192426,479346.5490083833,306715.769310069,8497.071139492202,rutting
5.538461538461538,10.564102564102564,277.87402506447125,594.1402031190529,546121.2481389851,378819.09776099207,9936.57276351804,rutting
5.769230769230769,10.564102564102564,267.13111799821263,567.338449485953,621788.1121051484,465780.22241497366,11610.759400951305,rutting
6.0,10.564102564102564,256.8659181345968,542.275299300825,707373.2685750168,570204.3222794698,13554.019337518459,rutting
6.230769230769231,10.564102564102564,247.06328899384872,518.8127069751156,804008.8637126882,695072.6102268732,15805.29958299349,rutting
6.461538461538462,10.564102564102564,237.70637415315278,496.82446098031323,912940.1777039572,843785.2989976304,18408.589473107746,rutting
6.6923076923076925,10.564102564102564,228.7774114331602,476.1952571550299,1035533.2174206979,1020208.4417891923,21413.446349884118,rutting
6.923076923076923,10.564102564102564,220.25827642170051,456.81978801678656,1173282.7725778283,1228725.01104003,24875.565414209992,fatigue
7.153846153846154,10.564102564102564,212.13084420750081,438.6018726080019,1327820.9342586535,1474290.6302553373,28857.396179813382,fatigue
7.384615384615385,10.564102564102564,204.37722895093535,421.45364077723633,1500926.0844528822,1762494.42722744,33428.8082786989,fatigue
7.615384615384616,10.564102564102564,196.97994125167864,405.29477859715536,1694532.3731902123,2099625.531222045,38667.809689928465,fatigue
7.846153846153847,10.564102564102564,189.92199007079495,390.0518368389708,1910739.7064263714,2492745.790155321,44661.32079279343,fatigue
8.076923076923077,10.564102564102564,183.18694711581597,375.65760134519655,2151824.2732686223,2949769.3351927195,51506.007982925956,fatigue
8.307692307692308,10.564102564102564,176.75898567466209,362.05052225944974,2420249.645517407,3479549.668562168,59309.18093372329,fatigue
8.538461538461538,10.564102564102564,170.62290192590612,349.17419801926025,2718678.485901171,4091974.9950104062,68189.75793191635,fatigue
8.76923076923077,10.564102564102564,164.76412411160948,336.9769095323859,3049984.903827297,4798072.557899339,78279.30406071241,fatigue
9.0,10.564102564102564,159.16871319968763,325.41119984971374,3417267.4990067654,5610122.777384337,89723.14734216638,fatigue
9.23076923076923,10.564102564102564,153.82335749337963,314.43349478218954,3823863.1339855823,6541784.020635958,102681.57827792606,fatigue
9.461538461538462,10.564102564102564,148.71536286971084,304.0037601884961,4273361.476505556,7608228.863030117,117331.13854063506,fatigue
9.692307692307693,10.564102564102564,143.83263981529598,294.085192016573,4769620.351804168,8826292.72510471,133866.00486404324,fatigue
9.923076923076923,10.564102564102564,139.1636880881555,284.6439355690783,5316781.943546639,10214635.793363579,152499.4744561978,fatigue
10.153846153846153,10.564102564102564,134.69757960933956,275.64883084997973,5919289.88016607,11793919.15416418,173465.55851564882,fatigue
10.384615384615385,10.564102564102564,130.4239400385793,267.07118121755144,6581907.241076607,13586996.089331273,197020.69066491388,fatigue
10.615384615384617,10.564102564102564,126.3329293876377,258.88454290721586,7309735.514623145,15619119.500068866,223445.5573286484,fatigue
10.846153846153847,10.564102564102564,122.41522195610702,251.06453329079113,8108234.536836064,17918166.44233028,253047.05727675612,fatigue
11.076923076923077,10.564102564102564,118.66198582565936,243.58865600548697,8983243.437158631,20514880.772052094,286160.3977261428,fatigue
11.307692307692308,10.564102564102564,115.06486211277641,236.4361413176001,9941002.614381613,23443134.912437383,323151.3345502502,fatigue
11.538461538461538,10.564102564102564,111.61594415199892,229.58780028493294,10988176.76311615,26740211.76755806,364418.56428430986,fatigue
11.76923076923077,10.564102564102564,108.30775675876244,223.02589145195435,12131878.96830736,30447107.816586595,410396.2757377219,fatigue
12.0,10.564102564102564,105.13323570109307,216.73399895623047,13379695.882570762,34608858.43060104,461556.8691342986,fatigue
3.0,10.974358974358974,418.08752563773146,1017.1996196600536,142364.69319473836,34117.33836462228,1979.5773863740644,rutting
3.230769230769231,10.974358974358974,405.6864670312589,961.9497357064455,157194.62084504613,43808.60737491112,2229.538338877068,rutting
3.4615384615384617,10.974358974358974,392.28203744101876,910.3383309181099,175574.02942546993,56076.58828457885,2545.9042131426077,rutting
3.6923076923076925,10.974358974358974,378.4271064842506,862.2016293516833,197630.12340706587,71517.42647226946,2934.3607060036693,rutting
3.9230769230769234,10.974358974358974,364.4874095955675,817.3461250774379,223612.1894467081,90842.89237412556,3403.1751151751473,rutting
4.153846153846154,10.974358974358974,350.7012076576051,775.5645413681153,253865.77588039046,114898.16996401123,3962.9146259332824,rutting
4.384615384615385,10.974358974358974,337.22039157598465,736.6465134178869,288820.6725321163,144681.66303460216,4626.405100650351,rutting
4.615384615384615,10.974358974358974,324.1386217521007,700.3855251076599,328986.20173938613,181366.96160687192,5408.825222056934,rutting
4.846153846153847,10.974358974358974,311.5104945441366,666.5832262173209,374950.6291342706,226327.11518838175,6327.8857907725405,rutting
5.076923076923077,10.974358974358974,299.36454350441403,635.0519425164026,427383.05006411776,281161.3659210375,7404.069405290384,rutting
5.307692307692308,10.974358974358974,287.71202898078315,605.6159569887067,487036.87154905475,347724.50402035954,8660.918213743831,rutting
5.538461538461538,10.974358974358974,276.5528640861126,578.1119699032988,554754.4027832634,428159.0215316307,10125.363828576523,rutting
5.769230769230769,10.974358974358974,265.8796009977683,552.389023042622,631472.2766549314,524930.2594427655,11828.096920637785,rutting
6.0,10.974358974358974,255.6801074595644,528.3080863362047,718227.5401480153,640864.7684532051,13803.97591745257,rutting
6.230769230769231,10.974358974358974,245.93936096113433,505.74144355849114,816164.3174455535,779192.1356438879,16092.475347319352,rutting
6.461538461538462,10.974358974358974,236.64064964817754,484.57197032131245,926540.9890414929,943590.5678717786,18738.175072286427,fatigue
6.6923076923076925,10.974358974358974,227.7663748350464,464.69236703751915,1050737.8552512235,1138236.5673659325,21791.29213942997,fatigue
6.923076923076923,10.974358974358974,219.29858617890415,446.00438808468107,1190265.2696056971,1367859.084720659,25308.257360092477,fatigue
7.153846153846154,10.974358974358974,211.21933748728426,428.4180933947184,1346772.2401420502,1637798.5879070994,29352.339060206134,fatigue
7.384615384615385,10.974358974358974,203.510922118436,411.85113826219515,1522055.5063744842,1954071.541496634,33994.31676322079,fatigue
7.615384615384616,10.974358974358974,196.15602744292067,396.2281099800709,1718069.1076828688,2323440.846388053,39313.207886415905,fatigue
7.846153846153847,10.974358974358974,189.13783476531128,381.47991504151236,1936934.4654627955,2753492.8454360142,45397.05085817201,fatigue
8.076923076923077,10.974358974358974,182.44008235511848,367.54321742412986,2180951.006864716,3252721.553173077,52343.74839940369,fatigue
8.307692307692308,10.974358974358974,176.04710338698922,354.3599264200937,2452607.3624130622,3830620.8172915443,60261.975054935356,fatigue
8.538461538461538,10.974358974358974,169.94384668588688,341.8767312465435,2754593.173286878,4497785.165021316,69272.15340652439,fatigue
8.76923076923077,10.974358974358974,164.1158855707766,330.04467901413653,3089811.5465943376,5266020.128671584,79507.50374410569,fatigue
9.0,10.974358974358974,158.5494183589738,318.8187923647536,3461392.198621399,6148462.881364855,91115.17231107842,fatigue
9.23076923076923,10.974358974358974,153.2312629435089,308.1577230795571,3872705.3268288244,7159714.0466010105,104257.44356872575,fatigue
9.461538461538462,10.974358974358974,148.1488470937023,298.02343811021734,4327376.251379158,8315981.574139958,119113.04224040845,fatigue
9.692307692307693,10.974358974358974,143.29019562477475,288.3809347312619,4829300.86627599,9635237.60027702,135878.53119490144,fatigue
9.923076923076923,10.974358974358974,138.64391524878025,279.1979818028945,5382661.938885937,11137389.233421843,154769.81150791617,fatigue
10.153846153846153,10.974358974358974,134.19917769831318,270.44488443935546,5991946.294790215,12844464.226454077,176023.73130004303,fatigue
10.384615384615385,10.974358974358974,129.94570156753556,262.0942696772571,6661962.922680256,14780812.51601148,199899.81018735882,fatigue
10.615384615384617,10.974358974358974,125.87373321629029,254.12089101889097,7397862.031473406,16973324.625925027,226682.08639781436,fatigue
10.846153846153847,10.974358974358974,121.97402701535106,246.50144998046656,8205155.089076781,19451667.94759685,256681.09380281763,fatigue
11.076923076923077,10.974358974358974,118.23782516300905,239.21443300194392,9089735.869355459,22248541.924193595,290235.97629007243,fatigue
11.307692307692308,10.974358974358974,114.65683726791437,232.23996227338745,10057902.530941453,25399953.17797162,327716.74706195446,fatigue
11.538461538461538,10.974358974358974,111.22321986570329,225.55965920413726,11116380.748614721,28945511.63059639,369526.70058483724,fatigue
11.76923076923077,10.974358974358974,107.92955601451126,219.1565194079861,12272347.915146207,32928748.674624678,416104.9850401479,fatigue
12.0,10.974358974358974,104.76883509521049,213.01479820283862,13533458.42874401,37397458.459959514,467929.3432384591,fatigue
3.0,11.384615384615383,416.0339644981561,979.9677030897813,144690.4425261068,40316.0141694899,2018.4478914572226,rutting
3.230769230769231,11.384615384615383,403.6914523327764,927.8788307511722,159765.72049597898,51484.2334646903,2273.369614248243,rutting
3.4615384615384617,11.384615384615383,390.3565205428576,879.1117731645969,178440.36000522636,65561.25110627062,2595.8610205248324,rutting
3.6923076923076925,11.384615384615383,376.5777019223346,833.5328582032306,200842.3030449128,83207.33519747035,2991.685658320242,rutting
3.9230769230769234,11.384615384615383,362.7175668424668,790.9777226775534,227223.08713804244,105208.61291306111,3469.226662213333,rutting
4.153846153846154,11.384615384615383,349.01209238587364,751.2663700511948,257931.67753013293,132496.1150912015,4039.199904693556,rutting
4.384615384615385,11.384615384615383,335.6115449061085,714.2134290514988,293402.2720063571,166166.94776249907,4714.611326808231,rutting
4.615384615384615,11.384615384615383,322.60845097001044,679.6349585691111,334149.50654685457,207507.73933898224,5510.851611881057,rutting
4.846153846153847,11.384615384615383,310.0566365466386,647.3528050041675,380767.8302146065,258020.51721293075,6445.877195366398,rutting
5.076923076923077,11.384615384615383,297.98413252170667,617.1972477619584,433933.3851518619,319451.17470393656,7540.452446132861,rutting
5.307692307692308,11.384615384615383,286.4018925565458,589.008463076865,494407.50143122417,393820.69975815073,8818.440520633636,rutting
5.538461538461538,11.384615384615383,275.3096654674684,562.6371844139585,563041.3145193037,483459.3517751595,10307.136897689807,rutting
5.769230769230769,11.384615384615383,264.69994163299424,537.9448272546366,640781.225012419,591043.9935451838,12037.64308083376,rutting
6.0,11.384615384615383,254.56059991138204,514.8032666116296,728675.0368735957,719638.8123615305,14045.279890743977,rutting
6.230769230769231,11.384615384615383,244.87667996942645,493.09439880209436,827878.6769011645,872739.6983389048,16370.040900379694,fatigue
6.461538461538462,11.384615384615383,235.63156712468748,472.70957852946265,939663.437871357,1054322.588714141,19057.08727226658,fatigue
6.6923076923076925,11.384615384615383,226.80778309605137,453.54899355127816,1065423.7129508974,1268896.1338118305,22157.285744946403,fatigue
6.923076923076923,11.384615384615383,218.38751260740116,435.52101879711154,1206685.206074431,1521559.092342337,25727.79189473433,fatigue
7.153846153846154,11.384615384615383,210.35295297838007,418.5415773589161,1365113.6154923285,1818062.919334538,29832.681130090314,fatigue
7.384615384615385,11.384615384615383,202.68654503497666,402.53352560736124,1542523.7974524144,2164880.0676592216,34543.63019153608,fatigue
7.615384615384616,11.384615384615383,195.37112434282852,387.4260725842224,1740889.424934778,2569278.5820939075,39940.65224647305,fatigue
7.846153846153847,11.384615384615383,188.39001881879912,373.15423892080435,1962353.1629894662,3039403.621647866,46112.888992521795,fatigue
8.076923076923077,11.384615384615383,181.727110118975,359.6583572169932,2209237.38775669,3584366.600058243,53159.46351656386,fatigue
8.307692307692308,11.384615384615383,175.36687042117882,346.883613636821,2484055.480780971,4214342.684958186,61190.39799786082,fatigue
8.538461538461538,11.384615384615383,169.29438236687923,334.7796291084698,2789523.7338075396,4940677.4425168,70327.60068888524,fatigue
8.76923076923077,11.384615384615383,163.49534736254108,323.3000777201703,3128573.9019020256,5776003.456039438,80705.9269525274,fatigue
9.0,11.384615384615383,157.95608573604483,312.4023395033358,3504366.4444935545,6734367.784072044,92474.31947451574,fatigue
9.23076923076923,11.384615384615383,152.66353111313347,302.0471846617474,3920304.4948526397,7831371.156225114,105797.03310086214,fatigue
9.461538461538462,11.384615384615383,147.60522063009373,292.19848634724474,4380048.5986397015,9084319.833632732,120854.95006804142,fatigue
9.692307692307693,11.384615384615383,142.76928210375647,282.82295923074514,4887532.261574483,10512391.086210672,137846.99169526482,fatigue
9.923076923076923,11.384615384615383,138.14441895267186,273.8899213249794,5446978.345070064,12136813.261204246,156991.63289121594,fatigue
10.153846153846153,11.384615384615383,133.71989344675288,265.37107674922686,6062916.346945659,13981061.437417166,178528.52609041214,fatigue
10.384615384615385,11.384615384615383,129.4855087186709,257.24031736478264,6740200.60217953,16071069.677375587,202720.2414760755,fatigue
10.615384615384617,11.384615384615383,125.43158987348774,249.47354143906168,7484029.436190599,18435460.905782588,229854.13056700167,fatigue
10.846153846153847,11.384615384615383,121.54896446672066,242.04848770819814,8299965.300435377,21105795.457068868,260244.32044568157,fatigue
11.076923076923077,11.384615384615383,117.82894257423214,234.9445833986936,9193955.917267337,24116839.3476406,294233.84608485975,fatigue
11.307692307692308,11.384615384615383,114.26329664290566,228.1428049369652,10172356.458100066,27506853.339386154,332196.9283907549,fatigue
11.538461538461538,11.384615384615383,110.84424128439655,221.6255502219954,11241952.776012113,31317903.869874235,374541.40572476375,fatigue
11.76923076923077,11.384615384615383,107.56441315247953,215.3765214623238,12409985.71107304,35596196.93107315,421711.3267925898,fatigue
12.0,11.384615384615383,104.41685102583969,209.3806176864595,13684176.483900955,40392435.98191401,474189.712901792,fatigue
3.0,11.794871794871796,414.15773138510104,944.4855188128978,146858.8506107328,47553.58653275779,2054.8015187877845,rutting
3.230769230769231,11.794871794871796,401.86102896392526,895.3548739772934,162173.13929826062,60401.83485880746,2314.5386462758165,rutting
3.4615384615384617,11.794871794871796,388.5832195276758,849.2567488380274,181134.30167854982,76528.82017620828,2642.9598733982425,rutting
3.6923076923076925,11.794871794871796,374.8687289108257,806.0837917604096,203871.34683688838,96664.84224254286,3045.9106443672504,rutting
3.9230769230769234,11.794871794871796,361.0770880922114,765.6974201313728,230638.23702576957,121677.04088669749,3531.891063114311,rutting
4.153846153846154,11.794871794871796,347.4420462999551,727.9419880515788,261787.43058554793,152589.76711653307,4111.764919126032,rutting
4.384615384615385,11.794871794871796,334.11225577891224,692.6545972969909,297757.5443149037,190607.19538211194,4798.716099535212,rutting
4.615384615384615,11.794871794871796,321.17909099562627,659.6717307621177,339068.49308976706,237138.3326544617,5608.344095700571,rutting
4.846153846153847,11.794871794871796,308.69557204612073,628.8336050147296,386320.8409084249,293824.58567910147,6558.846899616771,rutting
5.076923076923077,11.794871794871796,296.6891821993629,599.9869067052614,440197.6822565135,362570.0558639642,7671.265787457134,rutting
5.307692307692308,11.794871794871796,285.17051915348156,572.986397796593,501468.15501252335,445574.7428738161,8969.77933259804,rutting
5.538461538461538,11.794871794871796,274.13911715456265,547.6957396032252,570992.0883204956,545370.854362088,10482.040588160029,rutting
5.769230769230769,11.794871794871796,263.5873555975904,523.9877862288554,649725.5028177224,664862.441506298,12239.554905329425,fatigue
6.0,11.794871794871796,253.50307759982385,501.74452565422223,738726.7981504499,807368.60895036,14278.097812965556,fatigue
6.230769230769231,11.794871794871796,243.8713411518021,480.85679445906044,839163.5296375419,976670.5837716694,16638.173525157003,fatigue
6.461538461538462,11.794871794871796,234.6755881905345,461.2238545504976,952319.7158075712,1177062.9710315696,19365.515354436586,fatigue
6.6923076923076925,11.794871794871796,225.89842364720732,442.7528932702093,1079603.6437142456,1413409.5726513686,22511.629796353285,fatigue
6.923076923076923,11.794871794871796,217.52213339171357,425.35848890518315,1222556.1560080561,1691204.2006319766,26134.38642860937,fatigue
7.153846153846154,11.794871794871796,209.52902743244937,408.96206979490677,1382859.4162155674,2016636.973501279,30298.656096489824,fatigue
7.384615384615385,11.794871794871796,201.9016661190032,393.49138537683575,1562346.1584071836,2396666.6446293443,35077.00016887382,fatigue
7.615384615384616,11.794871794871796,194.62300791199243,378.8800005416886,1763009.4353816882,2839099.570962116,40550.41396251809,fatigue
7.846153846153847,11.794871794871796,187.6765044492131,365.06681978887724,1987012.8861410306,3352675.9891688847,46809.12775381978,fatigue
8.076923076923077,11.794871794871796,181.04616006523167,351.9956443072675,2236701.548998941,3947164.3218008014,53953.46912862929,fatigue
8.307692307692308,11.794871794871796,174.716567205947,339.6147628399088,2514613.251260918,4633464.287766614,62094.790760318225,fatigue
8.538461538461538,11.794871794871796,168.67292537451326,327.8765757168828,2823490.6100731688,5423719.638561354,71356.46805080415,fatigue
8.76923076923077,11.794871794871796,162.90104871567257,316.73725053168386,3166293.6817885474,6331441.383913263,81874.97141427592,fatigue
9.0,11.794871794871796,157.38736566694203,306.15640742608315,3546213.2990666544,7371642.407847755,93801.01832439729,fatigue
9.23076923076923,11.794871794871796,152.11891299298873,296.09683171245683,3966685.135951572,8560984.408866588,107300.81057833352,fatigue
9.461538461538462,11.794871794871796,147.08332578391173,286.52421151003017,4431404.541412137,9917938.126447009,122557.36255114396,fatigue
9.692307692307693,11.794871794871796,142.26882451222798,277.4068981361357,4944342.181357181,11462957.840917397,139771.92651859444,fatigue
9.923076923076923,11.794871794871796,137.66419992250363,268.7156871279354,5509760.528037662,13218671.155517533,159165.52141276313,fatigue
10.153846153846153,11.794871794871796,133.25879631541568,260.42361794085326,6132231.234112277,15210085.088600311,180980.5716411817,fatigue
10.384615384615385,11.794871794871796,129.04249364705703,252.50579055450194,6816653.42658254,17464809.52088956,205482.6628457353,fatigue
10.615384615384617,11.794871794871796,125.0056887696576,244.93919740048742,7568272.953394555,20013299.05772609,232962.4217018048,fatigue
10.846153846153847,11.794871794871796,121.13927607514934,237.70256919997072,8392702.61285374,22889114.379454367,263737.52706151985,fatigue
11.076923076923077,11.794871794871796,117.43462775739278,230.77623345743385,9295943.393190794,26129204.1644582,298154.85992816364,fatigue
11.307692307692308,11.794871794871796,113.88357387540655,224.14198449843084,10284406.746727657,29774208.678700246,336592.79991271603,fatigue
11.538461538461538,11.794871794871796,110.47838237407638,217.78296406296582,11364937.920191582,33868786.13265241,379463.67596962844,fatigue
11.76923076923077,11.794871794871796,107.21173919778785,211.68355157336822,12544840.359852755,38461962.910821386,427216.37933791685,fatigue
12.0,11.794871794871796,104.07672861440683,205.82926328759814,13831901.207371432,43607508.780235715,480339.14672727924,fatigue
3.0,12.205128205128204,412.4419928696774,910.6643763580697,148879.0047821677,55986.75895974511,2088.766418232098,rutting
3.230769230769231,12.205128205128204,400.18018364417645,864.3024884363585,164425.65210833188,70742.4389494204,2353.1695269000593,rutting
3.4615384615384617,12.205128205128204,386.9487643609172,820.7088703675782,183664.46304015486,89188.30864344895,2687.3231187543397,rutting
3.6923076923076925,12.205128205128204,373.2882860922455,779.7991296894639,206725.8037896819,112131.05205090437,3097.1579573874014,rutting
3.9230769230769234,12.205128205128204,359.5553760255966,741.4574537792096,233866.21137873465,140525.96467045974,3591.291886745157,rutting
4.153846153846154,12.205128205128204,345.9816251398725,705.5499064367202,265441.6988013692,175498.72499186845,4180.73563260757,rutting
4.384615384615385,12.205128205128204,332.71409703751704,671.9337767700636,301895.3039078382,218369.5267260297,4878.848777745928,rutting
4.615384615384615,12.205128205128204,319.8430108151524,640.4640105969331,343752.18024853966,270679.7349456279,5701.4363702564215,rutting
4.846153846153847,12.205128205128204,307.4205594126601,610.997521398253,391618.93507831957,334221.2357149925,6666.933860734759,rutting
5.076923076923077,12.205128205128204,295.47364655595703,583.3959801115042,446185.5191041033,411068.6578335727,7796.654576580812,rutting
5.307692307692308,12.205128205128204,284.01247640308225,557.5275263718901,508228.7621051601,503614.65811042156,9115.086942274334,rutting
5.538461538461538,12.205128205128204,273.0363287223632,533.2677242397243,578617.0543311223,614608.4793643993,10650.235331899443,fatigue
5.769230769230769,12.205128205128204,262.53743183968663,510.49999622025666,658315.889274745,747198.0142373336,12434.002007367853,fatigue
6.0,12.205128205128204,252.5035542130278,489.11570369529426,748394.1017561551,904975.6387266153,14502.609575407789,fatigue
6.230769230769231,12.205128205128204,242.91973519889444,469.0139939285301,850030.7025044275,1092028.1174343026,16897.06454677798,fatigue
6.461538461538462,12.205128205128204,233.76943877775858,450.1014989591619,964522.2503787926,1312990.9276916878,19663.663295328453,fatigue
6.6923076923076925,12.205128205128204,225.03532107464721,432.29194644477843,1093290.7285377153,1573107.4012065912,22854.542202272787,fatigue
6.923076923076923,12.205128205128204,216.69973966279161,415.50572424588046,1237891.9078849454,1878293.138473318,26528.274146480737,fatigue
7.153846153846154,12.205128205128204,208.74509029395168,399.66942735464255,1400024.1935394877,2235206.2113090674,30750.513827156083,fatigue
7.384615384615385,12.205128205128204,201.15402825915672,384.7154062779504,1581537.959764316,2651323.7307650177,35594.69471453903,fatigue
7.615384615384616,12.205128205128204,193.90961253296837,370.5813291897409,1784445.3867167216,3135025.4195069997,41142.780734427484,fatigue
7.846153846153847,12.205128205128204,186.99539812180737,357.20976534525977,2010930.8190354963,3695684.8879036116,47486.07611093015,fatigue
8.076923076923077,12.205128205128204,180.39549354353207,344.54779387169685,2263361.671883564,4343769.3700830415,54726.09712086373,fatigue
8.307692307692308,12.205128205128204,174.09459470971646,332.5466397275852,2544299.9147156626,5090948.729056421,62975.509851143695,fatigue
8.538461538461538,12.205128205128204,168.07800272196815,321.161337070545,2856514.166779501,5950214.58796002,72359.13839411395,fatigue
8.76923076923077,12.205128205128204,162.33163059778786,310.3504192758989,3202992.441204563,6936010.487230971,83015.04826072135,fatigue
9.0,12.205128205128204,156.84200228748816,300.0756342483218,3586955.5765083223,8064374.005114311,95095.7101331932,fatigue
9.23076923076923,12.205128205128204,151.59624624939872,290.3016833462365,4011871.395490756,9353091.811592162,108769.24941298644,fatigue
9.461538461538462,12.205128205128204,146.58208512776037,280.99598210617273,4481469.631844468,10821868.654084971,124220.78734216909,fatigue
9.692307692307693,12.205128205128204,141.7878226008168,272.1284409468706,4999757.664449536,12492511.297671754,141653.8797837539,fatigue
9.923076923076923,12.205128205128204,137.2023281521368,263.67126410372464,5571037.098325683,14389128.46366431,161292.0600360219,fatigue
10.153846153846153,12.205128205128204,132.81502031046475,255.59876515964598,6199921.2296772245,16538347.828685861,183380.49232590242,fatigue
10.384615384615385,12.205128205128204,128.6158487655911,247.8871976755257,6891353.430475045,18969551.162341036,208187.74287558612,fatigue
10.615384615384617,12.205128205128204,124.59527567531465,240.51459956667003,7650626.4856806155,21715128.69539037,236007.67566462004,fatigue
10.846153846153847,12.205128205128204,120.74425641549685,233.4606500109465,8483402.913615016,24810753.82218284,267161.4802166407,fatigue
11.076923076923077,12.205128205128204,117.05421998086678,226.70653780419144,9395736.29720264,28295679.25089278,301999.83892642084,fatigue
11.307692307692308,12.205128205128204,113.51704921178894,220.2348401956943,10394093.65094897,32213055.722663566,340905.2416098531,fatigue
11.538461538461538,12.205128205128204,110.12506099723193,214.02941134019846,11485378.845611773,36610274.42579983,384294.45510803966,fatigue
11.76923076923077,12.205128205128204,106.87098658391152,208.07527959319825,12676957.109644381,41539334.2331876,432621.1559077716,fatigue
12.0,12.205128205128204,103.74795210428064,202.3585529540959,13976680.623676626,47057234.889789,486378.73385576304,fatigue
3.0,12.615384615384615,410.87169238788766,878.4188453257743,150759.78552714526,65793.1059957855,2120.4710195076836,rutting
3.230769230769231,12.615384615384615,398.6354311031042,834.6488167233372,166531.8889949436,82710.41868718805,2389.387669691133,rutting
3.4615384615384617,12.615384615384615,385.4410998988754,793.4057090492001,186039.35868978206,103774.84622376326,2729.075362301304,rutting
3.6923076923076925,12.615384615384615,371.8256054184403,754.6251067960644,209414.17167306895,129876.28086343317,3145.553022406168,rutting
3.9230769230769234,12.615384615384615,358.1428123279337,718.2112749788171,236915.56791837452,162065.83392399325,3647.5566666990976,rutting
4.153846153846154,12.615384615384615,344.6222326397025,684.049609228534,268903.1632504498,201579.08523390527,4246.242780663458,rutting
4.384615384615385,12.615384615384615,331.40937824670385,652.0155156411676,305824.41040202085,249861.81850848807,4955.144283466047,rutting
4.615384615384615,12.615384615384615,318.5933215118221,621.9806171582119,348209.6564263698,308598.41398516414,5790.268475354624,rutting
4.846153846153847,12.615384615384615,306.2254184964206,593.8169930976549,396671.4773015242,379743.0767562454,6770.2841507727,rutting
5.076923076923077,12.615384615384615,294.33197224950123,567.3999908811071,451906.5823471584,465554.08925070387,7916.771839969866,fatigue
5.307692307692308,12.615384615384615,282.92276563849805,542.610013014402,514699.3767510065,568631.2903132935,9254.524277107672,fatigue
5.538461538461538,12.615384615384615,271.99679284590786,519.3335767842849,585926.6792987366,691957.0025488025,10811.89093967156,fatigue
5.769230769230769,12.615384615384615,261.54609883465696,497.46386424008637,666563.3095359387,838940.6551716449,12621.164106737177,fatigue
6.0,12.615384615384615,251.55834533206163,476.9009205290907,757688.3775676574,1013467.382326319,14719.005880739252,fatigue
6.230769230769231,12.615384615384615,242.01852208913346,457.55161476296104,860492.1771819425,1219950.9170358258,17146.91677539984,fatigue
6.461538461538462,12.615384615384615,232.91008577112513,439.32944539346295,976283.622977101,1463391.1483453615,19951.74718880455,fatigue
6.6923076923076925,12.615384615384615,224.21571621759037,422.15424852628996,1106498.1972903332,1749436.7630495518,23186.25356752616,fatigue
6.923076923076923,12.615384615384615,215.91781720894738,405.95185041033227,1252706.3896713287,2084453.4523319372,26909.70144069301,fatigue
7.153846153846154,12.615384615384615,207.9988467267608,390.6536928119462,1416622.6239902212,2475598.226056832,31188.517825217907,fatigue
7.384615384615385,12.615384615384615,200.4415334079899,376.19645087906036,1600114.6779030832,2930900.441495279,36096.99580916783,fatigue
7.615384615384616,12.615384615384615,193.2290169625869,362.5216565129649,1805213.6072976596,3459350.217078541,41718.05442699604,fatigue
7.846153846153847,12.615384615384615,186.34493768461235,349.5753355347588,2034124.1949936263,4070994.9636338875,48144.05725591453,fatigue
8.076923076923077,12.615384615384615,179.77349176590687,337.3076635726299,2289235.9486016007,4777044.824020856,55477.69348916036,fatigue
8.307692307692308,12.615384615384615,173.49946352096956,325.67264324613393,2573134.67714882,5589987.866055114,63832.92557803256,fatigue
8.538461538461538,12.615384615384615,167.50824191359337,314.6278036166559,2888614.6798922853,6523715.922387024,73336.00787712971,fatigue
8.76923076923077,12.615384615384615,161.78582631146244,304.13392180888866,3238691.5836775233,7593662.014278202,84126.58107196218,fatigue
9.0,12.615384615384615,156.31882476422857,294.1547660356793,3626615.86728217,8816950.334028061,96358.84751052033,fatigue
9.23076923076923,12.615384615384615,151.09444702336793,284.6568588648106,4055887.11243587,10212559.793440858,110202.83289587894,fatigue
9.461538461538462,12.615384615384615,146.10049381158717,275.60925936634214,4530269.021680947,11801502.17368602,125845.74012150367,fatigue
9.692307692307693,12.615384615384615,141.32534338150543,266.9833627101833,5053805.242990246,13607015.935762951,143493.40134094932,fatigue
9.923076923076923,12.615384615384615,136.75793609508216,258.75271579938834,5630836.040171658,15654776.771129612,163371.8346564891,fatigue
10.153846153846153,12.615384615384615,132.38775755200967,250.89284759198173,6266015.846644372,17973125.98942961,185728.9120846732,fatigue
10.384615384615385,12.615384615384615,128.20482066062118,243.3811128596108,6964331.738266733,20593317.85504656,210836.14570973406,fatigue
10.615384615384617,12.615384615384615,124.19964695476577,236.19654823881064,7731122.858622698,23549786.996728774,238990.59916749786,fatigue
10.846153846153847,12.615384615384615,120.3632473987328,229.31973953980236,8572100.827625807,26880437.02484137,270516.93181303906,fatigue
11.076923076923077,12.615384615384615,116.68710287931322,222.73269938198567,9493371.16156031,30626951.498866986,305769.5831151392,fatigue
11.307692307692308,12.615384615384615,113.16314455271062,216.41875432100042,10501455.72983119,34835128.39340063,345135.10499067296,fatigue
11.538461538461538,12.615384615384615,109.78373418998429,210.3624407178335,11603316.270795038,39555239.2137041,389034.64994300937,fatigue
11.76923076923077,12.615384615384615,106.54164464523136,204.54940867549305,12806378.986161124,44842413.91152559,437926.62300200615,fatigue
12.0,12.615384615384615,103.43004055418855,198.96633343386327,14118560.230609097,50757052.74776824,492309.50557948585,fatigue
3.0,13.025641025641026,409.43334441225187,847.667006966514,152509.79721344842,77173.47809203686,2150.0423802351065,rutting
3.230769230769231,13.025641025641026,397.21464279554556,806.3237741600674,168500.26448653842,96536.10599343557,2423.3181355198817,rutting
3.4615384615384617,13.025641025641026,384.0493429211163,767.2870410015905,188267.33721344877,120552.5211626044,2768.3417621085987,rutting
3.6923076923076925,13.025641025641026,370.47093236589967,730.5097264616741,211944.82391665483,150203.14873252343,3191.2226511208396,rutting
3.9230769230769234,13.025641025641026,356.8306568951968,695.9137681581213,239794.77578810655,186643.12473316013,3700.8151124765336,rutting
4.153846153846154,13.025641025641026,343.3560353193016,663.4017548225289,272180.44750534673,231227.10493218194,4308.420034623083,rutting
4.384615384615385,13.025641025641026,330.1910733094855,632.8653362111048,309553.69310492737,285536.69068322657,5027.741214956509,rutting
4.615384615384615,13.025641025641026,317.42371446887995,604.1911878732468,352450.00354547706,351410.65194471955,5874.9848541508045,rutting
4.846153846153847,13.025641025641026,305.10447759948545,577.2651554277988,401487.8464796785,430978.13543920085,6869.048962493808,fatigue
5.076923076923077,13.025641025641026,293.25905283900335,551.9750620619337,457370.590951557,526695.056911485,8031.7764339898185,fatigue
5.307692307692308,13.025641025641026,281.8967822388129,528.2125454866178,520890.1005833467,641383.8916579604,9388.258795369342,fatigue
5.538461538461538,13.025641025641026,271.0163507393999,505.8741976423486,592931.4901544814,778277.0981755038,10967.184444126236,fatigue
5.769230769230769,13.025641025641026,260.60959430795515,484.8622091122847,674478.7588020716,941064.4370483437,12801.228823257956,fatigue
6.0,13.025641025641026,250.66404176949266,465.08466643809504,766621.1325494488,1133944.4818424764,14927.485992428085,fatigue
6.230769230769231,13.025641025641026,241.16460749115572,446.4556104624539,870560.0165045719,1361680.6610943298,17387.94221948697,fatigue
6.461538461538462,13.025641025641026,232.09471601700403,428.8949341463249,987616.497053413,1629662.2201662648,20229.99293397104,fatigue
6.6923076923076925,13.025641025641026,223.43704740349222,412.32817640993574,1119239.3594137977,1943970.5479270807,23507.004869778175,fatigue
6.923076923076923,13.025641025641026,215.17402962024957,396.68625241878385,1267013.602766258,2311451.3745371467,27278.925594443033,fatigue
7.153846153846154,13.025641025641026,207.28816240268338,381.9051488790589,1432669.447437503,2739793.411351242,31612.942941272275,fatigue
7.384615384615385,13.025641025641026,199.76222879220796,367.92560421004976,1618091.8381811727,3237614.0701862234,36584.19716267641,fatigue
7.615384615384616,13.025641025641026,192.5794317767854,354.6927871071592,1825330.4554624585,3814552.96500635,42276.54892619528,fatigue
7.846153846153847,13.025641025641026,185.7234808899268,342.1559823957666,2056610.2532966388,4481373.962687209,48783.406587056714,fatigue
8.076923076923077,13.025641025641026,179.178645271213,330.2682897579699,2314342.5478426027,5250076.60943846,56208.61649493569,fatigue
8.307692307692308,13.025641025641026,172.9297841420557,318.98633855940926,2601136.685702736,6134017.814576111,64667.42042673021,fatigue
8.538461538461538,13.025641025641026,166.9623619713096,308.27002036295875,2919812.324764103,7148044.722935424,74287.48457857086,fatigue
8.76923076923077,13.025641025641026,161.26245317047363,298.0822396025169,3273412.3634415413,8308639.750990863,85210.00489469276,fatigue
9.0,13.025641025641026,155.81673954952265,288.38868216122944,3665216.5563662816,9634078.799743798,97590.89385371831,fatigue
9.23076923076923,13.025641025641026,150.61250270338618,279.1576011465246,4098755.8559272066,11144603.68998398,111602.05416974546,fatigue
9.461538461538462,13.025641025641026,145.63761280039026,270.35961889825757,4577827.519657197,12862609.8931198,127432.74519223283,fatigue
9.692307692307693,13.025641025641026,140.8805147844292,261.9675441450285,5106511.023323276,14812850.654020576,145291.04810144322,fatigue
9.923076923076923,13.025641025641026,136.3302127005204,253.95620319235158,5689184.818796783,17022658.62182312,165405.43629216534,fatigue
10.153846153846153,13.025641025641026,131.9762526545086,246.30228405192864,6330543.974433167,19522186.120967988,188026.45761544042,fatigue
10.384615384615385,13.025641025641026,127.80870478618466,238.98419248031342,7035618.733869714,22344665.20827566,213428.53540463248,fatigue
10.615384615384617,13.025641025641026,123.81814454729657,231.98191897144264,7809794.026946968,25526688.672916267,241911.89544768658,fatigue
10.846153846153847,13.025641025641026,119.99563351631669,225.27691582989402,8658829.96396393,29108513.144764423,273804.6262815875,fatigue
11.076923076923077,13.025641025641026,116.33269994018696,218.85198353326106,9588883.341777906,33134385.482815865,309464.88037835015,fatigue
11.307692307692308,13.025641025641026,112.82131916302447,212.6911656686322,10606530.187429342,37652893.61882092,349283.2239648549,fatigue
11.538461538461538,13.025641025641026,109.45389407866062,206.7796517975622,11718789.362085478,42717343.03175863,393685.14337271603,fatigue
11.76923076923077,13.025641025641026,106.22323572528896,201.1036876654139,12933147.245197332,48386160.02573508,443133.7159496751,fatigue
12.0,13.025641025641026,103.12254412468936,195.65049222449346,14257583.515912458,54723322.97686539,498132.4536823815,fatigue
3.0,13.435897435897436,408.11485446767927,818.3305953894173,154137.31791007548,90354.6409393373,2177.604901735231,rutting
3.230769230769231,13.435897435897436,395.90689650585733,779.2602032050833,170338.92436189644,112478.65397167444,2455.084298476518,rutting
3.4615384615384617,13.435897435897436,382.76365613841995,742.2950049525507,190356.5254709621,139817.48640602716,2805.2466418983586,rutting
3.6923076923076925,13.435897435897436,369.215420028109,707.4029154518332,214325.95179913891,173449.95228240415,3234.2936006456252,rutting
3.9230769230769234,13.435897435897436,355.6109584549728,674.521398739789,242512.15596947767,214644.0032109537,3751.1976122792084,rutting
4.153846153846154,13.435897435897436,342.175886725659,643.568314807571,275282.0565521004,264883.1821402391,4367.402447385944,rutting
4.384615384615385,13.435897435897436,329.05275595767404,614.4498635375409,313091.88866058795,325895.83135034447,5096.78023462787,fatigue
4.615384615384615,13.435897435897436,316.3284061775004,587.0662966006807,356482.23363877315,399687.2443932253,5955.732682669742,fatigue
4.846153846153847,13.435897435897436,304.0525260260108,561.3159477571256,406077.37158267753,488574.96018584206,6963.382880340501,fatigue
5.076923076923077,13.435897435897436,292.25018779035963,537.0980145467522,462587.23130495986,595227.4094185994,8141.831257724638,fatigue
5.307692307692308,13.435897435897436,280.9302800374356,514.314423407212,526811.01753061,722706.1398738882,9516.462642007733,fatigue
5.538461538461538,13.435897435897436,270.09116110245276,492.87102875651993,599642.0085729249,874511.8693887872,11116.298200907164,fatigue
5.769230769230769,13.435897435897436,259.72443800729985,472.6783330662966,682073.2370400893,1054634.6441744594,12974.389726710036,fatigue
6.0,13.435897435897436,249.81748557956104,453.6518664983814,775203.8859828892,1267608.4167999704,15128.255738713577,fatigue
6.230769230769231,13.435897435897436,240.35512152488394,435.71232818257954,880246.3006166418,1518570.4026136543,17620.360051064297,fatigue
6.461538461538462,13.435897435897436,231.32071743057963,418.785563930432,998533.5556842474,1813325.6253673178,20498.634171335107,fatigue
6.6923076923076925,13.435897435897436,222.69693356396192,402.8024348686282,1131527.5434647603,2158417.121392432,23817.04537900111,fatigue
6.923076923076923,13.435897435897436,214.4662031310197,387.69861638945247,1280827.564170627,2561202.3354182635,27636.212700144784,fatigue
7.153846153846154,13.435897435897436,206.61104983389444,373.4143556296518,1448179.4126366929,3029936.30821708,32024.073309881915,fatigue
7.384615384615385,13.435897435897436,199.114294535954,359.89420741252974,1635484.9646984322,3573862.324726356,37056.60219222229,fatigue
7.615384615384616,13.435897435897436,191.95918811673366,347.0867624853657,1844812.27447301,4203310.759132879,42818.588186512534,fatigue
7.846153846153847,13.435897435897436,185.1294951210418,334.9443774087814,2078406.2003856895,4929806.918788217,49404.469858609984,fatigue
8.076923076923077,13.435897435897436,178.6095445116674,323.4229121995812,2338699.5834494648,5766188.750217019,56919.23495596032,fatigue
8.307692307692308,13.435897435897436,172.3842583326388,312.48147948818365,2628325.0060993927,6726735.326744705,65479.38753783952,fatigue
8.538461538461538,13.435897435897436,166.43916544701634,302.08220729562225,2950127.1638311176,7827307.087681697,75213.98721208565,fatigue
8.76923076923077,13.435897435897436,160.7604051057547,292.1900163879193,3307175.8850055416,9085498.843253259,86265.76525365477,fatigue
9.0,13.435897435897436,155.33472351615444,282.77241239384205,3702779.8364625727,10520806.597613906,98792.32272361481,fatigue
9.23076923076923,13.435897435897436,150.14946553269277,273.7992923737231,4140500.9540605517,12154809.274670113,112967.41604530736,fatigue
9.461538461538462,13.435897435897436,145.19256290560688,265.24276522458086,4624169.637954359,14011366.45858738,128982.33582292484,fatigue
9.692307692307693,13.435897435897436,140.45252007121763,257.0769851416221,5157900.75240453,16116833.28340149,147047.38500316915,fatigue
9.923076923076923,13.435897435897436,135.91839817180679,249.2779972845529,5746110.469232419,18500293.62471311,167393.4627796948,fatigue
10.153846153846153,13.435897435897436,131.579797798243,241.82359478663602,6393533.9927882105,21193812.761586085,190273.76092056037,fatigue
10.384615384615385,13.435897435897436,127.42684082017244,234.69318627183387,7105244.202561909,24232710.688910455,215965.579459191,fatigue
10.615384615384617,13.435897435897436,123.4501515831061,227.86767309410163,7886671.24743589,27655857.269922476,244772.26892860688,fatigue
10.846153846153847,13.435897435897436,119.64083769386744,221.32933557172805,8743623.123137783,31505990.42537785,277025.30653651257,fatigue
11.076923076923077,13.435897435897436,115.99047057560196,215.06172755111453,9682307.26179207,35830058.559981905,313086.5138755945,fatigue
11.307692307692308,13.435897435897436,112.49106594443344,209.04957869395224,10709353.159662876,40679588.42785265,353350.4239395254,fatigue
11.538461538461538,13.435897435897436,109.13506433771714,203.27870393679223,11831836.066298813,46111079.63667878,398246.80537163833,fatigue
11.76923076923077,13.435897435897436,105.91531180606836,197.73591962132969,13057301.755391436,52186426.98434043,448243.3520110003,fatigue
12.0,13.435897435897436,102.82504086632507,192.40896583699418,14393792.394783692,58973371.81157081,503848.5459205203,fatigue
3.0,13.846153846153847,406.90536149060324,790.335054766003,155650.2649429822,105592.1679498849,2203.279356180059,rutting
3.230769230769231,13.846153846153847,394.7023440814627,753.3939520820105,172055.70712985742,130829.16734565495,2484.8068041572783,rutting
3.4615384615384617,13.846153846153847,381.57513698408974,718.3741919737158,192314.78671959945,161901.3501727525,2839.9123824925687,rutting
3.6923076923076925,13.846153846153847,368.05103533027886,685.2566177673618,216565.5197598137,199994.33919198075,3274.8913995261673,rutting
3.9230769230769234,13.846153846153847,354.4764751868214,653.9923065214973,245075.83421244967,246498.30933144534,3798.833994650621,fatigue
4.153846153846154,13.846153846153847,341.0752599732888,624.5126639833902,278216.3276938208,303036.17623396346,4423.325151523923,fatigue
4.384615384615385,13.846153846153847,327.9885421736879,596.7369103725559,316447.59022886754,371494.682615428,5162.402704320876,fatigue
4.615384615384615,13.846153846153847,315.30208887082165,570.577532570927,360315.2365733037,454058.5825038566,6032.660442978207,fatigue
4.846153846153847,13.846153846153847,303.06477156172093,545.9441860688844,410449.2781659853,553248.1325392326,7053.442392360501,fatigue
5.076923076923077,13.846153846153847,291.30104568083806,522.74643322353,467566.102772354,671960.1124156812,8247.101704847804,fatigue
5.307692307692308,13.846153846153847,280.01933933120205,500.89561818124685,532472.1386613774,813512.6141867345,9639.311042202207,fatigue
5.538461538461538,13.846153846153847,269.217672175961,480.3061076427746,606068.6953758501,981693.8637536614,11259.418226414342,fatigue
5.769230769230769,13.846153846153847,258.8874071795541,460.89607028127193,689357.6932436144,1180815.3685502233,13140.844622386285,fatigue
6.0,13.846153846153847,249.0157484378578,442.5879240699063,783448.1139195436,1415769.723990429,15321.525750876888,fatigue
6.230769230769231,13.846153846153847,239.58739961355388,425.3085476185337,889563.0720017528,1692093.4578846053,17844.39480327976,fatigue
6.461538461538462,13.846153846153847,230.58566196156227,408.9893265966021,1009047.4476160324,2016035.3463578816,20757.910448208913,fatigue
6.6923076923076925,13.846153846153847,221.99315901438345,393.56608752772075,1143376.0446759574,2394630.6958271,24116.630801583473,fatigue
6.923076923076923,13.846153846153847,213.7923129620143,378.97895716701595,1294162.2561376886,2835782.151793449,27981.835795782525,fatigue
7.153846153846154,13.846153846153847,205.9656560662809,365.1721751503239,1463167.2296187673,3348347.6647112635,32422.200494766388,fatigue
7.384615384615385,13.846153846153847,198.49603252695948,352.0938797538864,1652309.536160517,3942236.313929757,37514.52219627648,fatigue
7.615384615384616,13.846153846153847,191.36672757683655,339.6958807641617,1863675.3526774496,4628512.760611858,43344.50445782274,fatigue
7.846153846153847,13.846153846153847,184.56154817395299,327.9334291355384,2099529.175244215,5419511.167721302,50007.60148868325,fatigue
8.076923076923077,13.846153846153847,178.06487141912268,316.76498993800504,2362325.0860458193,6328959.48806156,57609.92666826243,fatigue
8.307692307692308,13.846153846153847,171.86167136728454,306.1520227869764,2654718.6016473947,7372115.078771098,66269.22928101466,fatigue
8.538461538461538,13.846153846153847,165.93753129156693,296.0587722903687,2979579.1342501156,8565912.651895242,76115.94389679901,fatigue
8.76923076923077,13.846153846153847,160.27864607703492,286.45206988060244,3340003.1007933263,9929125.615360321,87294.31716894668,fatigue
9.0,13.846153846153847,154.87181785235705,277.3011475963718,3739327.7171419533,11482541.89692962,99963.6171659277,fatigue
9.23076923076923,13.846153846153847,149.70444693636816,268.5774638444237,4181145.5161768943,13249155.375890553,114299.43069168628,fatigue
9.461538461538462,13.846153846153847,144.76451949972522,260.25454083155773,4669319.6294156825,15254374.0738506,130495.05438016308,fatigue
9.692307692307693,13.846153846153847,140.04059289831645,252.3078131553277,5207999.8718793625,17526246.277762357,148762.9856674188,fatigue
9.923076923076923,13.846153846153847,135.52177934458592,244.7144869361754,5801639.669352024,20095705.785790622,169336.52004691036,fatigue
10.153846153846153,13.846153846153847,131.19772839248222,237.4534088323523,6455013.86602756,22996837.480461977,192471.46129738406,fatigue
10.384615384615385,13.846153846153847,127.05860858638641,230.50494427894438,7173237.4488897035,26267164.444144424,218447.95163686405,fatigue
10.615384615384617,13.846153846153847,123.09508854117533,223.85086431717323,7961785.223109554,29947957.839540128,247572.42899911857,fatigue
10.846153846153847,13.846153846153847,119.29831766441762,217.47424041828157,8826512.470365342,34084570.78268004,280179.71885062696,fatigue
11.076923076923077,13.846153846153847,115.6599066928275,211.35934675015386,9773676.619366234,38726797.43775244,316635.26816617174,fatigue
11.307692307692308,13.846153846153847,112.17190818709251,205.49156937934382,10809959.955084233,43929258.56175645,357337.52936061466,fatigue
11.538461538461538,13.846153846153847,108.8267971080249,199.85732194344405,11942493.390325725,49751814.72207717,402720.50213362614,fatigue
11.76923076923077,13.846153846153847,105.61745158006175,194.44396736725616,13178881.320370782,56260008.40109253,453256.4413242124,fatigue
12.0,13.846153846153847,102.53713393388274,189.23974523028627,14527227.578516647,63525536.18836386,509458.73899359134,fatigue
3.0,14.256410256410255,405.79509954201444,763.6095331794384,157056.173255481,123173.60569372895,2227.182174158645,rutting
3.230769230769231,14.256410256410255,393.5920949311041,728.6638956876006,173658.1176698038,151914.12169782966,2512.60277635296,rutting
3.4615384615384617,14.256410256410255,380.47571930470644,695.4716830009529,194149.6903584734,187174.87228389713,2872.4585527580966,rutting
3.6923076923076925,14.256410256410255,366.9704758542893,664.0248414717232,218671.23186505257,230257.3065542605,3313.139406500806,fatigue
3.9230769230769234,14.256410256410255,353.42060411932187,634.2863568147286,247493.70471195408,282683.8839614999,3843.8525176991143,fatigue
4.153846153846154,14.256410256410255,340.0481875875447,606.1996324791302,280991.39183800155,346228.092023573,4476.322281043018,fatigue
4.384615384615385,14.256410256410255,326.9930387259415,579.6955281086254,319629.206724049,422947.5120178435,5224.7495413278375,fatigue
4.615384615384615,14.256410256410255,314.33988630768886,554.6975488316823,363957.7375398376,515220.1439237762,6105.916715005521,fatigue
4.846153846153847,14.256410256410255,302.1368023186399,531.1256081471325,414612.6443854924,625784.2115456978,7139.384619355507,fatigue
5.076923076923077,14.256410256410255,290.4076311276622,508.89870852980334,472316.6724979199,757781.6825497213,8347.754331800055,fatigue
5.307692307692308,14.256410256410255,279.16033808745806,487.93681080948465,537883.3560339707,914805.7569690305,9756.980910643437,fatigue
5.538461538461538,14.256410256410255,268.3925965624866,468.162101510126,612221.90369973,1100952.6027785956,11396.732750853327,fatigue
5.769230769230769,14.256410256410255,258.09551445360546,449.49981747798904,696342.978207294,1320877.6495486547,13300.794051402187,fatigue
6.0,14.256410256410255,248.2561121293191,431.8787480858757,791365.2018790715,1579856.791710864,15507.509915381419,fatigue
6.230769230769231,14.256410256410255,238.85896519589713,415.2315052509401,898522.2884566257,1883852.9018070379,18060.27478029083,fatigue
6.461538461538462,14.256410256410255,229.88729021234101,399.494628608764,1019170.7409104494,2239588.110790688,21008.06559388042,fatigue
6.6923076923076925,14.256410256410255,221.32365971137287,384.6085758423224,1154798.0797186454,2654622.375953604,24406.02163024001,fatigue
6.923076923076923,14.256410256410255,213.15047099301665,370.51763506715844,1307031.5825547697,3137438.925760361,28316.07320124052,fatigue
7.153846153846154,14.256410256410255,205.35025157813223,357.1697863035955,1477647.5282560221,3697537.242832176,32807.621825775685,fatigue
7.384615384615385,14.256410256410255,197.905856381414,344.51653164305543,1668580.947261867,4345534.319380434,37958.27470935242,fatigue
7.615384615384616,14.256410256410255,190.80059310007877,332.5127081480942,1881935.8884175613,5093274.991409274,43854.63667821873,fatigue
7.846153846153847,14.256410256410255,184.01829996763905,321.1162933689227,2119996.218617064,5953952.227034849,50593.16301414839,fatigue
8.076923076923077,14.256410256410255,177.54339183162142,310.28821027584985,2385236.9774388447,6942238.308678147,58281.076951086936,fatigue
8.307692307692308,14.256410256410255,171.36088509376447,299.9921361407478,2680336.313791415,8074427.907475914,67037.35592238874,fatigue
8.538461538461538,14.256410256410255,165.45640847218763,290.1943182550228,3008188.035653544,9368594.100263242,76993.79098449304,fatigue
8.76923076923077,14.256410256410255,159.81620418674476,280.863398195334,3371914.8072658465,10844758.424605776,88296.1241856094,fatigue
9.0,14.256410256410255,154.42712261804712,271.97024552449784,3774882.030603322,12525076.105674798,101105.26899175387,fatigue
9.23076923076923,14.256410256410255,149.27661247291618,263.48780125310964,4220712.449641865,14434037.620634409,115598.61922267669,fatigue
9.461538461538462,14.256410256410255,144.35270782232652,255.39093101739928,4713301.516851181,16598687.792230668,131971.45228244612,fatigue
9.692307692307693,14.256410256410255,139.6440129417932,247.65628769708786,5256833.561545452,19048863.624095473,150438.4327897942,fatigue
9.923076923076923,14.256410256410255,135.13968559910697,240.26218306261373,5855798.799259787,21817452.106586866,171235.22301845963,fatigue
10.153846153846153,14.256410256410255,130.82941924785837,233.18846797345998,6515011.220267308,24940669.234352294,194620.20684508394,fatigue
10.384615384615385,14.256410256410255,126.70342446279318,226.41642062568545,7239627.393789081,28458361.485704184,220876.33416983343,fatigue
10.615384615384617,14.256410256410255,122.75240987203426,219.9286423508434,8035166.2224633945,32414331.01958915,250313.09302165153,fatigue
10.846153846153847,14.256410256410255,118.96756278676484,213.7089604886144,8907529.679316198,36856685.84852441,283268.6167852498,fatigue
11.076923076923077,14.256410256410255,115.34052969141628,207.74233788377828,9863024.556899058,41838216.24527434,320111.9341907245,fatigue
11.307692307692308,14.256410256410255,111.86339673052775,202.01478858942488,10908385.25550575,47416798.63697068,361245.36988918326,fatigue
11.538461538461538,14.256410256410255,108.52867030820752,196.51329938927256,12050797.634522477,53655828.23248159,407107.10359997995,fatigue
11.76923076923077,14.256410256410255,105.32925790005336,191.22575678088492,13297923.948057521,60624681.61653807,458173.89595748635,fatigue
12.0,14.256410256410255,102.25844916387749,186.1408790874814,14657928.883093195,68399210.52693443,514963.9893090538,fatigue
3.0,14.666666666666666,404.77527631651606,738.0868292960993,158362.1840488226,143421.93326338753,2249.4249474735484,rutting
3.230769230769231,14.666666666666666,392.5681132576362,705.0119129791402,175153.3108228772,176099.09326676463,2538.5852325071046,fatigue
3.4615384615384617,14.666666666666666,379.4580863279022,673.5370466247472,195868.49133227963,216051.98880734626,2903.0012447050744,fatigue
3.6923076923076925,14.666666666666666,365.96709596803845,643.6636694993236,220650.5076691184,264707.54648026696,3349.158070050275,fatigue
3.9230769230769234,14.666666666666666,352.4373182451593,615.3651590731273,249773.40293408505,323731.2632804801,3886.3790566564517,fatigue
4.153846153846154,14.666666666666666,339.0892077864262,588.5955286064965,283615.1437057733,395059.15264162765,4526.526089733502,fatigue
4.384615384615385,14.666666666666666,326.06129710681677,563.2960314183061,322644.9307623881,480932.89539110643,5283.960269829205,fatigue
4.615384615384615,14.666666666666666,313.4373141169299,539.4000870613846,367418.263050814,583938.4190167126,6175.649163078342,fatigue
4.846153846153847,14.666666666666666,301.26455245304936,516.8368975339058,418576.3653293773,707048.1387463915,7221.366238418804,fatigue
5.076923076923077,14.666666666666666,289.5662550264917,495.53405893061694,476848.2383378269,853667.108581145,8443.955720301503,fatigue
5.307692307692308,14.666666666666666,278.3499259974303,475.4194125453186,543054.4044911226,1027683.3503800081,9869.649655239553,fatigue
5.538461538461538,14.666666666666666,267.61288850987444,456.42232594624534,618111.8399163798,1233522.6555687482,11528.43096579325,fatigue
5.769230769230769,14.666666666666666,257.34598786870225,438.47455061065716,703039.8048492981,1476208.1881607738,13454.439985408986,fatigue
6.0,14.666666666666666,247.53605091701996,421.51076781124317,798966.4048688686,1761425.2602864364,15686.424019904382,fatigue
6.230769230769231,14.666666666666666,238.16751409783328,405.4689072831299,907135.783129669,2095591.7024845972,18268.230659864115,fatigue
6.461538461538462,14.666666666666666,229.2234975298659,390.2903023018383,1028915.8833567161,2485934.310122059,21249.346285354677,fatigue
6.6923076923076925,14.666666666666666,220.68651082733868,375.9197288322046,1165806.747882581,2940571.9133336805,24685.481681044177,fatigue
6.923076923076923,14.666666666666666,212.53891461991356,362.3053642493242,1319449.3313296253,3468605.689149561,28639.207036609336,fatigue
7.153846153846154,14.666666666666666,204.76322025050803,349.39869189683736,1491634.8223436167,4080217.408945699,33180.638910561414,fatigue
7.384615384615385,14.666666666666666,197.34228238410643,337.154370747109,1684314.4750062288,4786776.389786722,38388.18202152169,fatigue
7.615384615384616,14.666666666666666,190.25942076582325,325.53008413579033,1899609.9591923498,5600955.992408791,44349.329018550765,fatigue
7.846153846153847,14.666666666666666,183.49849507529996,314.48637755941314,2139824.2456857515,6536860.579494136,51161.521680385275,fatigue
8.076923076923077,14.666666666666666,177.04394867883542,303.9864925436013,2407453.0475447155,7610163.913840172,58933.07730538039,fatigue
8.307692307692308,14.666666666666666,170.880831696058,293.99620137723264,2705196.844100499,8838260.035781411,67784.18437902436,fatigue
8.538461538461538,14.666666666666666,164.99481024700475,284.4836458839852,3035973.5180931636,10240427.712015325,77847.9719413412,fatigue
8.76923076923077,14.666666666666666,159.37216640900957,275.4191822273129,3402931.6397964843,11838009.593486145,89271.65741842163,fatigue
9.0,14.666666666666666,153.99979187881388,266.7752329088044,3809464.4345469945,13654607.258302322,102217.7780261267,fatigue
9.23076923076923,14.666666666666666,148.86517733023655,258.52614653836383,4259224.471878869,15716293.347167905,116865.5111951266,fatigue
9.461538461538462,14.666666666666666,143.95639880052792,250.64806556137694,4756139.115493321,18051842.024115667,133412.08980031297,fatigue
9.692307692307693,14.666666666666666,139.26210200944234,243.11880187196346,5304426.773600555,20692979.015120927,152074.31830035753,fatigue
9.923076923076923,14.666666666666666,134.7714852352057,235.9177200832933,5908613.988814277,23674652.49214818,173090.19620121695,fatigue
10.153846153846153,14.666666666666666,130.47428118890744,229.02562813607463,6573553.405824501,27035326.080948975,196720.65554806378,fatigue
10.384615384615385,14.666666666666666,126.36073820928404,222.4246748826024,7304442.653599786,30817295.2779336,223251.4194213538,fatigue
10.615384615384617,14.666666666666666,122.4216010209881,216.09825426986148,8106844.176958809,35067028.565019704,252994.98866319912,fatigue
10.846153846153847,14.666666666666666,118.6480912466413,210.03091574970313,8986706.05008764,39835534.51153712,286292.76428915345,fatigue
11.076923076923077,14.666666666666666,115.03188782673644,204.20828055883737,9950383.802046465,45178756.149009794,323517.31324778666,fatigue
11.307692307692308,14.666666666666666,111.56510747564971,198.61696353101212,11004663.281586327,51157993.89762693,365074.78537630354,fatigue
11.538461538461538,14.666666666666666,108.24028528273227,193.2445001247841,12156784.585750148,57840358.31206993,411407.4895654298,fatigue
11.76923076923077,14.666666666666666,105.05035555218001,188.07927837069855,13414467.073827552,65299253.89853208,462996.6372917589,fatigue
12.0,14.666666666666666,101.98863296262037,183.11047546037125,14785935.485314896,73614895.23369008,520365.2618013623,fatigue
3.0,15.076923076923077,403.83796625396343,713.7033045234421,159575.04155482523,166699.33774500122,2270.1141076938648,fatigue
3.230769230769231,15.076923076923077,391.62312727839446,682.382832005561,176548.08302489083,203792.8222846569,2562.862672766864,fatigue
3.4615384615384617,15.076923076923077,378.5155935067326,652.5223069976677,197478.11747821156,248994.18881086714,2931.652580927874,fatigue
3.6923076923076925,15.076923076923077,365.03484112885707,624.1312431448158,222510.46591158706,303866.163564895,3383.0643596231716,fatigue
3.9230769230769234,15.076923076923077,351.5211104355568,597.1920607161602,251922.2861659148,370228.7660383996,3926.5364628472103,fatigue
4.153846153846154,15.076923076923077,338.193316448896,571.6681392921752,286095.21964731294,450193.28749918524,4574.066240967812,fatigue
4.384615384615385,15.076923076923077,325.188772253312,547.5100026857351,325502.7140953995,546199.6382964946,5340.172244055553,fatigue
4.615384615384615,15.076923076923077,312.5902441874525,524.6599841995207,370705.1143012428,661057.3004751535,6242.003694650303,fatigue
4.846153846153847,15.076923076923077,300.44427132611537,503.0556911398932,422349.12458741025,797990.1326363601,7299.542579278958,fatigue
5.076923076923077,15.076923076923077,288.77350773685095,482.63253870597885,481169.89890047983,960685.2893656736,8535.87151335545,fatigue
5.307692307692308,15.076923076923077,277.585001067458,463.32557234866,547994.8304246955,1153346.5385887253,9977.494154985761,fatigue
5.538461538461538,15.076923076923077,266.8757233937532,445.0707517327591,623748.5313748308,1380752.2880783705,11654.701946433344,fatigue
5.769230769230769,15.076923076923077,256.63625281967177,427.8058308807113,709458.71518948,1648318.6681529908,13601.984696286483,fatigue
6.0,15.076923076923077,246.85321559232037,411.47093798890694,806262.8138706426,1962168.0621040799,15858.484574163156,fatigue
6.230769230769231,15.076923076923077,237.51090038800078,396.00893391808387,915415.2308074086,2329203.5292001036,18468.494269915784,fatigue
6.461538461538462,15.076923076923077,228.59232141505524,381.36560932926744,1038295.1688742433,2757189.6266754796,21482.000785262164,fatigue
6.6923076923076925,15.076923076923077,220.07991550195408,367.4897657651318,1176414.997941285,3254840.2057209047,24955.276799637235,fatigue
6.923076923076923,15.076923076923077,211.95599666929374,354.33321471505457,1331429.142099541,3831913.8303846135,28951.5219051248,fatigue
7.153846153846154,15.076923076923077,204.2030502933077,341.8507200810405,1505143.4785733323,4499317.545335744,33541.5563044034,fatigue
7.384615384615385,15.076923076923077,196.8039212970251,329.9999028767511,1699525.249409843,5269219.79630526,38804.56984725418,fatigue
7.615384615384616,15.076923076923077,189.7419323709791,318.74112197587067,1916713.4946032215,6155173.383408529,44828.929564615835,fatigue
7.846153846153847,15.076923076923077,183.0009559840031,308.0373409202263,2159030.0218204907,7172249.400371247,51713.04915364058,fatigue
8.076923076923077,15.076923076923077,176.5654558394345,297.8539879266402,2428990.9335687216,8337183.1801956,59566.324175903996,fatigue
8.307692307692308,15.076923076923077,170.42050807991774,288.15881408160976,2729318.737557928,9668533.328731393,68510.1370534256,fatigue
8.538461538461538,15.076923076923077,164.55180901876972,278.92175311921966,3062955.0701858248,11186854.981169736,78678.93628083491,fatigue
8.76923076923077,15.076923076923077,158.94567385952396,270.1147850111214,3433074.0664883996,12914888.462327562,90221.39461298431,fatigue
9.0,15.076923076923077,153.58902934676001,261.71180475658605,3843096.4125529374,14877764.569840958,103301.65133107781,fatigue
9.23076923076923,15.076923076923077,148.4694022980635,253.68849716606664,4296704.118276075,17103227.73044108,118100.64403226001,fatigue
9.461538461538462,15.076923076923077,143.57490531861748,246.02221802106084,4797856.049484284,19621878.30396423,134817.53572309154,fatigue
9.692307692307693,15.076923076923077,138.89422057746802,238.69188171771128,5350804.25885105,22467435.32837985,153671.24332231013,fatigue
9.923076923076923,15.076923076923077,134.41658224954696,231.6778553240504,5960111.154793554,25677021.012606855,174902.07398918268,fatigue
10.153846153846153,15.076923076923077,130.13175804852798,224.96185887236953,6630667.546675936,29291468.29287519,198773.47598771614,fatigue
10.384615384615385,15.076923076923077,126.03003015873698,218.52687164735244,7367711.603260678,33355652.77334768,225573.91107181736,fatigue
10.615384615384617,15.076923076923077,122.10217579751911,212.35704420142116,8176848.759513834,37918850.37294287,255618.85563065324,fatigue
10.846153846153847,15.076923076923077,118.33944758825021,206.43761581968096,9064072.604668796,43035121.99788768,289252.9380661433,fatigue
11.076923076923077,15.076923076923077,114.7335538892188,200.75483715981,10035786.781966886,48763726.553375125,326852.2200853581,fatigue
11.307692307692308,15.076923076923077,111.27663919885217,195.29589780168143,11098827.927800471,55169563.59752706,368826.62977978186,fatigue
11.538461538461538,15.076923076923077,107.96126473936677,190.0488584538144,12260489.675154964,62323646.92623161,415622.55453137564,fatigue
11.76923076923077,15.076923076923077,104.78038930645587,185.00258757667544,13528547.743341185,70303610.35780853,467725.6019328105,fatigue
12.0,15.076923076923077,101.72735046057726,180.14670219512936,14911286.133084796,79194246.96124801,525663.5370370792,fatigue
3.0,15.487179487179487,402.97601636857604,690.3987705525752,160701.09613295927,193411.32921791472,2289.3507464325717,fatigue
3.230769230769231,15.487179487179487,390.7505489264293,660.7243513530827,177848.87034959358,235451.6340959974,2585.5388118160145,fatigue
3.4615384615384617,15.487179487179487,377.64220002909195,632.3818896237933,198985.1633298286,286515.26829176524,2958.5203661366445,fatigue
3.6923076923076925,15.487179487179487,364.16818938032,605.3877251123403,224257.91468709987,348311.79011716944,3414.971342368953,fatigue
3.9230769230769234,15.487179487179487,350.66694335485505,579.7321222523448,253947.42052809926,422828.00039749703,3964.444069618677,fatigue
4.153846153846154,15.487179487179487,337.35592411391934,555.3867135186687,288438.98189075297,512364.0629049027,4619.069245917263,fatigue
4.384615384615385,15.487179487179487,324.37128550852077,532.3102810709481,328210.2494315151,619573.1644812932,5393.520021318372,fatigue
4.615384615384615,15.487179487179487,311.7948726532779,510.4531652217135,373826.3468597415,747504.9656162147,6305.123770332508,fatigue
4.846153846153847,15.487179487179487,299.67249572929984,489.7605743878316,425939.37208021735,899653.1027727937,7374.066873335154,fatigue
5.076923076923077,15.487179487179487,288.026234895426,470.1750345331823,485290.5297647052,1080007.0197626327,8623.665605258318,fatigue
5.307692307692308,15.487179487179487,276.8626884765593,451.63817427525333,552713.9666230857,1293108.427512562,10080.689893016533,fatigue
5.538461538461538,15.487179487179487,266.1784791660048,434.0920026222267,629141.8001147945,1544112.7207752902,11775.733730002965,fatigue
5.769230769230769,15.487179487179487,255.963915717562,417.47980263295466,715610.0531683837,1838855.717832661,13743.629782576534,fatigue
6.0,15.487179487179487,246.20541903057293,401.74673669238456,813265.3280130178,2183926.1357390904,16023.90778760564,fatigue
6.230769230769231,15.487179487179487,236.88712356237338,386.8402370785143,923372.1197021614,2586744.2692400934,18661.29752137139,fatigue
6.461538461538462,15.487179487179487,227.9919301122921,372.7102382114462,1047320.7091950816,3055647.405560328,21706.277834656386,fatigue
6.6923076923076925,15.487179487179487,219.50219464739865,359.30929352783556,1186635.600031684,3599982.5784991975,25215.673719761962,fatigue
6.923076923076923,15.487179487179487,211.40017625926072,346.5926095170261,1342984.478637538,4230207.34185017,29253.303724449837,fatigue
7.153846153846154,15.487179487179487,203.66832602559714,334.5180214262634,1518187.6898261374,4957999.321838196,33890.680322644104,fatigue
7.384615384615385,15.487179487179487,196.28947094325085,323.0459289634184,1714228.2280745232,5796375.388629436,39207.766129005104,fatigue
7.615384615384616,15.487179487179487,189.24692871832985,312.13920558372854,1933262.2526398562,6759821.365616366,45293.78912370632,fatigue
7.846153846153847,15.487179487179487,182.52457700243977,301.763091321827,2177630.141052433,7864433.269955727,52248.12034436642,fatigue
8.076923076923077,15.487179487179487,176.10689259515007,291.88507637373203,2449868.101182063,9128071.146934137,60181.21780743742,fatigue
8.307692307692308,15.487179487179487,169.97897081013662,282.4747805523174,2752720.3670096565,10570526.62284148,69215.64074119634,fatigue
8.538461538461538,15.487179487179487,164.1265317007169,273.50383218316705,3089152.00745263,12213705.355318056,79487.13854424942,fatigue
8.76923076923077,15.487179487179487,158.535917542594,264.94574885665855,3462362.3810794894,14081825.60629269,91145.81922339795,fatigue
9.0,15.487179487179487,153.19408446746033,256.77582161280924,3875799.272286305,16201634.200739654,104357.40240827591,fatigue
9.23076923076923,15.487179487179487,148.0885901588071,248.97100353358456,4333173.746492032,18602641.16497947,119304.56238272563,fatigue
9.461538461538462,15.487179487179487,143.20757888123347,241.50980329433563,4838475.763149809,21317374.361790825,136188.3669098348,fatigue
9.692307692307693,15.487179487179487,138.53976469831343,234.37218393588824,5395990.585895321,24381655.456913613,155229.81795469427,fatigue
9.923076923076923,15.487179487179487,134.0744134637341,227.53946692559302,6010316.02900821,27834898.5633811,176671.50072265507,fatigue
10.153846153846153,15.487179487179487,129.80132399486962,220.99424145194823,6686380.578604541,31720432.91713195,200779.34772801088,fatigue
10.384615384615385,15.487179487179487,125.71080872366298,214.72027882216886,7429462.425683566,36085850.94006834,227844.52488645352,fatigue
10.615384615384617,15.487179487179487,121.79367404483331,208.70245178983606,8245209.446392774,40983383.04540618,258185.4468824862,fatigue
10.846153846153847,15.487179487179487,118.04120053172835,202.92665861907705,9139660.162737543,46470300.53491912,292149.9292993982,fatigue
11.076923076923077,15.487179487179487,114.4451231563978,197.37975168446886,10119265.714523867,52609347.928422764,330117.48521385354,fatigue
11.307692307692308,15.487179487179487,110.99761162672402,192.04947040647352,11190912.870662387,59469206.05224104,372501.77414968563,fatigue
11.538461538461538,15.487179487179487,107.6912509359208,186.9243783268788,12361948.105150782,67124987.19504468,419753.21145650034,fatigue
11.76923076923077,15.487179487179487,104.51902220601151,181.9938041350761,13640202.760151705,75658763.61580092,472361.7463287889,fatigue
12.0,15.487179487179487,101.47428389555259,177.24778646268155,15034019.315647455,85160130.65892957,530859.816811144,fatigue
3.0,15.897435897435898,402.1829631718777,668.1163600020564,161746.31218671176,224011.2199858401,2307.2305483489667,fatigue
3.230769230769231,15.897435897435898,389.9444027302626,639.9869448835889,179061.75158196216,271584.2435952198,2606.7124268139632,fatigue
3.4615384615384617,15.897435897435898,376.83240794156944,613.072551146158,200395.88910321565,329186.48766025004,2983.707857979062,fatigue
3.6923076923076925,15.897435897435898,363.3620991896355,587.3952475598388,225899.34690367788,398686.1263771264,3444.9878821293346,fatigue
3.9230769230769234,15.897435897435898,349.8702046783924,562.9520785354676,255855.57334549638,482249.81843051413,4000.2173232838218,fatigue
4.153846153846154,15.897435897435898,336.5728174369735,539.7219330784603,290653.5081887017,582381.0842773704,4661.658029336836,fatigue
4.384615384615385,15.897435897435898,323.60499134913204,517.6709400489152,330774.95767038484,701962.4011546158,5444.134864981204,fatigue
4.615384615384615,15.897435897435898,311.04769107754623,496.75662549597024,376789.75576640834,844301.2820217069,6365.149846064036,fatigue
4.846153846153847,15.897435897435898,298.9460248419852,476.9310669691404,429355.3072712823,1013180.6150661145,7445.089636861764,fatigue
5.076923076923077,15.897435897435898,287.32151557590925,458.14325363172094,489218.7650391308,1212913.5568801127,8707.499467614658,fatigue
5.307692307692308,15.897435897435898,276.18032146058783,440.34082729329873,557220.9124007374,1448403.295362208,10179.410227267796,fatigue
5.538461538461538,15.897435897435898,265.518719563309,423.4713463247153,634301.24178416,1725208.0288920281,11891.71253307918,fatigue
5.769230769230769,15.897435897435898,255.32674918743893,407.483185165496,721503.9425709177,2049611.5474827816,13879.575335756746,fatigue
6.0,15.897435897435898,245.59062309681048,392.32615772401783,819984.6317242881,2428699.85012068,16182.908687350122,fatigue
6.230769230769231,15.897435897435898,236.29431692103924,377.9519332376159,931017.7280659748,2870444.2903980887,18846.871481025082,fatigue
6.461538461538462,15.897435897435898,227.4206122574724,364.3142974993387,1056004.4101842784,3383791.8091551918,21922.425684722824,fatigue
6.6923076923076925,15.897435897435898,218.95177769857526,351.3693000618618,1196481.1219427865,3978762.8867869913,25466.93905856732,fatigue
6.923076923076923,15.897435897435898,210.8700105082917,339.07531843321357,1354128.6053911948,4666557.927205352,29544.83869127871,fatigue
7.153846153846154,15.897435897435898,203.1577204208929,327.39306281803323,1530781.452266547,5459672.86783423,34228.31798141789,fatigue
7.384615384615385,15.897435897435898,195.7977094842857,316.28553917333926,1728438.1741691474,6372024.892933119,39598.09996216661,fatigue
7.615384615384616,15.897435897435898,188.77328353647715,305.7179838756486,1949271.798909679,7419089.208516243,45744.26014332384,fatigue
7.846153846153847,15.897435897435898,182.06831874661924,295.6577798523391,2195641.0069443067,8618047.913899645,52767.11233086206,fatigue
8.076923076923077,15.897435897435898,175.66729861594607,286.0743613916095,2470101.8274624543,9987952.075616328,60778.1611863389,fatigue
8.307692307692308,15.897435897435898,169.55533153790125,276.9391128378527,2775419.918641312,11549898.172713136,69901.12560551014,fatigue
8.538461538461538,15.897435897435898,163.7181555364033,268.22526486506337,3114583.460840455,13327220.137439724,80273.03732525943,fatigue
8.76923076923077,15.897435897435898,158.1421345202382,259.90779089091245,3490816.6950611877,15345698.261733975,92045.41950672999,fatigue
9.0,15.897435897435898,152.81424890061942,251.9633053616187,3907594.1418146566,17633786.277795903,105385.55038578315,fatigue
9.23076923076923,15.897435897435898,147.72208244679456,244.3699650334894,4368655.537623775,20222857.950880192,120477.81742506013,fatigue
9.461538461538462,15.897435897435898,142.85380662227283,237.10737394602614,4878021.527726411,23147474.544902608,137525.16774020006,fatigue
9.692307692307693,15.897435897435898,138.19816323380812,230.1564924803575,5440010.154178745,26445674.53730315,156750.66090202425,fatigue
9.923076923076923,15.897435897435898,133.7444459592837,223.4995506912525,6059254.178517025,30159286.969652873,178399.13053289382,fatigue
10.153846153846153,15.897435897435898,129.48248114833626,217.11996596481075,6740719.277477502,34334269.82535468,202738.96141578653,fatigue
10.384615384615385,15.897435897435898,125.40260817770461,211.00226496676527,7489723.149069707,39021074.82603408,230063.9891165618,fatigue
10.615384615384617,15.897435897435898,121.49565957029202,205.1320097930562,8311955.564616884,44275040.034142755,260695.52938140222,fatigue
10.846153846153847,15.897435897435898,117.75294103867225,199.49572820374078,9213499.40030577,50156811.640996665,294984.54481160466,fatigue
11.076923076923077,15.897435897435898,114.1662115811986,194.08084780530638,10200852.679397926,56732796.306836754,333313.95653590636,fatigue
11.307692307692308,15.897435897435898,110.72766373609102,188.87563403937546,11280951.65363187,64075645.402263,376101.10879655945,fatigue
11.538461538461538,15.897435897435898,107.42990408219283,183.8691318338542,12461194.949551929,72264772.47803518,423800.39453939867,fatigue
11.76923076923077,15.897435897435898,104.26593406212434,179.05111077321087,13749468.802607033,81386905.26225583,476906.050250975,fatigue
12.0,15.897435897435898,101.22913119288499,174.41201364628435,15154173.398920164,91536673.44967708,535955.1284179824,fatigue
3.0,16.307692307692307,401.45295928807144,646.802386155313,162716.2796585319,259004.99406130103,2323.843812427839,fatigue
3.230769230769231,16.307692307692307,389.1992627439749,620.1237551442732,180192.45516468192,312756.96985414025,2626.477298585197,fatigue
3.4615384615384617,16.307692307692307,376.0812079747669,594.5532979390845,201716.22378185313,377642.16049833054,3007.313635602475,fatigue
3.6923076923076925,16.307692307692307,362.61196288234464,570.1178494256137,227440.94001120664,455699.9342955109,3473.2184402413677,fatigue
3.9230769230769234,16.307692307692307,349.12666700471016,546.8202899758035,257653.2099157694,549290.7477102336,4033.967519575489,fatigue
4.153846153846154,16.307692307692307,335.8401246018048,524.6458740510266,292745.5859546226,661136.9002480359,4701.951604228537,fatigue
4.384615384615385,16.307692307692307,322.886347461982,503.5672564689249,333203.9796889034,794367.1922452761,5492.144359379415,fatigue
4.615384615384615,16.307692307692307,310.3454604869349,483.5484054452627,379602.8652186125,952565.7685587108,6422.218930027861,fatigue
4.846153846153847,16.307692307692307,298.2618976279615,464.54760165700174,432604.86698025477,1139825.441165216,7512.758171490408,fatigue
5.076923076923077,16.307692307692307,286.6566425467294,446.5197056653493,492962.9835153629,1360805.8004475357,8787.531594894637,fatigue
5.307692307692308,16.307692307692307,275.5354240106892,429.41784950238906,561524.5182933875,1620796.4486650801,10273.825782648863,fatigue
5.538461538461538,16.307692307692307,264.89417889317735,413.19468048458685,639236.209073115,1925785.720818869,12002.822092036671,fatigue
5.769230769230769,16.307692307692307,254.72267864513367,397.80326006167826,727150.2693947838,2282535.2989034397,14010.019230848287,fatigue
6.0,16.307692307692307,245.0069267632346,383.197699013468,826431.1762330106,2698661.1760553396,16335.700361146668,fatigue
6.230769230769231,16.307692307692307,235.73073701549515,369.3335926785253,938363.1050270355,3182721.487351152,19025.445569466752,fatigue
6.461538461538462,16.307692307692307,226.87676747667066,356.1683057492601,1064357.952224589,3744311.7932168646,22130.691252804718,fatigue
6.6923076923076925,16.307692307692307,218.42719421178165,343.6611449510891,1205963.9092730752,4394168.4781218115,25709.33843450008,fatigue
6.923076923076923,16.307692307692307,210.36414700512853,331.773449095172,1364874.5676519084,5144281.009394143,29826.412365617165,fatigue
7.153846153846154,16.307692307692307,202.66998833838687,320.46861907602215,1542938.5457798494,6008013.886166653,34554.776053707006,fatigue
7.384615384615385,16.307692307692307,195.3274893185406,309.71210498119376,1742169.6374109548,7000239.194014403,39975.90062929497,fatigue
7.615384615384616,16.307692307692307,188.31993796482644,299.4713632722575,1964757.4884613184,8137480.7641906105,46180.6957311045,fatigue
7.846153846153847,16.307692307692307,181.63120314178988,289.7157937323481,2213078.815578798,9438071.015175095,53270.40337370619,fatigue
8.076923076923077,16.307692307692307,175.24576941878996,280.4166633570213,2489709.1853968957,10922321.62657911,61357.55905971794,fatigue
8.307692307692308,16.307692307692307,169.1487528643416,271.5470224345752,2797435.3783748867,12612709.259889385,70567.02421286807,fatigue
8.538461538461538,16.307692307692307,163.32590432279247,263.08161659441197,3139268.3654241366,14534077.596214695,81037.09433589852,fatigue
8.76923076923077,16.307692307692307,157.76360445538404,254.9967974976664,3518456.9291324397,16713857.007757992,92920.68763474995,fatigue
9.0,16.307692307692307,152.448853348931,247.27043402294004,3938501.9642981123,19182303.217326898,106386.6191933192,fatigue
9.23076923076923,16.307692307692307,147.3692565326098,239.88182519752084,4403171.494658835,21972756.329245947,121620.9661266377,fatigue
9.461538461538462,16.307692307692307,142.5130086181976,232.81161568929224,4916516.444145649,25121921.636277176,138828.52947989156,fatigue
9.692307692307693,16.307692307692307,137.8688753741005,226.0417143657462,5482887.201728299,28670173.621383145,158234.3989719186,fatigue
9.923076923076923,16.307692307692307,133.42617478158198,219.55521621168452,6106951.018982213,32661884.58119086,180085.6270008419,fatigue
10.153846153846153,16.307692307692307,129.17475745233892,213.33632775105303,6793710.278949088,37145779.300541535,204653.01863297843,fatigue
10.384615384615385,16.307692307692307,125.10498667702869,207.37029602144645,7548521.673747427,42175317.205058284,232233.04458149266,fatigue
10.615384615384617,16.307692307692307,121.20771830308993,201.64334108732356,8377116.326789742,47809103.41160835,263149.88444652985,fatigue
10.846153846153847,16.307692307692307,117.47428059332614,196.14259203901292,9285620.893455567,54111330.08492403,297757.60773240676,fatigue
11.076923076923077,16.307692307692307,113.89645418524147,190.85602640109903,10280579.671732433,61152249.492415406,336442.50037914055,fatigue
11.307692307692308,16.307692307692307,110.46645224925568,185.77241286014646,11368977.751750922,69008680.12802407,379625.54474508704,fatigue
11.538461538461538,16.307692307692307,107.17690092804142,180.8812572140279,12558265.23036674,77764547.24938142,427765.0611545673,fatigue
11.76923076923077,16.307692307692307,104.02082012695735,176.17275144080523,13856382.514061226,87511459.13994652,481359.51928007737,fatigue
12.0,16.307692307692307,100.99160471553117,171.6377257825221,15271786.730480596,98349320.3685878,540950.5277630028,fatigue
3.0,16.717948717948715,400.7807085499242,626.4061964205229,163616.22809083888,298956.5942797916,2339.275541126215,fatigue
3.230769230769231,16.717948717948715,388.5101965483675,601.0904796369931,181246.36905701592,359599.3891782861,2644.9222266608804,fatigue
3.4615384615384617,16.717948717948715,375.38403127502255,576.7852972708752,202951.7713869224,432585.7026950116,3029.4315474047116,fatigue
3.6923076923076925,16.717948717948715,361.91356502517476,553.5214064096854,228888.55913101864,520139.5148394889,3499.7629603328774,fatigue
3.9230769230769234,16.717948717948715,348.4324519288024,531.3066867215239,259346.49384808078,624829.930818161,4065.8016284366513,fatigue
4.153846153846154,16.717948717948715,335.1542842465007,510.1319616973608,294721.71009952226,749614.4403498227,4740.064838779343,fatigue
4.384615384615385,16.717948717948715,322.21208780270274,489.9756735437491,335504.17192482366,897886.2722072798,5537.672120587585,fatigue
4.615384615384615,16.717948717948715,309.6851879490537,470.80755967330606,382272.92212324654,1073526.145219277,6476.464238653225,fatigue
4.846153846153847,16.717948717948715,297.61737241144175,452.5914981093426,435695.71710637526,1280958.72625179,7577.216166699215,fatigue
5.076923076923077,16.717948717948715,286.0291044064442,435.28768013735777,496531.2987516121,1525214.1225080807,8863.917054598825,fatigue
5.307692307692308,16.717948717948715,274.92569519771877,418.8542483161067,565633.3746819325,1811994.7598386817,10364.103950087483,fatigue
5.538461538461538,16.717948717948715,264.30274823525144,403.24851505402756,643955.7990528536,2147748.031588816,12109.243112264197,fatigue
5.769230769230769,16.717948717948715,254.14977011217707,388.42785531305276,732558.6680763302,2539745.144886033,14135.156527252719,fatigue
6.0,16.717948717948715,244.4525553154699,374.35034816329835,832615.1648539596,2996166.643804687,16482.493311517428,fatigue
6.230769230769231,16.717948717948715,235.1947540581172,360.9752262203337,945419.0551118928,3526195.151468351,19197.246870519673,fatigue
6.461538461538462,16.717948717948715,226.3588978392901,348.2631792494268,1072392.7741569541,4140115.945022736,22331.319389527926,fatigue
6.6923076923076925,16.717948717948715,217.9270662258862,336.17654801458264,1215096.068979218,4849426.056965569,25943.1356949866,fatigue
6.923076923076923,16.717948717948715,209.88131696231494,324.6794363463746,1375235.1749118196,5666952.681398218,30098.308862456186,fatigue
7.153846153846154,16.717948717948715,202.20396036991335,313.7377630012745,1554672.5173497503,6606981.751801083,34870.36022911491,fatigue
7.384615384615385,16.717948717948715,194.87773153688244,303.31926984722594,1755436.9376902967,7685397.6451964695,40341.49673284687,fatigue
7.615384615384616,16.717948717948715,187.8858955446988,293.3934989591191,1979734.4498993277,8919835.053347405,46603.44876626029,fatigue
7.846153846153847,16.717948717948715,181.2123088861103,283.9317481216136,2229959.5404240903,10329844.142526662,53758.372012625296,fatigue
8.076923076923077,16.717948717948715,174.84145224934636,274.9070118385982,2508707.0297791036,11937070.197366841,61919.81702555884,fatigue
8.307692307692308,16.717948717948715,168.7584445929082,266.2939130972449,2818784.5191011564,13765449.00989573,71213.77062553674,fatigue
8.538461538461538,16.717948717948715,162.94904499210784,258.06862971686957,3163225.4493012577,15841419.331176756,81779.77351174159,fatigue
8.76923076923077,16.717948717948715,157.3996464872171,250.20881803756268,3545302.8041115366,18194153.74964823,93772.11882383499,fatigue
9.0,16.717948717948715,152.09726469543867,242.69353589705807,3968543.4913016614,20855809.39742552,107361.13673054994,fatigue
9.23076923076923,16.717948717948715,147.02952299483542,235.50316624705889,4436743.438603643,23861799.913974594,122734.57046589052,fatigue
9.461538461538462,16.717948717948715,142.18463546985524,228.61934232410968,4953983.442429001,27251090.116432898,140099.0495744362,fatigue
9.692307692307693,16.717948717948715,137.55138840812592,222.02487497658853,5524645.808302477,31066514.838269938,159681.66646036066,fatigue
9.923076923076923,16.717948717948715,133.11912088006048,215.70368252775657,6153431.822104669,35355123.40379965,181731.66265634258,fatigue
10.153846153846153,16.717948717948715,128.87770476640836,209.64072340094654,6845380.090756196,40168551.20600732,206522.2315350469,fatigue
10.384615384615385,16.717948717948715,124.81752449148753,203.82193162816682,7605885.789952873,45563419.849799655,234352.44447464735,fatigue
10.615384615384617,16.717948717948715,120.9294566502307,198.23415529335773,8440720.855040632,51601767.31246869,265549.30775871617,fatigue
10.846153846153847,16.717948717948715,117.20484967158117,192.86509791552695,9356055.149180666,58351509.5580165,300469.95773843874,fatigue
11.076923076923077,16.717948717948715,113.63550363034334,187.70326274720853,10358478.640670808,65886935.021859184,339504.0020104514,fatigue
11.307692307692308,16.717948717948715,110.21365029859983,182.73789994442433,11455024.618740866,74289233.35707101,383076.0145665479,fatigue
11.538461538461538,16.717948717948715,106.93193351266773,177.95895655173916,12653193.97439266,83647059.80219267,431648.1930518896,fatigue
11.76923076923077,16.717948717948715,103.78338991997785,173.3570292373879,13960980.569981638,94057136.4931748,485723.1864268185,fatigue
12.0,16.717948717948715,100.76143016084528,168.92331970713838,15386897.718284935,105624891.9975878,545847.1014641823,fatigue
3.0,17.128205128205128,400.16140852506356,606.8800230625768,164451.04243534314,344493.65581060416,2353.605580512945,fatigue
3.230769230769231,17.128205128205128,387.8727154715671,582.8452531903732,182228.5527153488,412810.45623392344,2662.131101855152,fatigue
3.4615384615384617,17.128205128205128,374.7367063488525,559.7317839728579,204107.81966962232,494796.17247058294,3050.1507221374072,fatigue
3.6923076923076925,17.128205128205128,361.2630451890206,537.5735562525175,230247.7628505332,592873.7002067685,3524.7168217067992,fatigue
3.9230769230769234,17.128205128205128,347.78399780850685,516.3827081808263,260941.2902630765,709836.6050240751,4095.822192141527,fatigue
4.153846153846154,17.128205128205128,334.51201751605504,496.1549208949515,296588.0838867703,848895.0194136787,4776.108300935073,fatigue
4.384615384615385,17.128205128205128,321.57919831292077,476.8737596690528,337682.10510164354,1013725.834366636,5580.837588735011,fatigue
4.615384615384615,17.128205128205128,309.0641054211491,458.5141222553972,384806.8928838407,1208527.506646173,6528.01493771322,fatigue
4.846153846153847,17.128205128205128,297.0099084029858,441.0449331871279,438635.2476540222,1438079.8109845095,7638.603390598488,fatigue
5.076923076923077,17.128205128205128,285.43656940137566,424.43122064784285,499931.5525016033,1707808.883046464,8936.807128580227,fatigue
5.307692307692308,17.128205128205128,274.3489949551911,408.635697838207,569555.8037817273,2023857.9238025406,10450.408479238136,fatigue
5.538461538461538,17.128205128205128,263.74246291344133,393.619952170054,648468.8438771928,2393163.969812532,12211.152813166074,fatigue
5.769230769230769,17.128205128205128,253.60621914346478,379.3453272306696,737738.511053785,2823541.1778427865,14255.178967066422,fatigue
6.0,17.128205128205128,243.92585053783378,365.77356604156466,838546.5415616867,3323771.1267952286,16623.49490856987,fatigue
6.230769230769231,17.128205128205128,234.6848431970995,352.8672702238501,952196.1259795211,3903700.7049710345,19362.49953996435,fatigue
6.461538461538462,17.128205128205128,225.86560007988584,340.59021823412115,1080120.0603284263,4574348.225291132,22524.552245131486,fatigue
6.6923076923076925,17.128205128205128,217.45010130933264,328.9075765716164,1223889.455896182,5348018.493573648,26168.592242415427,fatigue
6.923076923076923,17.128205128205128,209.42032898436534,317.78603043566375,1385222.9870211326,6238427.643048045,30360.810139871715,fatigue
7.153846153846154,17.128205128205128,201.75853724013848,307.19385440183487,1565996.6670259493,7260838.639279337,35175.37436703227,fatigue
7.384615384615385,17.128205128205128,194.4474208782138,297.1009389981841,1768254.1510313614,8432208.450722648,40695.21541692794,fatigue
7.615384615384616,17.128205128205128,187.47021766424217,287.478785360577,1994217.5715320348,9771347.96841937,47012.871094066184,fatigue
7.846153846153847,17.128205128205128,180.8107673277758,278.3004772341138,2246298.918875469,11299095.841352148,54231.39623860139,fatigue
8.076923076923077,17.128205128205128,174.453542341786,269.54063730935343,2527111.9843659657,13038507.469616095,62465.34068815738,fatigue
8.307692307692308,17.128205128205128,168.38366032879196,261.17537311121333,2839484.888688042,15015060.464296693,71841.79954694129,fatigue
8.538461538461538,17.128205128205128,162.586884513299,253.18221629279455,3186473.222707478,17256877.9398507,82501.54015492268,fatigue
8.76923076923077,17.128205128205128,157.04961640185786,245.54005814305714,3571373.831432671,19794971.05149198,94600.21048441599,fatigue
9.0,17.128205128205128,151.7588834146303,238.22908332861175,3997739.2749697245,22663502.226727255,108309.63403307268,fatigue
9.23076923076923,17.128205128205128,146.70232324626647,231.23070330079378,4469393.00265668,25900070.56728334,123819.19662636587,fatigue
9.461538461538462,17.128205128205128,141.86816612152714,224.52749036485972,4990445.2782068,29546020.915985167,141337.33088443833,fatigue
9.692307692307693,17.128205128205128,137.245215715812,218.10311309238617,5565309.89463316,33646778.093562074,161093.10444306515,fatigue
9.923076923076923,17.128205128205128,132.82282925615215,211.9422735317493,6198721.717997719,38252207.8137556,183337.9183424813,fatigue
10.153846153846153,17.128205128205128,128.59089715446413,206.0306465119164,6895755.098669361,43417005.78225953,208347.3223073676,fatigue
10.384615384615385,17.128205128205128,124.5398224194957,200.35482122380805,7661843.187841393,49201116.47648497,236422.95393335976,fatigue
10.615384615384617,17.128205128205128,120.66050002580951,194.90224518725717,8502798.195622908,55670183.0893689,267894.6090680366,fatigue
10.846153846153847,17.128205128205128,116.94429637378559,189.661170659852,9424832.62514515,62896030.10142769,303122.4509255501,fatigue
11.076923076923077,17.128205128205128,113.38302894514428,184.62060350881814,10434581.514899164,70957179.92102703,342499.3657032576,fatigue
11.307692307692308,17.128205128205128,109.96894623833963,179.77025454313164,11539125.719008416,79939405.00296845,386453.47267500364,fatigue
11.538461538461538,17.128205128205128,106.69470805372366,175.10049328625882,12746016.252423508,89936316.81955849,435450.7969195129,fatigue
11.76923076923077,17.128205128205128,103.55336618744153,170.60230415763797,14063299.725160997,101049993.01572499,489998.11300360307,fatigue
12.0,17.128205128205128,100.53834558417746,166.26724502153354,15499544.886756688,113391644.02969915,550645.968079261,fatigue
3.0,17.53846153846154,399.59069956126,588.1788339031638,165225.27995734412,396313.7162558629,2366.9087975776283,fatigue
3.230769230769231,17.53846153846154,387.28273028709884,565.3485289265052,183143.75055072416,473165.1243235209,2678.1830227672126,fatigue
3.4615384615384617,17.53846153846154,374.1354206137533,543.3579648894823,205189.3505926241,565135.3332471852,3069.555629952148,fatigue
3.6923076923076925,17.53846153846154,360.65686459405487,522.2436213705528,231523.8110643579,674861.3937804253,3548.170848102307,fatigue
3.9230769230769234,17.53846153846154,347.1780308127564,502.0212397395032,262443.1712515178,805378.155841654,4124.127283733557,fatigue
4.153846153846154,17.53846153846154,333.91030289968626,482.69072377843634,298350.62221954536,960166.9432498098,4810.188167796683,fatigue
4.384615384615385,17.53846153846154,320.9848950102841,464.2401645656879,339744.0655269293,1143208.7292576518,5621.755889253265,fatigue
4.615384615384615,17.53846153846154,308.47965062965653,446.6490695316192,387211.462872783,1359042.1556632547,6576.995956098312,fatigue
4.846153846153847,17.53846153846154,296.43714897165114,429.8909089862982,441430.5705287175,1612826.7447811957,7697.055456784744,fatigue
5.076923076923077,17.53846153846154,284.8768707518559,413.9350970875194,503171.3109750147,1910411.6696072095,9006.349033479217,fatigue
5.307692307692308,17.53846153846154,273.80333117175263,398.7485143968055,573299.854501607,2258410.4725473416,10532.89915299333,fatigue
5.538461538461538,17.53846153846154,263.2114911101548,384.2966644014789,652783.9043698192,2664282.157840098,12308.724557279867,fatigue
5.769230769230769,17.53846153846154,253.090340755669,370.54454092416296,742698.9012095496,3136419.12821634,14370.274559407282,fatigue
6.0,17.53846153846154,243.4252617795559,357.4572691234809,844234.9824133775,3684242.4929201556,16758.90893024665,fatigue
6.230769230769231,17.53846153846154,234.19957657041525,345.00057051029495,958704.5989502802,4318305.341721574,19521.424302576554,fatigue
6.461538461538462,17.53846153846154,225.3955585119357,333.14109215726967,1087550.7303541754,5050404.656949543,22710.628724354392,fatigue
6.6923076923076925,17.53846153846154,216.9950862244107,321.8466318958852,1232355.6618618742,5893702.621062741,26385.966448174768,fatigue
6.923076923076923,17.53846153846154,208.98006338890846,311.08628451402313,1394850.302808627,6862858.16845138,30614.195373799244,fatigue
7.153846153846154,17.53846153846154,201.3326847041622,300.8305285213306,1576924.0361785989,7974169.724206954,35470.11983407189,fatigue
7.384615384615385,17.53846153846154,194.0356011342651,291.051268697691,1780635.0976247694,9245730.16651205,41037.38166970578,fatigue
7.615384615384616,17.53846153846154,187.0720194105902,281.7218461775842,2008221.4893333034,10697595.140166217,47409.312796010425,fatigue
7.846153846153847,17.53846153846154,180.42575871271058,272.8170250809693,2262112.4403059515,12351965.933934689,54689.85273504118,fatigue
8.076923076923077,17.53846153846154,174.08127951699112,264.3129625415013,2544940.430186017,14233388.21171927,62994.53487416297,fatigue
8.307692307692308,17.53846153846154,168.0236943884238,256.1871672929568,2859553.7987267193,16368967.955411082,72451.54551709056,fatigue
8.538461538461538,17.53846153846154,162.23876707858292,248.41845066280698,3209029.96739226,18788606.034723304,83202.86011418648,fatigue
8.76923076923077,17.53846153846154,156.71290406594295,240.9868728126044,3596689.3033575546,21525252.86595052,95405.46139174365,fatigue
9.0,17.53846153846154,151.43314122672976,233.87368629640488,4026109.6592948525,24615184.657596257,109232.64444089685,fatigue
9.23076923076923,17.53846153846154,146.3871273857385,227.0612784299285,4501141.624773362,28098302.766703002,124875.41417098035,fatigue
9.461538461538462,17.53846153846154,141.56310588985002,220.5331135329552,5025924.526838524,32018457.706307188,142543.98087485635,fatigue
9.692307692307693,17.53846153846154,136.9498949560311,214.27367579160443,5604903.21838163,36423799.35265054,162469.35999031304,fatigue
9.923076923076923,17.53846153846154,132.5368672942702,208.26841325828875,6242845.693284578,41367154.90153174,184905.08246801695,fatigue
10.153846153846153,17.53846153846154,128.31392934462323,202.5036833434355,6944861.56706366,46906436.1172759,210129.02246890645,fatigue
10.384615384615385,17.53846153846154,124.27150036403621,196.96670003732856,7716421.460895872,53105077.4058759,238445.34940935927,fatigue
10.615384615384617,17.53846153846154,120.40049153197192,191.64548301938308,8563377.325556325,60032506.226270854,270186.61164860113,fatigue
10.846153846153847,17.53846153846154,116.69228520062406,186.52880875565785,9491983.739993447,67764647.33065951,305715.9593677907,fatigue
11.076923076923077,17.53846153846154,113.13871438694264,181.60616364595472,10508920.217098607,76384462.29603313,345429.5144230335,fatigue
11.307692307692308,17.53846153846154,109.73204258429746,176.8676992538923,11621314.546759015,85982525.77451728,389758.89516452054,fatigue
11.538461538461538,17.53846153846154,106.46494395783286,172.3041896330389,12836767.203591974,96657639.8490439,439173.90440102515,fatigue
11.76923076923077,17.53846153846154,103.33048397721906,167.9069907468002,14163376.84390874,108517487.83279343,494185.3888532542,fatigue
12.0,17.53846153846154,100.32210053221729,163.66800196751612,15609766.913504634,121679328.79502136,555348.2785814074,fatigue
3.0,17.94871794871795,399.0646195583116,570.2601850100896,165943.1877192634,455190.9339873462,2379.25528349252,fatigue
3.230769230769231,17.94871794871795,386.7365117419585,548.5629597173327,183996.40634284168,541521.4973552524,2693.152444953067,fatigue
3.4615384615384617,17.94871794871795,373.57668602449775,527.6309228571067,206201.0520803503,644555.2727974051,3087.726182119655,fatigue
3.6923076923076925,17.94871794871795,360.0917761997246,507.5025304420251,232721.6743456598,767159.6921356343,3570.2113605776403,fatigue
3.9230769230769234,17.94871794871795,346.61153888959984,488.19654811589646,263857.42308259575,912628.7796461441,4150.810514568641,fatigue
4.153846153846154,17.94871794871795,333.3463535513324,469.71653588440336,300014.9568613598,1084734.7516708665,4842.406188692541,fatigue
4.384615384615385,17.94871794871795,320.42660419857185,452.05457391074555,341696.0584757138,1287784.3298741353,5660.537751995371,fatigue
4.615384615384615,17.94871794871795,307.9294497674834,435.19428144748747,389493.0381125186,1526680.134601776,6623.52786130304,fatigue
4.846153846153847,17.94871794871795,295.8969064825106,419.11321951954136,444088.5196406455,1806987.529092656,7752.703656411074,fatigue
5.076923076923077,17.94871794871795,284.34799333258945,403.7847766067088,506257.86348051927,2135007.300414651,9072.685709543392,fatigue
5.307692307692308,17.94871794871795,273.2868479603671,389.1796309881572,576873.2997383307,2517854.5880228416,10611.73153320483,fatigue
5.538461538461538,17.94871794871795,262.70812350771996,375.26687203993595,656909.2660781922,2963544.506351084,12402.12755306677,fatigue
5.769230769230769,17.94871794871795,252.60056025635174,362.0148499537396,747448.6667888606,3481084.9546980984,14480.627240481797,fatigue
6.0,17.94871794871795,242.94933781427164,349.39181112591336,849689.8894358785,4080577.1662707604,16888.935179943757,fatigue
6.230769230769231,17.94871794871795,233.73761606145203,337.3663656820733,964954.4819640631,4773324.618264558,19674.238027662806,fatigue
6.461538461538462,17.94871794871795,224.9475385648839,325.9078244660022,1094695.4312494218,5571951.005131086,22889.784020371986,fatigue
6.6923076923076925,17.94871794871795,216.5608811474486,314.9864352562288,1240506.0071260885,6490528.065777574,26595.513145616398,fatigue
6.923076923076923,17.94871794871795,208.5594670256603,304.5735417934375,1404129.1508725102,7544714.149816724,30858.740410833856,fatigue
7.153846153846154,17.94871794871795,200.92542889265306,294.6416841949636,1587467.3977781974,8751904.505174197,35754.894917724385,fatigue
7.384615384615385,17.94871794871795,193.64137095822764,285.1646552998694,1792593.3317063933,10131394.366237897,41368.31769917983,fatigue
7.615384615384616,17.94871794871795,186.6904657877481,276.11752425604817,2021760.5765343704,11704556.01523265,47793.12152923337,fatigue
7.846153846153847,17.94871794871795,180.05650876464722,267.4766360834463,2277415.335489314,13495031.076885944,55134.11618275061,fatigue
8.076923076923077,17.94871794871795,173.72394508387148,259.2195939040572,2562208.494917541,15528939.385445759,63507.80290533519,fatigue
8.307692307692308,17.94871794871795,167.67787898629047,251.32522892007245,2879008.313995341,17835105.832070995,73043.44215579126,fatigue
8.538461538461538,17.94871794871795,161.90407154449795,243.77356196419143,3230913.726306332,20445306.65853013,83884.19900172169,fatigue
8.76923076923077,17.94871794871795,156.3889310945074,236.54575947246335,3621268.283033224,23394536.70963109,96188.37088004219,fatigue
9.0,17.94871794871795,151.11949896830265,229.6240859836578,4053674.7707035346,26721299.19202315,110130.70277427192,fatigue
9.23076923076923,17.94871794871795,146.08343225022026,222.99185470323786,4532010.538949267,30467919.511526722,125903.79520458786,fatigue
9.461538461538462,17.94871794871795,141.2689846786495,216.63337724584483,5060443.575575847,34680884.77581444,143719.61077016706,fatigue
9.692307692307693,17.94871794871795,136.66498642757713,210.5339133561088,5643449.367380637,39411210.555044524,163811.0853215312,fatigue
9.923076923076923,17.94871794871795,132.260823254218,204.67962117776108,6285828.585635788,44714836.490904056,186433.85016921817,fatigue
10.153846153846153,17.94871794871795,128.04641533997017,199.0575084747154,6992725.634989195,50653052.335319385,211868.07205037915,fatigue
10.384615384615385,17.94871794871795,124.01219605016558,193.65538508864452,7769648.103789492,57292955.9844574,240420.41787361022,fatigue
10.615384615384617,17.94871794871795,120.14909077278504,188.46181683276646,8622487.152568476,64707945.05202153,272426.15154199745,fatigue
10.846153846153847,17.94871794871795,116.44849595410338,183.46608096131447,9557538.875684625,72978243.49837433,308251.3704130397,fatigue
11.076923076923077,17.94871794871795,112.9022584215233,178.6581233111511,10581526.669018872,82191464.79857919,348295.38919062173,fatigue
11.307692307692308,17.94871794871795,109.50265506516739,174.02851718075345,11701624.634191658,92443213.09279802,392993.2792577899,fatigue
11.538461538461538,17.94871794871795,106.24237293665736,169.5684239885689,12925482.047106208,103837723.7159826,442818.57164935925,fatigue
11.76923076923077,17.94871794871795,103.11448981370744,165.2695557347233,14261248.91579332,116488544.44996475,498286.132030831,fatigue
12.0,17.94871794871795,100.1124552713989,161.12413927552444,15717602.64958169,130519258.77907476,559955.2161944999,fatigue
3.0,18.358974358974358,398.5795637765494,553.0840768643708,166608.72024185574,521983.3478603083,2390.7105738176074,fatigue
3.230769230769231,18.358974358974358,386.2306553487772,532.4532815522487,184790.67819473898,618828.5475503602,2707.109353536283,fatigue
3.4615384615384617,18.358974358974358,373.0573083094149,512.5195215390634,207147.33061410606,734106.6136065291,3104.7378600221064,fatigue
3.6923076923076925,18.358974358974358,359.56479785508435,493.3227401641585,233846.04442044324,870932.624916077,3590.9202649942154,fatigue
3.9230769230769234,18.358974358974358,346.08174833475033,474.88421646478673,265189.05473490205,1032878.7920463721,4175.961081364654,fatigue
4.153846153846154,18.358974358974358,332.8175968267739,457.2106618050225,301586.4431660851,1224029.1364181777,4872.8596922891265,fatigue
4.384615384615385,18.358974358974358,319.9019445740486,440.2976633612171,343543.81324108475,1449039.1022604106,5697.289478580516,fatigue
4.615384615384615,18.358974358974358,307.4113018198727,424.1325022528655,391657.74875550164,1713200.4937053102,6667.726787000856,fatigue
4.846153846153847,18.358974358974358,295.38714853871693,408.696416774052,446615.65291453677,2022512.1308021774,7805.674845892268,fatigue
5.076923076923077,18.358974358974358,283.84806156955483,393.9663940092716,509198.2230605495,2383756.6319722473,9135.955668315148,fatigue
5.307692307692308,18.358974358974358,272.79781498577114,379.916571211313,580283.6357270386,2804583.755155392,10687.056768185423,fatigue
5.538461538461538,18.358974358974358,262.23076385438907,366.51931995508136,660852.9374273542,3293600.766003325,12491.526622058655,fatigue
5.769230769230769,18.358974358974358,252.13540488431457,353.7460756207227,751996.3584421341,3860470.3496867474,14586.41660022268,fatigue
6.0,18.358974358974358,242.49671941430842,341.56796435188915,854920.3866396585,4516016.643507147,17013.76917250839,fatigue
6.230769230769231,18.358974358974358,233.29770668706468,329.9562702197389,970955.504647456,5272340.040078914,19821.153374328853,fatigue
6.461538461538462,18.358974358974358,224.52038088297485,318.8827772100142,1101564.531630211,6142941.494071016,23062.249219298377,fatigue
6.6923076923076925,18.358974358974358,216.14641438998964,308.3200138456629,1248351.5337648299,7142857.157298673,26797.483193829845,fatigue
6.923076923076923,18.358974358974358,208.15754854385958,298.24142263940973,1413071.2822876482,8288804.264631818,31094.717291392375,fatigue
7.153846153846154,18.358974358974358,200.5358520599105,288.6214719775948,1597639.2484753027,9599339.293629773,36029.99430912965,fatigue
7.384615384615385,18.358974358974358,193.26388003668282,279.43572430703483,1804142.133089788,11095029.520735433,41688.34237590922,fatigue
7.615384615384616,18.358974358974358,186.3247682631847,270.6608714852966,2034848.9346900184,12798639.193073949,48164.641929695856,fatigue
7.846153846153847,18.358974358974358,179.70228556359442,262.2747457367731,2292222.5672830376,14735331.624529427,55564.55862420942,fatigue
8.076923076923077,18.358974358974358,173.38085901242025,254.25631272718726,2578932.0432733227,16932888.605465796,64005.54592478265,fatigue
8.307692307692308,18.358974358974358,167.34558166999392,246.58565173977934,2897865.2426334997,19421948.585478626,73617.92145194045,fatigue
8.538461538461538,18.358974358974358,161.58220910042056,239.24392673393993,3252142.2936575715,22236265.14689475,84546.02144686758,fatigue
8.76923076923077,18.358974358974358,156.0771487278834,232.21335113015803,3645129.594526299,25412987.332943425,96949.43806232371,fatigue
9.0,18.358974358974358,150.8174446554718,225.4771484422662,4080454.508171169,28992963.428825755,111004.34452165903,fatigue
9.23076923076923,18.358974358974358,145.79075964488277,219.01951032624928,4562020.765525148,33021069.816860404,126904.91353258476,fatigue
9.461538461538462,18.358974358974358,140.98535535864593,212.82555319838977,5094024.6141768005,37546566.53941715,144864.83468662418,fatigue
9.692307692307693,18.358974358974358,136.39007158326612,206.88127426471166,5680971.750686306,42623481.20646653,165118.9369147828,fatigue
9.923076923076923,18.358974358974358,131.99430490615322,201.17350757430802,6327695.075400253,48311022.879270665,187924.92240087123,fatigue
10.153846153846153,18.358974358974358,127.78798716235707,195.68988054150205,7039373.308536525,54674027.54897243,213565.21867183835,fatigue
10.384615384615385,18.358974358974358,123.76156386693528,190.41877126037113,7821550.505658205,61783436.80921893,242348.95588648776,fatigue
10.615384615384617,18.358974358974358,119.90597278472934,185.34926684758193,8680156.509464735,69716811.2959952,274614.07662706473,fatigue
10.846153846153847,18.358974358974358,116.21262274807748,180.47112298635292,9621528.373173146,78558880.4356722,310729.5857606368,fatigue
11.076923076923077,18.358974358974358,112.67337280607971,175.77472479850567,10652432.788707918,88402130.00381717,351097.9481773546,fatigue
11.307692307692308,18.358974358974358,109.2805117709982,171.2510491377141,11780089.550542193,99347428.95224102,396157.6424298933,fatigue
11.538461538461538,18.358974358974358,106.02673821481072,166.8916283713865,13012196.083402734,111504696.90958713,446385.87849211955,fatigue
11.76923076923077,18.358974358974358,102.90514095966917,162.6885156984619,14356953.059235113,124993613.70081063,502301.48802541767,fatigue
12.0,18.358974358974358,99.90918009872505,158.63425203392782,15823091.125883982,139944372.16246557,564467.9956884014,fatigue
3.0,18.769230769230766,398.1322490803595,536.6128150742846,167225.5570353763,597640.7129633703,2401.33587848799,fatigue
3.230769230769231,18.769230769230766,385.76204994676823,516.9861998632315,185530.45370000863,706134.4344591601,2720.119451754082,fatigue
3.4615384615384617,18.769230769230766,372.57435940785535,497.99431211038035,208032.32432990332,834947.350914824,3120.6618656376922,fatigue
3.6923076923076925,18.769230769230766,359.07318817080863,479.6781581057193,234901.3453936679,987460.5499292135,3610.375166101552,fatigue
3.9230769230769234,18.769230769230766,345.58610267876327,462.0610800774983,266442.807394315,1167544.620233255,4199.6638445905055,fatigue
4.153846153846154,18.769230769230766,332.3216558015171,445.1524911199357,303070.16796037427,1379617.573077214,4901.641629451584,fatigue
4.384615384615385,18.769230769230766,319.4087110295546,428.9510526643474,345292.7894963505,1628707.9213837637,5732.112949596036,fatigue
4.615384615384615,18.769230769230766,306.92316435079766,413.44730118237163,393711.45401100576,1920523.3374025447,6709.704404293933,fatigue
4.846153846153847,18.769230769230766,294.9059854849802,398.6257767031927,449018.25585966994,2261525.3073782437,7856.091381819471,fatigue
5.076923076923077,18.769230769230766,283.37532843078714,384.4667220700447,511999.1287788213,2659010.213594896,9196.292890779432,fatigue
5.307692307692308,18.769230769230766,272.3346177444426,370.9474231387155,583538.0831175669,3121197.2982602143,10759.021453631856,fatigue
5.538461538461538,18.769230769230766,261.7779203631928,358.04325441110603,664622.6496536527,3657324.0001986097,12577.082022079801,fatigue
5.769230769230769,18.769230769230766,251.69349618115626,345.72848625099493,756350.2480824833,4277749.204815733,14687.817667323698,fatigue
6.0,18.769230769230766,242.06613256951314,333.9769010613952,859935.3178644915,4994065.010438593,17133.601880596805,fatigue
6.230769230769231,18.769230769230766,232.87867055600904,322.762257637599,976717.1152098619,5819217.68931813,19962.378498665086,fatigue
6.461538461538462,18.769230769230766,224.1129959307595,312.05863573915866,1108168.1177205115,6767638.607845682,23228.250967707663,fatigue
6.6923076923076925,18.769230769230766,215.75067757174082,301.8406868245513,1255903.000856825,7855385.965646303,26992.123105004008,fatigue
6.923076923076923,18.769230769230766,207.77337406396134,292.083811799388,1421688.165008578,9100298.314307556,31322.39383643621,fatigue
7.153846153846154,18.769230769230766,200.16308869493025,282.7642824252999,1607451.8022854235,10522160.920303365,36295.70864869077,fatigue
7.384615384615385,18.769230769230766,192.9023255885899,273.85931959433293,1815294.500187078,12142886.139744844,41997.770737069266,fatigue
7.615384615384616,18.769230769230766,185.97418161005112,265.34713887314956,2047500.3860884716,13986709.07157821,48524.215074259024,fatigue
7.846153846153847,18.769230769230766,179.362396692373,257.20697145677707,2306548.82247919,16080399.847774336,55981.548883287396,fatigue
8.076923076923077,18.769230769230766,173.0513773505878,249.41906685251726,2595126.668344283,18453494.001435585,64488.16227398745,fatigue
8.307692307692308,18.769230769230766,167.02620297772597,241.96468216381837,2916141.127030371,21138542.424807675,74175.41309759821,fatigue
8.538461538461538,18.769230769230766,161.27262114054997,234.82606169631237,3272733.2053961717,24171382.48782709,85188.79038707072,fatigue
8.76923076923077,18.769230769230766,155.77703589525728,227.9864097086173,3668291.812958684,27591431.933668286,97689.16107817269,fatigue
9.0,18.769230769230766,150.52649171882996,221.42985843227208,4106468.5330641805,31442007.200949725,111854.10504444384,fatigue
9.23076923076923,18.769230769230766,145.50865473150222,215.14143294884448,4591193.100795554,35770667.8434814,127879.34382287804,fatigue
9.461538461538462,18.769230769230766,140.7117922935519,209.10701410481744,5126689.624344129,40629588.72858891,145980.2687520088,fatigue
9.692307692307693,18.769230769230766,136.12475167971346,203.31330033862375,5717493.587916328,46075961.695252374,166393.57458516804,fatigue
9.923076923076923,18.769230769230766,131.73693829159907,197.74776906647602,6368469.674920511,52172428.34458493,189379.00497456122,fatigue
10.153846153846153,18.769230769230766,127.53829371357395,192.39863810583003,7084830.450215746,58987545.61851824,215221.21654253444,fatigue
10.384615384615385,18.769230769230766,123.51927381885149,187.25482749257105,7872155.939641361,66596285.7986784,244231.7685614584,fatigue
10.615384615384617,18.769230769230766,119.67082706963491,182.3059219585408,8736414.143942485,75080572.52681918,276751.2455503313,fatigue
10.846153846153847,18.769230769230766,115.98437311478723,177.5421342707472,9683982.522623751,84529854.41099396,313151.52036226355,fatigue
11.076923076923077,18.769230769230766,112.45178176231506,172.9542695855525,10721670.481271466,95041717.73784897,353838.16558093135,fatigue
11.307692307692308,18.769230769230766,109.06535238653895,168.53369093519754,11856742.893554438,106722539.76063769,399253.0212648654,fatigue
11.538461538461538,18.769230769230766,105.81779381778519,164.27228593639248,13096944.686518675,119688183.9743644,449876.92727569694,fatigue
11.76923076923077,18.769230769230766,102.70220475365888,160.16243478880372,14450526.514994761,134064738.7230695,506232.6286000055,fatigue
12.0,18.769230769230766,99.71205472412014,156.19697961318525,15926271.548002232,149989300.40912786,568887.8622245042,fatigue
3.0,19.17948717948718,397.7196820913862,520.8108763764789,167797.11976967406,683212.9486117688,2411.1883159628655,fatigue
3.230769230769231,19.17948717948718,385.3278495973643,502.1302795573911,186219.36506716596,804595.4624100375,2732.244359396237,fatigue
3.4615384615384617,19.17948717948718,372.12515274941546,484.02744252012263,208859.91634570248,948352.3564617927,3135.5652871252764,fatigue
3.6923076923076925,19.17948717948718,358.6144248142704,466.54406734200336,235891.74544123036,1118150.2423644331,3628.6495015440432,fatigue
3.9230769230769234,19.17948717948718,345.12224364367404,449.70516331446584,267623.16462439223,1318179.51907726,4221.999431284582,fatigue
4.153846153846154,19.17948717948718,331.85633256045435,433.52244518773534,304470.9582792492,1553215.7076115436,4928.840644763758,fatigue
4.384615384615385,19.17948717948718,318.9448599801048,417.9972603808216,346948.18466766883,1828686.1737635576,5765.105664430162,fatigue
4.615384615384615,19.17948717948718,306.46314060043295,403.12303359037406,395659.7482182764,2150742.690756832,6749.567929315224,fatigue
4.846153846153847,19.17948717948718,294.45165904495764,388.88726557552405,451302.3464022398,2526340.2869092743,7904.071095702785,fatigue
5.076923076923077,19.17948717948718,282.92816540162397,375.2731421535947,514667.0493675014,2963322.8328078976,9253.826768566068,fatigue
5.307692307692308,19.17948717948718,271.8957487026457,362.26081345909876,586643.5894896843,3470515.845568196,10827.767539569883,fatigue
5.538461538461538,19.17948717948718,261.34819786163564,349.8284001436232,668225.8582394324,4057827.024447993,12658.94931919034,fatigue
5.769230769230769,19.17948717948718,251.27354302239965,337.9527767370661,760518.3292891467,4736355.082766319,14785.000745404166,fatigue
6.0,19.17948717948718,241.65638228769944,326.61017510449557,864743.2461987729,5518507.505729668,17248.619534248086,fatigue
6.230769230769231,19.17948717948718,232.4794013421685,315.7766439076277,982248.4789236684,6418127.9416127475,20098.116815880825,fatigue
6.461538461538462,19.17948717948718,223.7243590559192,305.4283936756041,1114515.9909355545,7450634.023135908,23388.01119643051,fatigue
6.6923076923076925,19.17948717948718,215.37272120119187,295.5420516435715,1263170.8812100636,8633166.514417158,27179.67472894517,fatigue
6.923076923076923,19.17948717948718,207.40606321399684,286.09484591451996,1429990.979776243,9984750.783509178,31542.0332917059,fatigue
7.153846153846154,19.17948717948718,199.80632195974118,277.0647346617168,1616916.9857102952,11526471.707809227,36552.324128963184,fatigue
7.384615384615385,19.17948717948718,192.5559491589264,268.4304929184817,1826063.1443761396,13281663.225941842,42296.91354686475,fatigue
7.615384615384616,19.17948717948718,185.6380010155035,260.1717669022883,2059728.4673931089,15276113.851562059,48872.17799742425,fatigue
7.846153846153847,19.17948717948718,179.03618662418543,252.26910370304654,2320408.5047465586,17538289.558774117,56385.45203704347,fatigue
8.076923076923077,19.17948717948718,172.73488986011313,244.70396245343025,2610807.683865306,20099575.53294322,64956.04691832564,fatigue
8.307692307692308,19.17948717948718,166.7191742952049,237.45871172529684,2933852.2354351007,22994538.35272052,74716.34386582125,fatigue
8.538461538461538,19.17948717948718,160.97477731809133,230.516616803011,3292703.730188581,26261210.227988407,85812.96639656677,fatigue
8.76923076923077,19.17948717948718,155.48809744509148,223.86181962255864,3690773.2548626983,29941396.963731416,98408.03637176563,fatigue
9.0,19.17948717948718,150.24617739155926,217.47931349239224,4131736.258893641,34081011.351790406,112680.51880276836,fatigue
9.23076923076923,19.17948717948718,145.23668455789925,211.35491419211402,4619548.106176982,38730433.71169332,128827.660777955,fatigue
9.461538461538462,19.17948717948718,140.44788999630515,205.47522864769704,5158460.368326707,43944901.30933112,147066.53022244526,fatigue
9.692307692307693,19.17948717948718,135.86864654748004,199.82762208143524,5753037.8973043915,49784928.37924083,167635.66054492036,fatigue
9.923076923076923,19.17948717948718,131.48836659604572,194.40018430976843,6408176.716064358,56316758.46384143,190796.8075607317,fatigue
10.153846153846153,19.17948717948718,127.29699974020525,189.18169569506776,7129122.765994144,63612850.76214834,216836.8254037824,fatigue
10.384615384615385,19.17948717948718,123.28501057388961,184.161593134288,7921491.549461052,71752402.15199171,246069.6684478479,fatigue
10.615384615384617,19.17948717948718,119.44335671773322,179.32993637675895,8791288.70475552,80821906.5141959,278838.52654806816,fatigue
10.846153846153847,19.17948717948718,115.7634671956829,174.67737489663193,9744931.549215687,90915752.94465004,315518.1011831169,fatigue
11.076923076923077,19.17948717948718,112.2372212285254,170.19511549584206,10789271.624385895,102136864.39070994,356517.0303261127,fatigue
11.307692307692308,19.17948717948718,108.85692749875561,165.87489077588816,11931618.27478303,114597378.1915902,402280.4700968476,fatigue
11.538461538461538,19.17948717948718,105.61530392966834,161.70892858759834,13179763.289284853,128419369.9378149,453292.84144864324,fatigue
11.76923076923077,19.17948717948718,102.50545801323734,157.68992254472624,14542006.631377881,143735621.99170822,510080.7503197922,fatigue
12.0,19.17948717948718,99.5208677149185,153.81100366788252,16027183.28158059,160690437.92862806,573216.0898326489,fatigue
3.0,19.58974358974359,397.3391307921484,505.6447804071845,168326.5889141787,779859.2363657135,2420.3211471856125,fatigue
3.230769230769231,19.58974358974359,384.92544843360815,487.8558392733596,186860.80400579525,915485.7150937285,2743.5418163218715,fatigue
3.4615384615384617,19.58974358974359,371.7072210584909,470.59256984907375,209633.74810250074,1075723.5875326875,3149.51127430173,fatigue
3.6923076923076925,19.58974358974359,358.18618496402286,453.89705337106324,236821.16873711714,1264545.7186129743,3645.8126902532213,fatigue
3.9230769230769234,19.58974358974359,344.68799394854034,437.79561823827004,268734.36296757334,1486485.0523158554,4243.044356491988,fatigue
4.153846153846154,19.58974358974359,331.4195930739335,422.30192522819624,305793.3907056897,1746699.5397031815,4954.5411706733485,fatigue
4.384615384615385,19.58974358974359,318.5084960533785,407.41965961291623,348514.9420635448,2051042.6898767857,5796.360807523856,fatigue
4.615384615384615,19.58974358974359,306.0294677606345,393.14480289388183,397507.967810633,2406140.2299286057,6787.420160836642,fatigue
4.846153846153847,19.58974358974359,294.0225319788736,379.46750699734855,453473.6807250465,2819473.3476564297,7949.727302098201,fatigue
5.076923076923077,19.58974358974359,282.50505334672806,366.37361541581765,517208.18798134616,3299468.997028177,9308.682081703326,fatigue
5.307692307692308,19.58974358974359,271.47979920810667,353.8458821425279,589606.8330589281,3855597.7680380302,10893.43227679831,fatigue
5.538461538461538,19.58974358974359,260.9402906188492,341.8649379180827,671669.7456061858,4498479.8592343675,12737.279301839828,fatigue
5.769230769230769,19.58974358974359,250.8743352440495,330.41004853416587,764508.3190218955,5239999.742957065,14878.13129384425,fatigue
6.0,19.58974358974359,241.2663469203353,319.4597039892048,869352.4547469907,6093430.179976449,17359.003467314236,fatigue
6.230769230769231,19.58974358974359,232.09885922276348,308.9920713037532,987558.4779740471,7073566.320784964,20228.566811170822,fatigue
6.461538461538462,19.58974358974359,223.35350596513783,298.98533829460234,1120617.6668405212,8196870.723415158,23541.746894619962,fatigue
6.6923076923076925,19.58974358974359,215.01165062439495,289.41797076469203,1270165.359452533,9481630.219734782,27360.374989004195,fatigue
6.923076923076923,19.58974358974359,207.05478549513808,280.2689014189966,1437990.6173605898,10948125.670466024,31753.894024067453,fatigue
7.153846153846154,19.58974358974359,199.4647804230355,271.51766532121235,1626046.4341482916,12618815.760046177,36800.12214985315,fatigue
7.384615384615385,19.58974358974359,192.22403367799987,263.144493791894,1836460.4855907985,14518536.092106178,42586.07690887789,fatigue
7.615384615384616,19.58974358974359,185.31555942874698,255.13037623981296,2071546.4244201214,16674714.951115374,49208.86325897618,fatigue
7.846153846153847,19.58974358974359,178.7230343271005,247.45709744230513,2333815.7285993313,19117607.192359604,56776.62893665259,fatigue
8.076923076923077,19.58974358974359,172.43081784917547,240.10725618191017,2625990.1173739014,21880547.80818519,65409.59091908547,fatigue
8.307692307692308,19.58974358974359,166.42395589166694,233.06426984779495,2951014.5543006663,25000226.79142645,75241.13703141545,fatigue
8.538461538461538,19.58974358974359,160.6881737627545,226.31236857088984,3312070.860937346,28516986.97594556,86419.00705331143,fatigue
8.76923076923077,19.58974358974359,155.20986252487884,219.83658163733642,3712591.9688643725,32475146.578857828,99106.55800225068,fatigue
9.0,19.58974358974359,149.97606123444245,213.62271827775115,4156276.841145676,36923348.19949885,113484.11860642846,fatigue
9.23076923076923,19.58974358974359,144.97443671314824,207.65734442709532,4647106.097167667,41914936.0472536,129750.4383232352,fatigue
9.461538461538462,19.58974358974359,140.19326190113688,201.92775666351903,5189358.376987891,47508363.175061636,148124.2366049444,fatigue
9.692307692307693,19.58974358974359,135.62139346814013,196.42195424058517,5787627.482856634,53767630.48894623,168845.85845678646,fatigue
9.923076923076923,19.58974358974359,131.24824912047532,191.12860990581848,6446840.336447916,60762759.287477486,192179.0426694014,fatigue
10.153846153846153,19.58974358974359,127.06378489021246,186.03704003303372,7172275.790566587,68570299.05975826,218412.8094334752,fatigue
10.384615384615385,19.58974358974359,123.05847259674792,181.13717447298862,7969584.333723201,77273872.23712008,247863.47435558742,fatigue
10.615384615384617,19.58974358974359,119.22327761008192,176.4195264358074,8844808.725034885,86964757.55282155,280876.7961877907,fatigue
10.846153846153847,19.58974358974359,115.54963700631586,171.87516265094953,9804405.59547726,97742513.61583787,317830.2658567477,fatigue
11.076923076923077,19.58974358974359,112.029438180954,167.49567399971352,10855268.049647951,109715644.2493535,359135.5446296431,fatigue
11.307692307692308,19.58974358974359,108.65499796925658,163.27314677655085,12004749.299972238,123002307.08140242,405241.0594822073,fatigue
11.538461538461538,19.58974358974359,105.41904231180472,159.2001347051737,13260687.362758422,137731066.8038127,456634.763938415,fatigue
11.76923076923077,19.58974358974359,102.31468649552532,155.2696318110293,14631430.842760691,154041694.4354705,513847.07283146377,fatigue
12.0,19.58974358974359,99.33541599440174,151.47504623136584,16125865.829992434,172086013.83623686,577453.97959151,fatigue
3.0,20.0,396.98809917805835,491.0829675269072,168816.91972853494,888857.8074542098,2428.7840060458216,fatigue
3.230769230769231,20.0,384.5524581286232,474.13485019492975,187457.93622820458,1040207.4075857451,2754.0658872630675,fatigue
3.4615384615384617,20.0,371.31829640523983,457.6647761146651,210357.23255172372,1218601.0425056762,3162.559219808341,fatigue
3.6923076923076925,20.0,357.7863276906834,441.71493366076453,237693.3074314916,1428339.8367609372,3661.930290666898,fatigue
3.9230769230769234,20.0,344.2813417684876,426.31266528146637,269780.4027803324,1674323.3817552906,4262.871158462253,fatigue
4.153846153846154,20.0,331.0095534956474,411.47326200691293,307041.8011081039,1962118.446657865,4978.823539152259,fatigue
4.384615384615385,20.0,318.09786000579066,397.2024350229536,349997.7595487162,2298033.550913902,5825.967335724176,fatigue
4.615384615384615,20.0,305.62050630989313,383.4984235811588,399261.1989542287,2689199.9220210505,6823.359542399661,fatigue
4.846153846153847,20.0,293.6170786599377,370.35374983954955,455537.7598967738,3143659.3432685947,7993.168834510592,fatigue
5.076923076923077,20.0,282.10457417162297,357.75665479345736,519628.4878415934,3670459.3984208116,9360.979007225875,fatigue
5.307692307692308,20.0,271.08545209983816,345.69225780876786,592434.2273581176,4279756.640068126,10956.14819708213,fatigue
5.538461538461538,20.0,260.55297578452615,334.1434827291233,674961.2248554726,4982928.244673973,12812.217931469713,fatigue
5.769230769230769,20.0,250.49473780714266,323.0917902501607,768327.6604415424,5792692.7700584745,14967.369847554959,fatigue
6.0,20.0,240.89497296297412,312.51775150642203,873770.948547956,6723240.699700443,17464.93000507711,fatigue
6.230769230769231,20.0,231.73606623689977,302.40149277330596,992655.7124905116,7790375.541567615,20353.921893764676,fatigue
6.461538461538462,20.0,222.99952857337328,292.72303640697237,1126482.3753078291,9011666.345135674,23689.66992870336,fatigue
6.6923076923076925,20.0,214.66662230649519,283.46255886120355,1276896.3313240125,10406612.606000427,27534.45566426878,fatigue
6.923076923076923,20.0,206.71875694470194,274.60058289751095,1445697.6769916005,11996822.639573606,31958.2292651309,fatigue
7.153846153846154,20.0,199.13773506046337,266.11811793019973,1634851.48946482,13806206.619946677,37039.37902167377,fatigue
7.384615384615385,20.0,191.90590076051805,257.99675977554847,1846498.6490258225,15861185.593111789,42865.56192637933,fatigue
7.615384615384616,20.0,185.00622512523745,250.21875884641824,2082967.2079682222,18190917.88150459,49534.59855915353,fatigue
7.846153846153847,20.0,178.42235106394673,242.76706399245185,2346784.314335837,20827544.395851657,57155.435774796744,fatigue
8.076923076923077,20.0,172.13861218214197,235.62534767719728,2640688.704237271,23806454.457752094,65849.1809502018,fatigue
8.307692307692308,20.0,166.14003511677092,228.77801695758228,2967643.7813721686,27166573.810274344,75750.21183384312,fatigue
8.538461538461538,20.0,160.4123314448123,222.21021374421093,3330851.306898518,30950676.552891146,87007.3663446227,fatigue
8.76923076923077,20.0,154.9418830947051,215.90780703402373,3733765.7267919728,35205722.78088774,99785.21698837462,fatigue
9.0,20.0,149.71572378331743,209.85737918581253,4180109.1673383117,39983223.738199964,114265.43489443958,fatigue
9.23076923076923,20.0,144.72151809509776,204.04620782403066,4673887.1323047,45339636.30727663,130648.2488172012,fatigue
9.461538461538462,20.0,139.94753923888152,198.46224458154543,5219404.937611281,51336788.66110547,149154.00479343592,fatigue
9.692307692307693,20.0,135.3826461464713,193.09409160531013,5821284.920950395,58042338.89230571,170024.83249097614,fatigue
9.923076923076923,20.0,131.01626034071268,187.93097653177514,6484484.464770059,65530268.41340559,193526.42462278935,fatigue
10.153846153846153,20.0,126.83834285078308,182.9627264756165,7214314.871366203,73881411.8922833,219949.93612885728,fatigue
10.384615384615385,20.0,122.83937135745435,178.17974145337956,8016461.128545733,83184025.44807635,249614.01014240808,fatigue
10.615384615384617,20.0,119.01031769101579,173.57296757262475,8897002.603475437,93534394.78630592,282866.93805389904,fatigue
10.846153846153847,20.0,115.34262576643813,169.13387024907058,9862434.700975766,105037484.8977582,320088.96126308053,fatigue
11.076923076923077,20.0,111.82819001598644,164.85440766278018,10919691.520717725,117807632.88381314,361694.7224645118,fatigue
11.307692307692308,20.0,108.45933436360708,160.72700462493177,12076169.545605887,131969285.40103176,408135.8745438072,fatigue
11.538461538461538,20.0,105.22879177475612,156.7445269955919,13339752.391143305,147657782.13949794,459903.8553695422,fatigue
11.76923076923077,20.0,102.12968440779109,152.9002567676959,14718836.642853905,165020186.6618888,517532.83694926463,fatigue
12.0,20.0,99.15550438739865,149.18786791134636,16222358.80593302,184216165.8327677,581602.857576818,fatigue
