Mr_ksi,H_AC_in,eps_t_microstrain,eps_c_microstrain,Nf_AI,Nd_AI,Nf_MEPDG,governing_AI
4.0,3.0,446.4773767197899,1650.090925873872,114683.95677287273,3911.55904523141,1527.1895027095222,rutting
4.0,3.230769230769231,435.18665273642375,1556.437617616052,124770.34991635327,5081.1140901282715,1689.753675832939,rutting
4.0,3.4615384615384617,422.4726852262501,1469.237939254691,137559.1159124316,6577.504682231849,1899.6648168369866,rutting
4.0,3.6923076923076925,408.9801978804093,1388.1480491628952,153066.61503514927,8481.011118853055,2159.4656587898353,rutting
4.0,3.9230769230769234,395.1472537657293,1312.7873842902618,171418.98545811768,10888.707883990739,2473.7763469029355,rutting
4.0,4.153846153846154,381.26924390058036,1242.7628495387373,192823.03688792905,13917.345263783509,2848.921157081875,rutting
4.0,4.384615384615385,367.5432936060942,1177.6845997454989,217551.65994858017,17706.626910803356,3292.7943647541447,rutting
4.0,4.615384615384615,354.0989389270189,1117.1759446532228,245936.81358582427,22422.929766182067,3814.8545004103125,rutting
4.0,4.846153846153847,341.0192544568751,1060.8792141135846,278366.72640044795,28263.5191973548,4426.194709949877,rutting
4.0,5.076923076923077,328.355379631926,1008.4588910065281,315285.5976921781,35461.31965074437,5139.6635131321555,rutting
4.0,5.307692307692308,316.13650089938,959.6029292439772,357194.88974968984,44290.30946956431,5970.023113831172,rutting
4.0,5.538461538461538,304.3767157717328,914.0228932098893,404655.71542342484,55071.61763844657,6934.138993822942,rutting
4.0,5.769230769230769,293.0797616202086,871.4533554142815,458292.0448612057,68180.40988718864,8051.198064117731,rutting
4.0,6.0,282.2422836436969,831.6508488381338,518794.57660595723,84053.66158282683,9342.954655313239,rutting
4.0,6.230769230769231,271.85610323743333,794.3925726393752,586925.1872461543,103198.92492389867,10834.004828669047,rutting
4.0,6.461538461538462,261.90980137704753,759.4749822556278,663521.9140184646,126204.20790218098,12552.090249311752,rutting
4.0,6.6923076923076925,252.38983125947948,726.7123485768062,749504.4485934633,153749.09212931333,14528.433372980338,rutting
4.0,6.923076923076923,243.28130596626218,695.9353393998432,845880.1344699814,186617.22579590787,16798.106059957838,rutting
4.0,7.153846153846154,234.5685603372928,666.9896552838745,953750.468741177,225710.33663960625,19400.434000116576,rutting
4.0,7.384615384615385,226.23555463851602,639.734737982141,1074318.1136682106,272063.9177831455,22379.43954268843,rutting
4.0,7.615384615384616,218.2661662038261,614.0425605691315,1208894.4258256424,326864.7466244681,25784.325691658978,rutting
4.0,7.846153846153847,210.644400757501,589.7965026182688,1358907.511392438,391470.4035894693,29670.004163579528,rutting
4.0,8.076923076923077,203.35454534203683,566.8903102121698,1525910.8159901374,467430.9634628224,34097.670516094004,rutting
4.0,8.307692307692308,196.38127816360776,545.227138425574,1711592.2566742478,556513.0371495577,39135.429447290655,rutting
4.0,8.538461538461538,189.70974618871583,524.7186726969479,1917783.9025071845,660726.3460260351,44858.97344131557,rutting
4.0,8.76923076923077,183.32561828011384,505.2843248564708,2146472.2087466666,782353.0144297945,51352.317996843696,rutting
4.0,9.0,177.2151195751038,486.8504992830572,2399808.8081772467,923979.7682083646,58708.59672345596,rutting
4.0,9.23076923076923,171.36505136694524,469.34992457952507,2680121.861562142,1088533.2284755772,67030.9196276648,rutting
4.0,9.461538461538462,165.76279973766628,452.72104619497486,2989927.9676325,1279318.48968034,76433.29793561695,rutting
4.0,9.692307692307693,160.3963354662844,436.907475534625,3331944.631476002,1500061.1696400777,87041.6388133042,rutting
4.0,9.923076923076923,155.25420720629512,421.85749124903447,3709103.288635001,1754953.1161982638,98994.81334695108,rutting
4.0,10.153846153846153,150.32552952817596,407.5235885698457,4124562.880667685,2048701.9505114753,112445.80113538158,rutting
4.0,10.384615384615385,145.59996711576443,393.86207274875375,4581723.976346578,2386584.620548788,127562.91482151473,rutting
4.0,10.615384615384617,141.06771616283814,380.8326928550725,5084243.431053643,2774505.130114857,144531.10785061496,rutting
4.0,10.846153846153847,136.71948382044906,368.39831239241704,5636049.575261576,3219056.5985212,163553.36868717638,rutting
4.0,11.076923076923077,132.54646638482416,356.5246134039963,6241357.921257983,3727587.7939098882,184852.20464920765,rutting
4.0,11.307692307692308,128.54032678215378,345.1798309475708,6904687.375458541,4308274.269166763,208671.2184268004,rutting
4.0,11.538461538461538,124.69317179490011,334.3345150329329,7630876.941768643,4970194.213391967,235276.78024027796,rutting
4.0,11.76923076923077,120.9975293805991,323.9613173251907,8425102.89948234,5723409.114084124,264959.7984606639,rutting
4.0,12.0,117.44632635558834,314.03480012421824,9292896.437164526,6579049.305640707,298037.59136110794,rutting
4.538461538461538,3.0,443.48981589316924,1574.119111075768,117246.14912541759,4830.53633979253,1568.2237732586445,rutting
4.538461538461538,3.230769230769231,431.9899477053389,1484.568809125711,127834.75147597973,6278.819033029102,1739.6762957412827,rutting
4.538461538461538,3.4615384615384617,419.1235238622618,1401.221507927119,141209.86593124608,8132.456159817205,1960.323639211104,rutting
4.538461538461538,3.6923076923076925,405.5242369218067,1323.7445988114891,157401.6727429284,10490.960287935764,2233.062817705687,rutting
4.538461538461538,3.9230769230769234,391.6213038709386,1251.770124424431,176550.78829492646,13474.575648742762,2562.9097981466407,rutting
4.538461538461538,4.153846153846154,377.70299132996905,1184.918296709441,198879.78300841467,17227.793578667584,2956.6403064865976,rutting
4.538461538461538,4.384615384615385,363.96066911485815,1122.812788607278,224678.9954004249,21923.336159162227,3422.6673834542726,rutting
4.538461538461538,4.615384615384615,350.5192139850805,1065.0902891842813,254299.82090204826,27766.658968664655,3971.0466901216078,rutting
4.538461538461538,4.846153846153847,337.4579240380931,1011.4061247516233,288152.1604066014,35001.0306635671,4613.557994236953,rutting
4.538461538461538,5.076923076923077,324.8248760781597,961.4372260535167,326704.33628813457,43913.25518024039,5363.837432896631,rutting
4.538461538461538,5.307692307692308,312.64677274338976,914.8833382028668,370484.5778151903,54840.11166724251,6237.547837097196,rutting
4.538461538461538,5.538461538461538,300.9356976426369,871.4670945405064,420083.5852641653,68175.59769549605,7252.580908429217,rutting
4.538461538461538,5.769230769230769,289.6937556342799,830.9333802451894,476157.8996412167,84379.07264905013,8429.288550263438,rutting
4.538461538461538,6.0,278.9162684361512,793.0482742974837,539433.9253986283,103984.41020086393,9790.742654882975,rutting
4.538461538461538,6.230769230769231,268.5939836135481,757.5977627414916,610712.522407157,127610.28112475867,11363.023852878785,rutting
4.538461538461538,6.461538461538462,258.7146091582839,724.386350001279,690874.1239285768,155971.7000843788,13175.540504363651,rutting
4.538461538461538,6.6923076923076925,249.26388605477908,693.2356495990604,780884.3616341082,189892.9822005862,15261.379741618928,rutting
4.538461538461538,6.923076923076923,240.2263431510519,663.9830047871465,881800.1934503072,230322.26690852677,17657.692759852955,rutting
4.538461538461538,7.153846153846154,231.5858323582247,636.4801689378575,994776.5388780166,278347.7777129485,20406.11685108931,rutting
4.538461538461538,7.384615384615385,223.325910800082,610.5920619094828,1121073.4315559808,335215.9968324243,23553.236915763988,rutting
4.538461538461538,7.615384615384616,215.43011527898565,586.1956098111244,1262063.7015130683,402351.9433360968,27151.089384361003,rutting
4.538461538461538,7.846153846153847,207.88216006246898,563.1786700677692,1419241.2005809455,481381.75219898013,31257.71164735161,rutting
4.538461538461538,8.076923076923077,200.66607930275052,541.4390403490396,1594229.5843576314,574157.7597280397,35937.74023208158,rutting
4.538461538461538,8.307692307692308,193.76632886420276,520.8835480153938,1788791.6632922639,682786.3080338117,41263.06108434714,rutting
4.538461538461538,8.538461538461538,187.16785792202512,501.4272157374051,2004839.334164319,809658.4876183841,47313.51541328494,rutting
4.538461538461538,8.76923076923077,180.85615771122607,482.99249850957415,2244444.101646296,957484.0426730824,54177.6646432804,rutting
4.538461538461538,9.0,174.81729277711503,465.50858718085493,2509848.1979017803,1129328.6682548723,61953.61808771619,rutting
4.538461538461538,9.23076923076923,169.03791868943088,448.9107737135103,2803476.3063727817,1328654.932033802,70749.92701791087,rutting
4.538461538461538,9.461538461538462,163.50528921911055,433.13987356848014,3127947.8941113558,1559367.0556526093,80686.54884749996,rutting
4.538461538461538,9.692307692307693,158.20725529748154,418.14170084593513,3486090.155242482,1825859.7917645604,91895.8851882571,rutting
4.538461538461538,9.923076923076923,153.13225758797273,403.86659205337554,3880951.5664219903,2133071.6323676286,104523.89755805297,rutting
4.538461538461538,10.153846153846153,148.26931413800094,390.26897461558735,4315816.053473125,2486542.5819736277,118731.30453500738,rutting
4.538461538461538,10.384615384615385,143.60800430260693,377.30697647426007,4794217.766735758,2892476.7252898123,134694.86415324165,rutting
4.538461538461538,10.615384615384617,139.13844991495262,364.9420733480801,5319956.461027065,3357809.8133153273,152608.74532412228,rutting
4.538461538461538,10.846153846153847,134.85129450457325,353.1387704374023,5897113.474470094,3890282.083940242,172685.9920413301,rutting
4.538461538461538,11.076923076923077,130.73768122096297,341.8643155619826,6530068.298778959,4498516.523199335,195160.0840873052,rutting
4.538461538461538,11.307692307692308,126.78923000027383,331.08844091747505,7223515.731875959,5192102.761200208,220286.59790119296,rutting
4.538461538461538,11.538461538461538,122.99801441167834,320.7831308271422,7982483.601944626,5981686.78238912,248344.97119310134,rutting
4.538461538461538,11.76923076923077,119.35653853395628,310.9224130501472,8812351.050178658,6879066.613236651,279640.3747948368,rutting
4.538461538461538,12.0,115.85771413969458,301.48217138702586,9718867.35756911,7897294.131650316,314505.6951222884,rutting
5.076923076923077,3.0,440.7868591119516,1507.0482842886977,119628.93434838747,5870.259840218876,1606.546162472613,rutting
5.076923076923077,3.230769230769231,429.1088942814459,1421.163632670056,130681.16202456717,7633.875641554332,1786.2626331373015,rutting
5.076923076923077,3.4615384615384617,416.11432335253676,1341.2532525917545,144598.50501908376,9891.60699024027,2016.9089430322779,rutting
5.076923076923077,3.6923076923076925,402.4269638030894,1266.9948872550501,161423.78636861758,12764.670027329159,2301.7108456914966,rutting
5.076923076923077,3.9230769230769234,388.46812355749597,1198.0322306259977,181310.97895789598,16399.445648935514,2646.0536871472154,rutting
5.076923076923077,4.153846153846154,374.51970898491993,1133.997798227132,204497.2730933564,20971.706989519906,3057.1359607462928,rutting
5.076923076923077,4.384615384615385,360.76796025042256,1074.5277539383737,231289.258891756,26691.39602045604,3543.857787551595,rutting
5.076923076923077,4.615384615384615,347.3336090550245,1019.2711392343764,262056.49957400787,33808.004871132,4116.836799495871,rutting
5.076923076923077,4.846153846153847,334.2926006875659,967.895271415332,297229.22148959467,42616.624425739516,4788.500454330407,rutting
5.076923076923077,5.076923076923077,321.6902994922633,920.0885628288357,337298.44661467103,53464.73122068867,5573.229632020087,rutting
5.076923076923077,5.307692307692308,309.55121490670405,875.5616367460784,382817.6776215078,66759.79371406912,6487.540907314427,rutting
5.076923076923077,5.538461538461538,297.8856592197229,834.0473457967836,434405.6485625092,82977.790556692,7550.301332703117,rutting
5.076923076923077,5.769230769230769,286.6943089039204,795.3001079262788,492749.86981067515,102672.74638356839,8782.97304789059,rutting
5.076923076923077,6.0,275.97133577412785,759.0948408499953,558610.8155745676,126487.40458322021,10209.887018843165,rutting
5.076923076923077,6.230769230769231,265.706563069716,725.2256826051964,632826.6710425144,155165.17113828319,11858.54641341102,rutting
5.076923076923077,6.461538461538462,255.88695645350654,693.5046211650366,716318.5969436925,189563.4785835827,13759.960901261544,rutting
5.076923076923077,6.6923076923076925,246.4976606361739,663.7601116892735,810096.4940937783,230668.73402850027,15949.013710286494,rutting
5.076923076923077,6.923076923076923,237.52272464277792,635.8357298018749,915265.2658242716,279613.02971674775,18464.863678729587,rutting
5.076923076923077,7.153846153846154,228.94561272031996,609.5888890301887,1033031.5856879004,337692.808495853,21351.384865106207,rutting
5.076923076923077,7.384615384615385,220.7495666802291,584.889637183597,1164711.18355645,406389.68966651434,24657.64654523525,rutting
5.076923076923077,7.615384615384616,212.91786435548173,561.619537846803,1311736.666419414,487393.67287950305,28438.4366530988,rutting
5.076923076923077,7.846153846153847,205.4340045929258,539.6706377986483,1475665.8916300705,582628.9490069493,32754.831918613127,rutting
5.076923076923077,8.076923076923077,198.28183958713825,518.9445179752291,1658190.9105488427,694282.5572383961,37674.81812597871,rutting
5.076923076923077,8.307692307692308,191.4456688870126,499.351423831082,1861147.4998706034,824836.1370626892,43273.964064577885,rutting
5.076923076923077,8.538461538461538,184.91030504697844,480.8094701002409,2086525.2966624484,977101.0323136369,49636.15287293792,rutting
5.076923076923077,8.76923076923077,178.6611179572831,463.24391467003136,2336478.551489079,1154257.0120823386,56854.3745872507,rutting
5.076923076923077,9.0,172.6840629028515,446.586496321401,2613337.5121204276,1359894.8800053254,65031.58380117173,rutting
5.076923076923077,9.23076923076923,166.96569605144617,430.7748313096271,2919620.448317347,1598063.249157775,74281.62642469455,rutting
5.076923076923077,9.461538461538462,161.49318014654736,415.75186406291397,3258046.3261621217,1873319.7644220726,84730.23959818702,rutting
5.076923076923077,9.692307692307693,156.254282536446,401.4653676078944,3631548.1383953737,2190787.05762671,96516.12887412249,rutting
5.076923076923077,9.923076923076923,151.23736721384967,387.8674896583164,4043286.8952740375,2556213.722808682,109792.12682432047,rutting
5.076923076923077,10.153846153846153,146.43138220730728,374.9143406109812,4496666.2785902005,2976040.599471646,124726.4372648806,rutting
5.076923076923077,10.384615384615385,141.8258434158836,362.5656199754646,4995347.9596859105,3457472.6505114874,141503.96931428998,rutting
5.076923076923077,10.615384615384617,137.4108157849332,350.7842780206806,5543267.580555002,4008556.7183903614,160327.76551198857,rutting
5.076923076923077,10.846153846153847,133.1768925661914,339.53620965452296,6144651.395420265,4638265.437987014,181420.52822416986,rutting
5.076923076923077,11.076923076923077,129.1151732785181,328.78997776578456,6804033.568491586,5356587.57719464,205026.2485497604,rutting
5.076923076923077,11.307692307692308,125.21724087929569,318.5165634539292,7526274.121926047,6174625.066649754,231411.9419111689,rutting
5.076923076923077,11.538461538461538,121.47513856605082,308.68914075517625,8316577.526302229,7104696.967854591,260869.49447016823,rutting
5.076923076923077,11.76923076923077,117.88134655028774,299.2828736449636,9180511.924168095,8160450.61435165,293717.62444774125,rutting
5.076923076923077,12.0,114.42875907869909,290.2747332593091,10124028.975413112,9356980.143471086,330303.96234660613,rutting
5.615384615384615,3.0,438.32022878556717,1447.0918416654645,121858.77586493356,7040.307587573472,1642.5473636751626,rutting
5.615384615384615,3.230769230769231,426.4882509044904,1364.517404477259,133342.47492292814,9158.646833575649,1830.0035919921052,rutting
5.615384615384615,3.4615384615384617,413.38422206260003,1287.7072249279843,147765.1470820944,11870.837218061846,2070.027622309596,rutting
5.615384615384615,3.6923076923076925,399.6230361900761,1216.3486441345435,165181.28444806693,15322.430070400651,2366.1525168077237,rutting
5.615384615384615,3.9230769230769234,385.6188627092254,1150.0961756754184,185757.26978246294,19689.09797482819,2724.110444457648,rutting
5.615384615384615,4.153846153846154,371.6478751448802,1088.593755004873,209743.93442423304,25181.65631006716,3151.497889359736,rutting
5.615384615384615,4.384615384615385,357.8916966359168,1031.4891258036848,237463.0787783421,32051.7241124272,3657.674388270887,rutting
5.615384615384615,4.615384615384615,344.46733354225586,978.4427651532853,269301.31472676015,40598.084932109596,4253.788536712395,rutting
5.615384615384615,4.846153846153847,331.4477224334753,929.1330776620784,305707.99056999345,51173.815252577646,4952.880807760336,rutting
5.615384615384615,5.076923076923077,318.8757975919898,883.2590823686554,347195.539430931,64194.25668305932,5770.03825572162,rutting
5.615384615384615,5.307692307692308,306.77410739267447,840.5414470968414,394341.367906064,80145.9186617377,6722.588597296204,rutting
5.615384615384615,5.538461538461538,295.1513841680554,800.7224609720769,447790.8007718535,99596.41084345349,7830.327543748618,rutting
5.615384615384615,5.769230769230769,284.00703451664225,763.565349318134,508260.81129322917,123205.51856597494,9115.776709559364,rutting
5.615384615384615,6.0,273.3342126288338,728.8532044557892,576544.3855416343,151737.55052738814,10604.471394559034,rutting
5.615384615384615,6.230769230769231,263.12192896511226,696.3877148982772,653515.4376504353,186075.10468536936,12325.27873456611,rutting
5.615384615384615,6.461538461538462,253.35650219984686,665.9878124207379,740134.2338330667,227234.41595964867,14310.747497932589,rutting
5.615384615384615,6.6923076923076925,244.0225635682654,637.4883131622681,837453.3081840486,276382.46711678547,16597.49135820153,rutting
5.615384615384615,6.923076923076923,235.10375543519243,610.7385994196497,946623.8691850959,334856.06180596,19226.607894597986,rutting
5.615384615384615,7.153846153846154,226.58322015709223,585.6013689585485,1068902.7059815568,404183.0757292151,22244.13591459546,rutting
5.615384615384615,7.384615384615385,218.44394429793624,561.951465567389,1205659.6098831727,486106.11809403944,25701.553984048427,rutting
5.615384615384615,7.615384615384616,210.6690022833572,539.6747961359363,1358385.3303619968,582608.8506334475,29656.323304969374,rutting
5.615384615384615,7.846153846153847,203.24172941718234,518.6673342862146,1528700.0868072559,695945.2255033056,34172.478306636374,rutting
5.615384615384615,8.076923076923077,196.1458446422078,498.8342074808026,1718362.6579432413,828671.9162649198,39321.26851647823,rutting
5.615384615384615,8.307692307692308,189.36553700653562,480.08886285391554,1929280.0704748444,983684.2279673069,45181.85545559698,rutting
5.615384615384615,8.538461538461538,182.88552548116215,462.35230624673636,2163517.907462917,1164255.7831126428,51842.06846160575,rutting
5.615384615384615,8.76923076923077,176.69109887415075,445.5524087315757,2423311.255361449,1374082.2900704988,59399.223480270586,rutting
5.615384615384615,9.0,170.76814063501803,429.6232750444016,2711076.3067409587,1617329.7093309825,67961.00898875903,rutting
5.615384615384615,9.23076923076923,165.10314202492847,414.5046686578991,3029422.6336146467,1898687.1408406228,77646.44331864164,rutting
5.615384615384615,9.461538461538462,159.68320623200836,400.14148861863987,3381166.144082628,2223424.762501786,88586.90773762453,rutting
5.615384615384615,9.692307692307693,154.49604539455453,386.4832936832248,3769342.732794462,2597457.1556337588,100927.25972661283,rutting
5.615384615384615,9.923076923076923,149.52997206344742,373.48386968527007,4197222.633555962,3027412.357661758,114827.03095417311,rutting
5.615384615384615,10.153846153846153,144.77388632591283,361.100836431303,4668325.480307349,3520706.985350891,130461.71450455792,rutting
5.615384615384615,10.384615384615385,140.21725958462628,349.29529075278987,5186436.08069119,4085627.7733445265,148024.14595857306,rutting
5.615384615384615,10.615384615384617,135.85011581206473,338.0314826333087,5755620.904510458,4731419.872407522,167725.9829587125,rutting
5.615384615384615,10.846153846153847,131.663010962507,327.2765215877648,6380245.287541814,5468382.24940204,189799.287910922,rutting
5.615384615384615,11.076923076923077,127.64701111201056,317.0001106986946,7064991.349396346,6307970.526458539,214498.21848432889,rutting
5.615384615384615,11.307692307692308,123.79366980288964,307.1743059182808,7814876.622389986,7262907.589857119,242100.83056645872,rutting
5.615384615384615,11.538461538461538,120.09500498918419,297.7732984280166,8635273.38667357,8347302.289654454,272910.998313653,rutting
5.615384615384615,11.76923076923077,116.54347591045607,288.77321801480474,9531928.705154411,9576776.538960483,307260.4559033053,fatigue
5.615384615384615,12.0,113.13196016111101,280.15195557595194,10510985.149996554,10968601.10687555,345510.9655447588,fatigue
6.153846153846153,3.0,436.05353742664556,1392.9568435337974,123955.88664571945,8350.716528463343,1676.526087371219,rutting
6.153846153846153,3.230769230769231,424.08667082098475,1313.3970206863644,135843.70589268339,10866.098546416815,1871.2730081332422,rutting
6.153846153846153,3.4615384615384617,410.8878873613758,1239.4076304733699,150740.23084830763,14086.81568026624,2120.1409745283263,rutting
6.153846153846153,3.6923076923076925,397.06395533562903,1170.6849597558712,168710.80414017272,18185.55658200602,2426.952087959196,rutting
6.153846153846153,3.9230769230769234,383.0225513243461,1106.8936136888997,189933.40992117705,23370.64070684618,2797.765861373671,rutting
6.153846153846153,4.153846153846154,369.034641118271,1047.688169738853,214671.67375150326,29891.91980021791,3240.55516577395,rutting
6.153846153846153,4.384615384615385,355.27765920080066,992.7271465162838,243261.69539966216,38047.41872990126,3765.1146325073355,rutting
6.153846153846153,4.615384615384615,341.8652365649272,941.6816444100231,276106.14614532073,48190.78191110952,4383.096347097777,rutting
6.153846153846153,4.846153846153847,328.8675870929086,894.2403518906648,313672.4213463124,60739.59826771267,5108.122831411623,rutting
6.153846153846153,5.076923076923077,316.3254487185085,850.1121134387337,356493.2023353392,76184.68627195476,5955.952587572025,rutting
6.153846153846153,5.307692307692308,304.25959965982105,809.0268930670037,405168.5501191545,95100.43136815766,6944.685789372033,rutting
6.153846153846153,5.538461538461538,292.6773482829265,770.7357091741118,460369.0488568443,118156.28114257421,8095.004035258017,rutting
6.153846153846153,5.769230769230769,281.5769589930106,735.0099343791799,522839.7290797013,146129.51891204412,9430.441499598905,rutting
6.153846153846153,6.0,270.9506732814662,701.6402265625028,593404.6186254756,179919.45375054507,10977.686772813011,rutting
6.153846153846153,6.230769230769231,260.78677566172024,670.4352686691913,672971.8374684787,220563.18397799155,12766.915868940205,rutting
6.153846153846153,6.461538461538462,251.0710104447712,641.2204334596931,762539.1935766218,269253.11130694236,14832.157658149385,rutting
6.153846153846153,6.6923076923076925,241.78755701170158,613.8364471784303,863200.2624334496,327356.4036282631,17211.69353721179,rutting
6.153846153846153,6.923076923076923,232.9197042806781,588.138097325736,976150.9492611486,396436.625265372,19948.493581263247,rutting
6.153846153846153,7.153846153846154,224.4503195828729,563.9930103251968,1102696.5437358355,478277.77394278,23090.691777113887,rutting
6.153846153846153,7.384615384615385,216.3621763418107,541.2805120374856,1244259.2840443111,574910.9832968722,26692.10324903849,rutting
6.153846153846153,7.615384615384616,208.6381841111947,519.8905757769445,1402386.4516231974,688644.1682193978,30812.786666154458,rutting
6.153846153846153,7.846153846153847,201.26155046296137,499.72285731888945,1578759.0205396712,822094.9075013064,35519.65527282762,rutting
6.153846153846153,8.076923076923077,194.21589474438764,480.6858133398043,1775200.8866744789,978226.8740742601,40887.140213110535,rutting
6.153846153846153,8.307692307692308,187.4853273531266,462.69589809990066,1993688.7019804858,1160390.1376524642,46997.91002844988,rutting
6.153846153846153,8.538461538461538,181.05450390192405,445.6768324615343,2236362.338366299,1372365.677828149,53943.65039559133,rutting
6.153846153846153,8.76923076923077,174.90866077542591,429.55893919280663,2505536.004404527,1618414.4577645336,61825.90833957708,rutting
6.153846153846153,9.0,169.03363665639685,414.2785386987716,2803710.0362618533,1903331.4196430016,70757.00530585751,rutting
6.153846153846153,9.23076923076923,163.41588330463475,399.7773996964468,3133583.3821439366,2232504.773010083,80861.02360703096,rutting
6.153846153846153,9.461538461538462,158.04246799802064,386.0022398031496,3498066.797264453,2611980.9561457867,92274.87087485442,rutting
6.153846153846153,9.692307692307693,152.9010694498798,372.9042714783318,3900296.7639856148,3048535.6584935198,105149.42724834714,rutting
6.153846153846153,9.923076923076923,147.97996860558487,360.43878921097246,4343650.149411908,3549751.298958917,119650.78011529338,rutting
6.153846153846153,10.153846153846153,143.2680354312298,348.5647942591312,4831759.610405964,4124101.360362655,135961.55129842556,rutting
6.153846153846153,10.384615384615385,138.7547125968045,337.2446536183566,5368529.753768317,4781041.984334678,154282.32163985237,rutting
6.153846153846153,10.615384615384617,134.42999679847279,326.4437902204486,5958154.0571985785,5531111.233266935,174833.1579884225,rutting
6.153846153846153,10.846153846153847,130.28441834170656,316.1304016471102,6605132.55463853,6386036.42636546,197855.24763491898,rutting
6.153846153846153,11.076923076923077,126.3090195079213,306.275204889029,7314290.287676685,7358849.955145422,223612.64526898265,fatigue
6.153846153846153,11.307692307692308,122.49533214472177,296.85120489566685,8090796.522855048,8464013.979665104,252394.1375490417,fatigue
6.153846153846153,11.538461538461538,118.8353548494403,287.83348484978166,8940184.732938444,9717554.400193628,284515.2303813754,fatigue
6.153846153846153,11.76923076923077,115.32153005453073,279.1990162682113,9868373.338461649,11137204.489675876,320320.2639957385,fatigue
6.153846153846153,12.0,111.94672126982427,270.92648718088554,10881687.204134569,12742558.56012761,360184.6608814215,fatigue
6.692307692307692,3.0,433.95855516960336,1343.6768606563762,125936.16910362808,9811.980137621214,1708.717636627512,rutting
6.692307692307692,3.230769230769231,421.8722849632292,1266.8813416649668,138204.45059041062,12769.792724554642,1910.3641643190845,rutting
6.692307692307692,3.4615384615384617,408.59054045451904,1195.4765736211505,153547.54006160283,16556.98594978427,2167.6100900896404,rutting
6.692307692307692,3.6923076923076925,394.71264338347504,1129.1672182417458,172040.93269968897,21376.36790886719,2484.5507618093256,rutting
6.692307692307692,3.9230769230769234,380.64032658010285,1067.6273300490773,193873.51580265965,27472.471524810673,2867.55602373486,rutting
6.692307692307692,4.153846153846154,366.63979423462723,1010.5214404657805,219320.97040078675,35138.42590241479,3324.956123937248,rutting
6.692307692307692,4.384615384615385,352.88465569823245,957.5181304642862,248732.89402079626,44723.67732336545,3866.959251902388,rutting
6.692307692307692,4.615384615384615,339.48546317129035,908.2984040803277,282527.13963210816,56642.632342300996,4505.696506897913,rutting
6.692307692307692,4.846153846153847,326.50994978053916,862.5605209471431,321188.18806849205,71384.30180622151,5255.344698121596,rutting
6.692307692307692,5.076923076923077,313.9968542573798,820.0224564996971,365267.9195831068,89523.03299274149,6132.302436175044,rutting
6.692307692307692,5.307692307692308,301.9653450576364,780.422803572393,415387.91201947734,111730.42782905181,7155.407193687898,rutting
6.692307692307692,5.538461538461538,290.42143686982575,743.5206764893874,472242.78540189133,138788.55856946192,8346.187294142546,rutting
6.692307692307692,5.769230769230769,279.3623576503439,709.0950009590491,536604.3230697527,171604.60844750976,9729.146182481787,rutting
6.692307692307692,6.0,268.77952207777247,676.9434488665668,609326.2166067349,211227.08353987124,11332.07826591228,rutting
6.692307692307692,6.230769230769231,258.66055870264273,646.8811907192156,691349.3496185512,258863.76303982412,13186.41678829259,rutting
6.692307692307692,6.461538461538462,248.99069488441683,618.7395787683491,783707.5762968835,315901.57782594615,15327.614972719934,rutting
6.692307692307692,6.6923076923076925,239.7537057690741,592.3648327392484,887533.9764087014,383928.6310064841,17795.56222029622,rutting
6.692307692307692,6.923076923076923,230.93256694480405,567.6167720471915,1004067.5851418789,464758.598361213,20635.037586841507,rutting
6.692307692307692,7.153846153846154,222.50990518618636,544.3676194426242,1134660.6075316865,560457.7706598489,23896.20312542185,rutting
6.692307692307692,7.384615384615385,214.46831106484044,522.5008884570085,1280786.134879902,673375.0231637099,27635.14000775209,rutting
6.692307692307692,7.615384615384616,206.7905565002863,501.91035887480666,1444046.3857401323,806175.0197943588,31914.430635012708,rutting
6.692307692307692,7.846153846153847,199.45974635771006,482.4991393658572,1626181.4973267699,961874.980200065,36803.79022425407,rutting
6.692307692307692,8.076923076923077,192.4594237945693,464.17881340583017,1829078.8950284424,1143885.3571265717,42380.751612479835,rutting
6.692307692307692,8.307692307692308,185.77364273667874,446.8686630036723,2054783.2683664698,1356054.789080418,48731.40725711768,rutting
6.692307692307692,8.538461538461538,179.38701662287698,430.4949640600073,2305507.1814666605,1602719.7093268319,55951.2126287238,rutting
6.692307692307692,8.76923076923077,173.28474971534385,414.9903470615125,2583642.345104372,1888759.0069054263,64145.85538928237,rutting
6.692307692307692,9.0,167.452655369779,400.2932170403896,2891771.5758095854,2219654.1487112194,73432.19492750145,rutting
6.692307692307692,9.23076923076923,161.87716438491992,386.34722713845895,3232681.4655347187,2601555.1838911804,83939.27698167812,rutting
6.692307692307692,9.461538461538462,156.5453256946716,373.10080060902186,3609375.783125129,3041353.0629302254,95809.42822187423,rutting
6.692307692307692,9.692307692307693,151.44480108746998,360.5066966019466,4025089.6264079898,3546758.713867703,109199.43578758482,rutting
6.692307692307692,9.923076923076923,146.56385524213852,348.52161557003404,4483304.341221575,4126389.327062929,124281.81688604134,rutting
6.692307692307692,10.153846153846153,141.89134209455622,337.1058405872699,4987763.2212197725,4789862.3077205485,141246.18365115402,rutting
6.692307692307692,10.384615384615385,137.41668835341432,326.2229112734508,5542487.999858747,5547897.361838643,160300.70854501324,fatigue
6.692307692307692,10.615384615384617,133.12987483892203,315.8393273732371,6151796.143638227,6412427.186170592,181673.6956537686,fatigue
6.692307692307692,10.846153846153847,129.02141620780708,305.9242793440956,6820318.953449473,7396717.235951975,205615.26328828713,fatigue
6.692307692307692,11.076923076923077,125.08233953999589,296.44940357144293,7553020.47877689,8515495.045311825,232399.14334747978,fatigue
6.692307692307692,11.307692307692308,121.30416218973015,287.38856005677405,8355217.247505683,9785089.574190574,262324.6029385629,fatigue
6.692307692307692,11.538461538461538,117.67886924209465,278.71763062127275,9232598.81218662,11223581.051988913,295718.493773336,fatigue
6.692307692307692,11.76923076923077,114.19889086222372,270.4143358387999,10191249.11178072,12850961.781837445,332937.4348720878,fatigue
6.692307692307692,12.0,110.8570797771278,262.458069062957,11237668.64612752,14689308.360091878,374370.1341060102,fatigue
7.230769230769231,3.0,432.01285947579277,1298.5099836369493,127812.44081665741,11435.050168857686,1739.311956805708,rutting
7.230769230769231,3.230769230769231,419.81993203788585,1224.263722448415,140440.43738442907,14883.886966895494,1947.5128693759505,rutting
7.230769230769231,3.4615384615384617,406.4648432418198,1155.2409917233774,156206.11511321107,19299.56244398702,2212.724609454095,rutting
7.230769230769231,3.6923076923076925,392.5400533633355,1091.1543226572292,175194.519042175,24918.175186496694,2539.301951163385,rutting
7.230769230769231,3.9230769230769234,378.4418241560113,1031.6866478668671,197604.83033028065,32024.260242122222,2933.9100577352465,rutting
7.230769230769231,4.153846153846154,364.4319818882685,976.5118402072604,223724.13567109386,40958.72447858501,3405.219681757867,rutting
7.230769230769231,4.384615384615385,350.68062310499204,925.3079090612607,253914.8204472581,52127.75257911883,3963.8333627043635,rutting
7.230769230769231,4.615384615384615,337.29547575798466,877.7651223399047,288609.13698978664,66012.76307726392,4622.339280518934,rutting
7.230769230769231,4.846153846153847,324.3419996157585,833.5906774285156,328307.7888626235,83181.49976370666,5395.443531660664,rutting
7.230769230769231,5.076923076923077,311.8571029402583,792.5110631484431,373580.9072350797,104300.35178685942,6300.156462054814,rutting
7.230769230769231,5.307692307692308,299.85848137340327,754.2729067868017,425070.5513689438,130148.00632487348,7356.020827622508,rutting
7.230769230769231,5.538461538461538,288.35096675659685,718.6428530684336,483494.2546747761,161630.55122737563,8585.375792337292,rutting
7.230769230769231,5.769230769230769,277.3308400382892,685.4068483218543,549649.3465307791,199798.16171812246,10013.654141810564,rutting
7.230769230769231,6.0,266.7887611182701,654.3690819847673,624417.8962749864,245863.5250848982,11669.712005680425,rutting
7.230769230769231,6.230769230769231,256.7117605830345,625.3507535274771,708772.1930964482,301222.1799818263,13586.191541950671,rutting
7.230769230769231,6.461538461538462,247.0845956588681,598.1887747596775,803780.7162586253,367474.9720316477,15799.917796758156,rutting
7.230769230769231,6.6923076923076925,237.8906752998241,572.734477510158,910614.5758654985,446452.8541759046,18352.33150015359,rutting
7.230769230769231,6.923076923076923,229.11269303937664,548.8523693587488,1030554.4214546244,540244.2879242994,21289.959991136384,rutting
7.230769230769231,7.153846153846154,220.73306125427717,526.418961635308,1164997.8274387675,651225.5295364922,24664.92883554443,rutting
7.230769230769231,7.384615384615385,212.73421003976242,505.3216816102612,1315467.172665944,782094.1125309685,28535.51703526449,rutting
7.230769230769231,7.615384615384616,205.0987933244039,485.4578728098473,1483618.0371620415,935905.864178577,32966.75903948363,rutting
7.230769230769231,7.846153846153847,197.80983098143687,466.73388237425604,1671248.1430649785,1116115.8183815314,38031.09706368287,rutting
7.230769230769231,8.076923076923077,190.85080635636422,449.06423140218016,1880306.8692319524,1326623.4103070279,43809.0875011425,rutting
7.230769230769231,8.307692307692308,184.2057323571149,432.37086262738575,2112905.370264901,1571822.3592391422,50390.16547442476,rutting
7.230769230769231,8.538461538461538,177.85919504560513,416.5824590824013,2371327.330957807,1856655.665362396,57873.47181946914,rutting
7.230769230769231,8.76923076923077,171.79638085260578,401.6338272916242,2658040.386600249,2186676.163713015,66368.74702151168,rutting
7.230769230769231,9.0,166.00309165441055,387.4653387718523,2975708.2383338804,2568113.0944994753,75997.29682927583,rutting
7.230769230769231,9.23076923076923,160.46575069116065,374.0224240464904,3327203.4910032614,3007945.1635756437,86893.03446164847,rutting
7.230769230769231,9.461538461538462,155.1714014646612,361.2551138964595,3715621.238805225,3513980.580203537,99203.60448965023,rutting
7.230769230769231,9.692307692307693,150.1077011880229,349.1176231098939,4144293.421647582,4094944.5714676823,113091.5936267961,rutting
7.230769230769231,9.923076923076923,145.2629099766069,337.5679725137169,4616803.972584809,4760574.883839902,128735.83379400354,fatigue
7.230769230769231,10.153846153846153,140.62587670684573,326.5676455509484,5137004.774097693,5521725.792410612,146332.80294241427,fatigue
7.230769230769231,10.384615384615385,136.18602228502536,316.08127609804023,5709032.438394668,6390481.14709202,166098.1292201056,fatigue
7.230769230769231,10.615384615384617,131.93332093465003,306.0763645938685,6337325.924390827,7380276.992512163,188268.20415801648,fatigue
7.230769230769231,10.846153846153847,127.85828001078389,296.52301987876547,7026645.0015972685,8506034.304119233,213101.91062738752,fatigue
7.230769230769231,11.076923076923077,123.95191877125313,287.39372442233054,7782089.568852117,9784302.386982903,240882.47138648908,fatigue
7.230769230769231,11.307692307692308,120.20574647055088,278.6631208588883,8609119.833645616,11233413.485617463,271919.4240886172,fatigue
7.230769230769231,11.538461538461538,116.6117400881398,270.3078179551535,9513577.355733065,12873649.152589714,306550.7286664294,fatigue
7.230769230769231,11.76923076923077,113.1623219558327,262.3062143116062,10501706.956772747,14727418.92044751,345145.0130392151,fatigue
7.230769230769231,12.0,109.8503375073589,254.63833825253482,11580179.495853787,16819451.815322876,388103.9631090926,fatigue
7.769230769230769,3.0,430.19829044023044,1256.8737881643942,129595.24212978306,13231.340574907897,1768.4655215727378,rutting
7.769230769230769,3.230769230769231,417.9093462676496,1184.989834065459,142564.5493866679,17223.13783100771,1982.9126485800425,rutting
7.769230769230769,3.4615384615384617,404.48886685927295,1118.1732502397267,158731.51216307754,22333.532308094284,2255.7216742583455,rutting
7.769230769230769,3.6923076923076925,390.522960329096,1056.143985531763,178190.19905935295,28835.28163510982,2591.49457354928,rutting
7.769230769230769,3.9230769230769234,376.4028284231941,998.5933384076566,201149.5483877279,37056.943909151356,2997.1784575722213,rutting
7.769230769230769,4.153846153846154,362.3862528314323,945.2039741523807,227907.47641343815,47391.97561575863,3481.7694866797765,rutting
7.769230769230769,4.384615384615385,348.6400883895646,895.6627632430495,258838.52363020024,60308.93229308532,4056.247299593578,rutting
7.769230769230769,4.615384615384615,335.2694595552477,849.6686659116996,294388.64088558074,76362.85909198178,4733.6373874869105,rutting
7.769230769230769,4.846153846153847,322.33773245688576,806.9372521460234,335073.977527588,96207.96381142485,5529.152512838954,rutting
7.769230769230769,5.076923076923077,309.8801309614759,767.2029734409992,381482.057099105,120611.67246239835,6460.388973578953,rutting
7.769230769230769,5.307692307692308,297.9129962934617,730.2199613269316,434274.4768253692,150470.17756752166,7547.565577574993,rutting
7.769230769230769,5.538461538461538,286.44007305345843,695.7618857878743,494190.6539301137,186825.602786715,8813.799394671309,rutting
7.769230769230769,5.769230769230769,275.45677205939063,663.6212370757266,562052.3490541596,230884.9244331083,10285.415697003868,rutting
7.769230769230769,6.0,264.9530599935481,633.6082763179611,638768.8123460418,284040.81111435976,11992.291394174401,rutting
7.769230769230769,6.230769230769231,254.91541861340065,605.5498184482557,725342.4645546525,347894.566921133,13968.232413413274,rutting
7.769230769230769,6.461538461538462,245.32817417552667,579.2879544533831,822875.0658880644,424281.3908305453,16251.386221974371,rutting
7.769230769230769,6.6923076923076925,236.17440071558536,554.6787810546124,932574.3511447862,515298.1946159754,18884.69122663707,rutting
7.769230769230769,6.923076923076923,227.43653484968712,531.5911793740756,1055761.1268673632,623334.2527256303,21916.36521280894,rutting
7.769230769230769,7.153846153846154,219.09679501910887,509.9056661507324,1193876.8383470906,751104.9894229777,25400.435356001235,rutting
7.769230769230769,7.384615384615385,211.13746782860161,489.51332907122816,1348491.6230330765,901689.240116027,29397.312678442573,rutting
7.769230769230769,7.615384615384616,203.5411036886036,470.3148499522125,1521312.8732651053,1078570.3544906958,33974.41414615767,rutting
7.769230769230769,7.846153846153847,196.29065019493436,452.2196145755538,1714194.3358224959,1285681.5382186593,39206.8359120069,rutting
7.769230769230769,8.076923076923077,189.3695424099388,435.14490503385707,1929145.778898833,1527455.8572318486,45178.08150876537,rutting
7.769230769230769,8.307692307692308,182.76176298299856,419.0151688505912,2168343.259003937,1808881.3536359214,51980.84908214887,rutting
7.769230769230769,8.538461538461538,176.45188087430014,403.76135844333254,2434140.0211333223,2135561.7452322855,59717.88202475486,rutting
7.769230769230769,8.76923076923077,170.42507465268793,389.320334379655,2729078.0654849918,2513783.2014253284,68502.88762620011,rutting
7.769230769230769,9.0,164.66714447273876,375.6343261088724,3055900.4131867494,2950587.7071911325,78461.52859067514,rutting
7.769230769230769,9.23076923076923,159.1645155915098,362.6504442850547,3417564.1020644302,3453853.5439939355,89732.4924897132,fatigue
7.769230769230769,9.461538461538462,153.90423545515515,350.32023932337313,3817253.941566158,4032383.4322830974,102468.64441480408,fatigue
7.769230769230769,9.692307692307693,148.8739658306791,338.5993013856144,4258397.053688566,4696000.894665119,116838.26827186326,fatigue
7.769230769230769,9.923076923076923,144.06197108518478,327.44689752969106,4744678.224242362,5455655.412146603,133026.4023181953,fatigue
7.769230769230769,10.153846153846153,139.45710346163304,316.82564225833767,5280056.086151898,6323536.958033555,151236.27468365518,fatigue
7.769230769230769,10.384615384615385,135.04878602489472,306.7011981523558,5868780.153790816,7313200.505108819,171690.84474246143,fatigue
7.769230769230769,10.615384615384617,130.82699382734276,297.04200366989085,6515408.724683348,8439701.111490808,194634.45631193477,fatigue
7.769230769230769,10.846153846153847,126.78223375147573,287.81902553676895,7224827.662300826,9719740.198907645,220334.60875063462,fatigue
7.769230769230769,11.076923076923077,122.90552341652901,279.005533447735,8002270.071188041,11171823.643785758,249083.8521119465,fatigue
7.769230769230769,11.307692307692308,119.18836947932533,270.576895050262,8853336.873284573,12816432.306255216,281201.8125809728,fatigue
7.769230769230769,11.538461538461538,115.62274561213688,262.5103893972,9784018.292068051,14676205.624630673,317037.3544830599,fatigue
7.769230769230769,11.76923076923077,112.20107039926317,254.78503723777385,10800716.249031173,16776138.90282432,356970.88520144677,fatigue
7.769230769230769,12.0,108.91618535766848,247.38144667364423,11910267.675002858,19143794.91517571,401416.80937924806,fatigue
8.307692307692307,3.0,428.4998983733595,1218.302298968758,131293.3875273383,15212.732580985316,1796.3094422044112,rutting
8.307692307692307,3.230769230769231,416.1239285000508,1148.6165115406864,144587.52099311052,19802.90618162898,2016.7250937296212,rutting
8.307692307692307,3.4615384615384617,402.6447182072182,1083.8518149874715,161136.66118374316,25678.660641989347,2296.798844354148,rutting
8.307692307692307,3.6923076923076925,388.64247071188606,1023.7351684279797,181043.43607550845,33152.98702976684,2641.368951579926,rutting
8.307692307692307,3.9230769230769234,374.50368838832173,967.9657735572421,204526.06426048066,42602.72958864957,3057.6524649531334,rutting
8.307692307692307,4.153846153846154,360.48240049056903,916.2345928292694,231892.77703589702,54478.94940512737,3554.9573441010275,rutting
8.307692307692307,4.384615384615385,346.74245750933034,868.2368471070657,263529.7024759935,69318.53444410159,4144.624732355683,rutting
8.307692307692307,4.615384615384615,333.38657353946354,823.6796755701397,299895.8588243504,87757.15172534708,4840.099510995763,rutting
8.307692307692307,4.846153846153847,320.4761781975131,782.2865141560342,341522.13864863606,110543.64229175905,5657.080540452824,rutting
8.307692307692307,5.076923076923077,308.0449385942913,743.7992839638868,389012.6779837685,138555.96647373642,6613.726547716235,rutting
8.307692307692307,5.307692307692308,296.1079449162562,707.9791462992749,443047.7506924503,172818.81653852246,7730.905621054577,rutting
8.307692307692307,5.538461538461538,284.66793790534143,674.6063442084451,504387.7126546588,214523.02683290723,9032.482442680504,rutting
8.307692307692307,5.769230769230769,273.71952515650855,643.4794845971255,573877.7262171222,265046.9285145998,10545.640711137334,rutting
8.307692307692307,6.0,263.2520335167211,614.4144998001663,652453.1097080822,325979.81718770374,12301.240082263781,rutting
8.307692307692307,6.230769230769231,253.25143826441914,587.2434477144171,741145.2229783733,399147.7271576848,14334.208084292339,rutting
8.307692307692307,6.461538461538462,243.70166812436736,561.8132545972247,841087.8400095952,486641.7352210362,16683.968194993475,rutting
8.307692307692307,6.6923076923076925,234.58548854462805,537.9844668326709,953523.9852383904,590849.0492379412,19394.90579451702,rutting
8.307692307692307,6.923076923076923,225.8850999789834,515.6300521340482,1079813.2275539115,714487.1713221893,22516.87412700155,rutting
8.307692307692307,7.153846153846154,217.5825434010311,494.63427314635913,1221439.4382435675,860641.4613256985,26105.74277050457,rutting
8.307692307692307,7.384615384615385,209.6599751761242,474.89164471130044,1380019.028270909,1032806.4623863535,30223.991455843676,rutting
8.307692307692307,7.615384615384616,202.09985310522902,456.30597839885405,1557309.6871336799,1234931.385718833,34941.35240360608,rutting
8.307692307692307,7.846153846153847,194.8850617715359,438.7895130599101,1755219.6506976876,1471470.1857868982,40335.504669804664,rutting
8.307692307692307,8.076923076923077,187.99899611807444,422.26212724310574,1975817.5291380046,1747436.6889293636,46492.82430496101,rutting
8.307692307692307,8.307692307692308,181.42561600590807,406.65062772927644,2221342.7286360473,2068465.2680703101,53509.19443702531,rutting
8.307692307692307,8.538461538461538,175.1494803615919,391.8881077309093,2494216.5019230912,2440877.583182138,61490.879682811865,rutting
8.307692307692307,8.76923076923077,169.1557667527897,377.9133681713507,2797053.66325423,2871755.9317242145,70555.46957272736,fatigue
8.307692307692307,9.0,163.43028038197133,364.6703956810352,3132675.003063614,3369023.775518204,80832.89593700257,fatigue
8.307692307692307,9.23076923076923,157.9594552559914,352.10789137417976,3504120.4365177373,3941534.0306888153,92466.5294465705,fatigue
8.307692307692307,9.461538461538462,152.73034946917753,340.17884499586677,3914662.9185741413,4599165.725681372,105614.36072700891,fatigue
8.307692307692307,9.692307692307693,147.7306359913581,328.84014958849076,4367823.156093013,5352929.649218019,120450.27166915077,fatigue
8.307692307692307,9.923076923076923,142.94858998732633,318.05225237491703,4867385.145159977,6215083.625593156,137165.4027453435,fatigue
8.307692307692307,10.153846153846153,138.3730734485544,307.7788380683377,5417412.559167843,7199258.069067514,155969.62230656965,fatigue
8.307692307692307,10.384615384615385,133.99351775013636,297.9865412826688,6022266.010475305,8320592.482345349,177093.10398398733,fatigue
8.307692307692307,10.615384615384617,129.79990462863816,288.644685127447,6686621.2056894805,9595883.576174878,200788.01845007777,fatigue
8.307692307692307,10.846153846153847,125.78274599174757,279.7250434280463,7415488.0118785,11043745.697856238,227330.34591105828,fatigue
8.307692307692307,11.076923076923077,121.93306290673178,271.2016243188742,8214230.448355222,12684784.265689494,257021.81580468902,fatigue
8.307692307692307,11.307692307692308,118.24236406424109,263.05047321929516,9088587.61612089,14541782.913865153,290191.9802673131,fatigue
8.307692307692307,11.538461538461538,114.70262397228218,255.2494934249216,10044695.574633658,16639905.057701979,327200.42801164376,fatigue
8.307692307692307,11.76923076923077,111.30626109933675,247.77828273641495,11089110.17327845,19006910.592142142,368439.14532300725,fatigue
8.307692307692307,12.0,108.04611615391053,240.61798470948108,12228830.842757156,21673388.43666444,414335.03093662736,fatigue
8.846153846153847,3.0,426.90520450757987,1182.416595986757,132914.35373617912,17391.580372043085,1822.9551713116398,rutting
8.846153846153847,3.230769230769231,414.4498870722802,1114.7836488667406,146518.42705587958,22639.163694669525,2049.0871290540863,rutting
8.846153846153847,3.4615384615384617,400.9175827401454,1051.9343913448915,163432.46813922655,29355.49769152178,2336.123162866697,rutting
8.846153846153847,3.6923076923076925,386.88298563661186,993.6024229110411,183767.25127616903,37897.595300329325,2689.127979564783,rutting
8.846153846153847,3.9230769230769234,372.7282175725987,939.4944280657658,207749.84829345002,48695.10188537862,3115.577699269612,rutting
8.846153846153847,4.153846153846154,358.70381334562455,889.3092170175859,235698.34277470357,62262.0326698266,3625.079730483488,rutting
8.846153846153847,4.384615384615385,344.97082850028863,842.7498986705256,268009.93826428236,79209.91209032093,4229.322537251081,rutting
8.846153846153847,4.615384615384615,331.62973700888426,799.5313275588582,305156.1491327455,100262.4203890694,4942.1540567476095,rutting
8.846153846153847,4.846153846153847,318.74017039940827,759.384349086044,347681.97313950775,126271.65706566407,5779.74045708013,rutting
8.846153846153847,5.076923076923077,306.3343514256617,722.0579105005882,396207.4479812209,158236.13696386485,6760.781346836005,rutting
8.846153846153847,5.307692307692308,294.4262102414135,687.3197766356598,451430.73586266604,197320.64363876276,7906.769495031917,rutting
8.846153846153847,5.538461538461538,283.01755709378034,654.9563575019513,514132.2623098166,244878.07709909623,9242.289261144539,rutting
8.846153846153847,5.769230769230769,272.1022551617091,624.7719927684293,585179.6399279541,302473.4497612237,10795.351235935808,rutting
8.846153846153847,6.0,261.6690382768744,596.5879256918497,665533.2212716686,371910.2059324112,12597.7624531113,rutting
8.846153846153847,6.230769230769231,251.7034122378873,570.2411213288672,756252.1905102119,455259.06646371586,14685.532641718406,rutting
8.846153846153847,6.461538461538462,242.18893725666692,545.5830303226412,858501.1432320656,554889.6311064936,17099.3177059107,rutting
8.846153846153847,6.6923076923076925,233.10809280261964,522.4783627978331,973557.129122284,673505.0059517235,19884.902130836654,rutting
8.846153846153847,6.923076923076923,224.44286070465367,500.8039117838369,1102817.149523509,814179.7612265891,23093.722422174393,rutting
8.846153846153847,7.153846153846154,216.1751180695312,480.4474485599107,1247806.1143509862,980401.5645849144,26783.43404643317,rutting
8.846153846153847,7.384615384615385,208.28690164007278,461.3067009166409,1410185.2722329674,1176116.8757057379,31018.52467768546,rutting
8.846153846153847,7.615384615384616,200.76058502892946,443.2884178466168,1591761.135028418,1405781.1283984983,35870.976887322104,rutting
8.846153846153847,7.846153846153847,193.57899667218757,426.3075194190677,1794494.9235327542,1674413.8655334117,41420.98374179913,rutting
8.846153846153847,8.076923076923077,186.7254972109749,410.28632771871287,2020512.5654914908,1987659.3292046054,47757.721099554255,rutting
8.846153846153847,8.307692307692308,180.18402887779467,395.153873143816,2272115.2801627517,2351853.043068243,54980.18072022452,fatigue
8.846153846153847,8.538461538461538,173.93914535650865,380.8452696406008,2551790.785715547,2774094.955496732,63198.06861375203,fatigue
8.846153846153847,8.76923076923077,167.97602783813974,367.3011523009122,2862225.16682022,3262329.7409987934,72532.77336041497,fatigue
8.846153846153847,9.0,162.28049116185363,354.46717095550395,3206315.4399797344,3825434.88339956,83118.4094219944,fatigue
8.846153846153847,9.23076923076923,156.8389827100669,342.2935338085972,3587182.8535725316,4473317.187800976,95102.9407365167,fatigue
8.846153846153847,9.461538461538462,151.6385759154277,330.7345956783102,4008186.958341998,5217018.389680433,108649.39014230207,fatigue
8.846153846153847,9.692307692307693,146.6669596985832,319.7484859645303,4472940.4822940575,6068830.54895572,123937.14041030474,fatigue
8.846153846153847,9.923076923076923,141.91242479728479,309.2967720167457,4985325.041768836,7042421.934759163,141163.33287645876,fatigue
8.846153846153847,10.153846153846153,137.36384770781788,299.34415409310964,5549507.717952423,8152974.123251833,160544.3698583204,fatigue
8.846153846153847,10.384615384615385,133.01067279788802,289.858188574352,6169958.525392285,9417331.046208834,182317.5272133879,fatigue
8.846153846153847,10.615384615384617,128.84289303861186,280.80903651596566,6851468.796271711,10854160.7423725,206742.68355133318,fatigue
8.846153846153847,10.846153846153847,124.85102972419396,272.16923498894835,7599170.501362966,12484130.576626996,234104.17275032747,fatigue
8.846153846153847,11.076923076923077,121.0261114894992,263.9134889758004,8418556.525779258,14330096.70376119,264712.7665500938,fatigue
8.846153846153847,11.307692307692308,117.35965289053183,256.0184818591472,9315501.91493002,16417308.563711477,298907.7941026188,fatigue
8.846153846153847,11.538461538461538,113.84363277604835,248.46270277059804,10296286.103485111,18773629.20342302,337059.40545677004,fatigue
8.846153846153847,11.76923076923077,110.47047264724505,241.22628926280908,11367616.13768669,21429772.226513434,379570.9860361627,fatigue
8.846153846153847,12.0,107.23301517490044,234.2908839336331,12536650.899021704,24419556.175377358,426881.72924118116,fatigue
9.384615384615383,3.0,425.4036678497793,1148.904182600759,134464.5602243444,19780.717099489633,1848.4986220530332,rutting
9.384615384615383,3.230769230769231,412.87562117904787,1083.1944763954052,148365.03550614067,25748.500014639238,2080.1162464875724,rutting
9.384615384615383,3.4615384615384617,399.29503964930086,1022.1390769375462,165628.24858161414,33385.38720368721,2373.837682440459,rutting
9.384615384615383,3.6923076923076925,385.23146092643447,965.477886215864,186372.74955450807,43096.42404620077,2734.945163868933,rutting
9.384615384615383,3.9230769230769234,371.062909985769,912.9246873963384,210834.0783358629,55368.83345834042,3171.163980334193,rutting
9.384615384615383,4.153846153846154,357.0366565030155,864.1857284936151,239339.7519714676,70785.24014658945,3692.38971133453,rutting
9.384615384615383,4.384615384615385,343.31114703281503,818.9715857262042,272297.5847418836,90038.46468565881,4310.645167861232,rutting
9.384615384615383,4.615384615384615,329.9847664789019,777.0044082160122,310191.0674633276,113948.00324634793,5040.166378777112,rutting
9.384615384615383,4.846153846153847,317.1154710311435,738.0220375308257,353578.7211789484,143478.31253139794,5897.569575132899,rutting
9.384615384615383,5.076923076923077,304.73413872607154,701.7800463935955,403095.83504911547,179759.02487225612,6902.0754304401335,rutting
9.384615384615383,5.307692307692308,292.8536203477934,668.05241862369,459457.73614689714,224107.22647405646,8075.778714184868,rutting
9.384615384615383,5.538461538461538,281.47486066787565,636.631365149391,523464.1190373878,278051.94348809496,9443.957632237758,rutting
9.384615384615383,5.769230769230769,270.5910305490007,607.3266124198384,596004.1662490629,343360.99684280873,11035.42041100818,rutting
9.384615384615383,6.0,260.190312245633,579.9643897045556,678062.3033194422,422070.4082211209,12882.88852503506,rutting
9.384615384615383,6.230769230769231,250.2577747482111,554.3862659788318,770724.4969545065,516516.56651764974,15023.417061185864,rutting
9.384615384615383,6.461538461538462,240.77663526813333,530.4479349586748,875185.0440325894,629371.3964137146,17498.853413368855,rutting
9.384615384615383,6.6923076923076925,231.72910702061094,508.0180110960296,992753.8242840661,763680.8078320784,20356.335999071933,rutting
9.384615384615383,6.923076923076923,223.0969683188862,486.97687493131093,1124864.006641626,922906.7460854121,23648.83508532556,rutting
9.384615384615383,7.153846153846154,214.8619438966496,467.2155896459684,1273080.211766994,1110973.206366992,27435.738161924837,rutting
9.384615384615383,7.384615384615385,207.00595959871046,448.6348995616864,1439107.1428642797,1332316.6215705047,31783.482632792002,rutting
9.384615384615383,7.615384615384616,199.51131151247395,431.14431403282396,1624798.704504732,1591941.0779830292,36766.238926167585,rutting
9.384615384615383,7.846153846153847,192.36077711109036,414.66127551776276,1832167.6352867081,1895478.8579950426,42466.64745624339,fatigue
9.384615384615383,8.076923076923077,185.5376869086945,399.1104077818038,2063395.6849821042,2249256.851633742,48976.613203328896,fatigue
9.384615384615383,8.307692307692308,179.02596904372825,384.4228386063238,2320844.37050944,2660369.4187283437,56398.16201443191,fatigue
9.384615384615383,8.538461538461538,172.81017513163695,370.5355906497447,2607066.3477068217,3136758.320409283,64844.363057579605,fatigue
9.384615384615383,8.76923076923077,166.8754930044413,357.39103393636645,2924817.4375279816,3687300.3722478664,74440.32218728788,fatigue
9.384615384615383,9.0,161.20775013780735,344.93639363430856,3277069.3460248685,4321903.50170877,85324.25129131856,fatigue
9.384615384615383,9.23076923076923,155.7934103570388,333.12330717954933,3667023.1173978145,5051611.919938269,97648.61898681808,fatigue
9.384615384615383,9.461538461538462,150.6195656104352,321.90742530929174,4098123.35858618,5888721.142591749,111581.3883143464,fatigue
9.384615384615383,9.692307692307693,145.67392406609105,311.24805211719587,4574073.2724462645,6846903.61680084,127307.34733925946,fatigue
9.384615384615383,9.923076923076923,140.94479543531395,301.1078197912039,5098850.534632116,7941345.731880889,145029.53881030108,fatigue
9.384615384615383,10.153846153846153,136.42107419129587,291.45239421455153,5676724.046971564,9188897.010319564,164970.7952447426,fatigue
9.384615384615383,10.384615384615385,132.09222119459707,282.2502080869524,6312271.597525578,10608232.293206748,187375.38600836284,fatigue
9.384615384615383,10.615384615384617,127.94824413024921,273.47221864874047,7010398.454731766,12220027.750714341,212510.7831377195,fatigue
9.384615384615383,10.846153846153847,123.97967708685336,265.09168746455026,7776356.920157911,14047151.563531375,240669.5528129258,fatigue
9.384615384615383,11.076923076923077,120.17755955425726,257.0839800467597,8615766.861497253,16114870.135233626,272171.3795326566,fatigue
9.384615384615383,11.307692307692308,116.53341507559878,249.4263833764974,9534637.244592514,18451070.708223667,307365.23017109087,fatigue
9.384615384615383,11.538461538461538,113.0392297569391,242.09793961643575,10539388.680518672,21086501.26686042,346631.6652100668,fatigue
9.384615384615383,11.76923076923077,109.68743081035838,235.0792945101891,11636877.001119738,24055028.620383773,390385.30454018275,fatigue
9.384615384615383,12.0,106.47086528246457,228.35255913318173,12834417.873897431,27393915.56483569,439077.4553127629,fatigue
9.923076923076923,3.0,423.98629185655875,1117.5041553707563,135949.57666332505,22393.461043585434,1873.0232126144638,rutting
9.923076923076923,3.230769230769231,411.39126807106175,1053.6013889552794,150134.06742503142,29148.130275354317,2109.9143650230685,rutting
9.923076923076923,3.4615384615384617,397.766560613796,994.2308220332843,167732.04698426902,37790.47547036825,2410.066270569089,rutting
9.923076923076923,3.6923076923076925,383.6768667384984,939.138348943557,188869.5065681251,48777.815228443826,2778.9705413732922,rutting
9.923076923076923,3.9230769230769234,369.4963686002435,888.0444989005925,213790.1045664644,62659.99741913751,3224.592561603944,rutting
9.923076923076923,4.153846153846154,355.46927583682606,840.6625820544402,242830.41019207225,80094.22854835406,3757.1057256598824,rutting
9.923076923076923,4.384615384615385,341.75159212734616,796.7102573007929,276408.4244771817,101861.6536312897,4388.855262987662,rutting
9.923076923076923,4.615384615384615,328.4397481234707,755.9165846615336,315019.13967492233,128885.81391411506,5134.451519466382,rutting
9.923076923076923,4.846153846153847,315.59013416357743,718.0260259267008,359234.0671587093,162253.11295877592,6010.944894060094,rutting
9.923076923076923,5.076923076923077,303.23237241069165,682.8004156424137,409703.1506769872,203235.4262054063,7038.058829826842,rutting
9.923076923076923,5.307692307692308,291.37830619825274,650.0196082251283,467158.2162239202,253314.99622572775,8238.469115850306,rutting
9.923076923076923,5.538461538461538,280.0280728000013,619.4812842922006,532417.488121478,314211.76664830756,9638.123851870441,rutting
9.923076923076923,5.769230769230769,269.17419722405367,591.0002441830527,606390.9029658032,387913.32326829527,11266.601694985033,rutting
9.923076923076923,6.0,258.8043470922331,564.4074093209434,690086.0648031431,476707.63200843055,13157.507835596261,rutting
9.923076923076923,6.230769230769231,248.90318368418383,539.548678124474,784614.749089422,583218.7906625462,15348.908227608357,rutting
9.923076923076923,6.461538461538462,239.4536038725072,516.2837323887985,891199.9016737922,710446.0447681415,17883.803282705787,rutting
9.923076923076923,6.6923076923076925,230.43757204761968,494.4848552687417,1011183.1038012464,861806.3570946346,20810.642720615502,rutting
9.923076923076923,6.923076923076923,221.83667623451328,474.0357982603102,1146032.4911074198,1041180.8642497396,24183.883649772284,rutting
9.923076923076923,7.153846153846154,213.63249870123042,454.8307184847172,1297351.1270615854,1252965.6016177132,28064.594291770027,rutting
9.923076923076923,7.384615384615385,205.80686173332234,436.77319678433525,1466885.8410382627,1502126.9278643893,32521.10608805285,fatigue
9.923076923076923,7.615384615384616,198.34198929707168,419.7753400245091,1656536.5490660458,1794262.1311231204,37629.71725306143,fatigue
9.923076923076923,7.846153846153847,191.22061189998618,403.75696643617425,1868366.0817684957,2135665.749329983,43475.451170288856,fatigue
9.923076923076923,8.076923076923077,184.42603295117505,388.64487004747775,2104610.549296618,2533402.1857982744,50152.873367062435,fatigue
9.923076923076923,8.307692307692308,177.94216888647287,374.3721586855015,2367690.27726246,2995385.247069151,57766.9711480988,fatigue
9.923076923076923,8.538461538461538,171.7535712815241,360.8776592906057,2660221.3508748617,3530465.2726983665,66434.1003131149,fatigue
9.923076923076923,8.76923076923077,165.84543647526377,348.1053840972375,2985027.8066974184,4148524.5656019216,76283.00372558554,fatigue
9.923076923076923,9.0,160.2036064252041,336.00405139839665,3345154.5127439224,4860581.866826851,87455.9068335628,fatigue
9.923076923076923,9.23076923076923,154.8145633176966,324.52665498645365,3743880.7780634244,5678906.650304586,100109.69556522646,fatigue
9.923076923076923,9.461538461538462,149.66541966113616,313.6300768528834,4184734.7326239785,6617144.0416254,114417.18232798933,fatigue
9.923076923076923,9.692307692307693,144.74390506351517,303.2747382671628,4671508.517276214,7690451.190566735,130568.46612789568,fatigue
9.923076923076923,9.923076923076923,140.03835054756192,293.4242848963034,5208274.321966753,8915645.950479366,148772.3930938181,fatigue
9.923076923076923,10.153846153846153,135.5376710262751,284.04530214349114,5799401.308289664,10311368.739117835,169258.1239376983,fatigue
9.923076923076923,10.384615384615385,131.23134640850054,275.10705736112055,6449573.450018283,11898258.475436943,192276.81510746738,fatigue
9.923076923076923,10.615384615384617,127.10940170124196,266.5812660220337,7163808.322556361,13699143.505538998,218103.4205937822,fatigue
9.923076923076923,10.846153846153847,123.16238640475856,258.4418793108813,7947476.869386094,15739248.448446218,247038.62153633145,fatigue
9.923076923076923,11.076923076923077,119.381353446461,250.6648909261969,8806324.170651715,18046417.90872896,279410.8909412834,fatigue
9.923076923076923,11.307692307692308,115.75783786251326,243.2281611666226,9746491.236079339,20651358.018094853,315578.70097012655,fatigue
9.923076923076923,11.538461538461538,112.28383540704712,236.1112566161382,10774537.841549156,23587896.781645905,355932.88039298943,fatigue
9.923076923076923,11.76923076923077,108.9517812449447,229.29530394822396,11897466.42584893,26893264.21632197,400899.1299179389,fatigue
9.923076923076923,12.0,105.75452886339052,222.76285654263808,13122747.061478302,30608393.27870103,450940.7032129956,fatigue
10.461538461538462,3.0,422.64532844737033,1087.996318694138,137374.27951720165,25243.621838744126,1896.6021626714087,rutting
10.461538461538462,3.230769230769231,409.9883638445464,1025.7955481853674,151831.3927642967,32855.902812793414,2138.5707338350526,rutting
10.461538461538462,3.4615384615384617,396.32313549380405,968.0114991538435,169750.8766658904,42593.72077259421,2444.917219085327,rutting
10.461538461538462,3.6923076923076925,382.2097850074909,914.3957723948071,191265.85930283027,54971.146582832116,2821.335122342251,rutting
10.461538461538462,3.9230769230769234,368.0188803505588,864.6753181980953,216627.7983540336,70605.98092521988,3276.021560029615,rutting
10.461538461538462,4.153846153846154,353.99175549936075,818.5701631993826,246181.96620783108,90236.31249933108,3819.418183751078,rutting
10.461538461538462,4.384615384615385,340.2821204354641,775.8046958661249,280356.1619296298,114739.02063819664,4464.181621937299,rutting
10.461538461538462,4.615384615384615,326.98457251661915,736.1145357532905,319656.4430773604,145150.36223777075,5225.283801654672,rutting
10.461538461538462,4.846153846153847,314.1540343950455,699.2504214405473,364666.82126383594,182688.78554138239,6120.1945790452755,rutting
10.461538461538462,5.076923076923077,301.81895198792273,664.9801178401319,416051.34495595726,228780.1171078097,7169.123213427663,rutting
10.461538461538462,5.307692307692308,289.99022563353475,633.0890330270207,474557.724225026,285085.2743759924,8395.307041104557,rutting
10.461538461538462,5.538461538461538,278.6672370803187,603.3800164197759,541022.0288175247,353530.66593490663,9825.341782150095,rutting
10.461538461538462,5.769230769230769,267.8419071460036,575.6726582785578,616374.1918811143,436341.4562051577,11489.551167616353,rutting
10.461538461538462,6.0,257.50142195803664,549.8023055656621,701644.1625647458,536077.891820814,13422.39538887692,rutting
10.461538461538462,6.230769230769231,247.6300611790115,525.6189370363045,797968.614233558,655674.9142791892,15662.918933981166,rutting
10.461538461538462,6.461538461538462,238.21042163915124,502.98599092238936,906598.1531959849,798485.3176406001,18255.239045196195,rutting
10.461538461538462,6.6923076923076925,229.22423446412168,481.77920470843935,1028904.9972053614,968326.7509301335,21249.076498455062,rutting
10.461538461538462,6.923076923076923,220.65290912285556,461.8855034165824,1166391.1097311256,1169532.911644885,24700.330773353104,fatigue
10.461538461538462,7.153846153846154,212.4778941017688,443.2019571747425,1320696.788379365,1407009.3282186713,28671.702008599328,fatigue
10.461538461538462,7.384615384615385,204.6809144304589,425.63481834489335,1493609.715611327,1686294.1839733205,33233.36245293975,fatigue
10.461538461538462,7.615384615384616,197.2441264440332,409.0986415584817,1687074.487954123,2013624.6913861204,38463.6804408188,fatigue
10.461538461538462,7.846153846153847,190.15021683776496,393.51548555285103,1903202.6466590168,2396009.581839834,44450.00025175248,fatigue
10.461538461538462,8.076923076923077,183.38246412711098,378.81419296633044,2144283.2384405653,2841308.330953923,51289.48155354518,fatigue
10.461538461538462,8.307692307692308,176.9247746345358,364.9297426973058,2412793.9396084864,3358317.7919388018,59090.002479964816,fatigue
10.461538461538462,8.538461538461538,170.76170111588306,351.8026686871384,2711412.780615861,3956866.9582981123,67971.13074937902,fatigue
10.461538461538462,8.76923076923077,164.87844946132077,339.37853878014124,3043030.5108125713,4647920.622098194,78065.16758743221,fatigue
10.461538461538462,9.0,159.26087712073144,327.60748745505583,3410763.645037042,5443692.734729529,89518.26956913994,fatigue
10.461538461538462,9.23076923076923,153.89548571604166,316.4437965763172,3817968.23464525,6357770.3136787955,102491.65383912176,fatigue
10.461538461538462,9.461538461538462,148.76940951529966,305.8455187845873,4268254.405722581,7405248.771623676,117162.89249888956,fatigue
10.461538461538462,9.692307692307693,143.87040092216185,295.77413866924803,4765501.706630321,8602879.573592097,133727.30226377753,fatigue
10.461538461538462,9.923076923076923,139.18681379042087,286.19426739665846,5313875.305796247,9969231.154524323,152399.4357866712,fatigue
10.461538461538462,10.153846153846153,134.70758514629904,277.07336697902895,5917843.078869248,11524864.053852215,173414.68131947587,fatigue
10.461538461538462,10.384615384615385,130.42221575124353,268.38150084294307,6582193.622129335,13292521.246134738,197030.9776354646,fatigue
10.461538461538462,10.615384615384617,126.32074983809635,260.09110778519903,7312055.226481167,15297334.667732144,223530.6513661239,fatigue
10.461538461538462,10.846153846153847,122.39375428594764,252.1767967836477,8112915.843566188,17567048.95919958,253222.38411551042,fatigue
10.461538461538462,11.076923076923077,118.63229745201946,244.61516046252646,8990644.072593966,20132263.46165619,286443.31690430484,fatigue
10.461538461538462,11.307692307692308,115.02792784488595,237.38460529833014,9951511.193505568,23026693.522791594,323561.29966624914,fatigue
10.461538461538462,11.538461538461538,111.57265279734952,230.4651968975378,11002214.269102063,26287452.184267633,364977.2936727183,fatigue
10.461538461538462,11.76923076923077,108.25891727624132,223.8385188862201,12149900.335859094,29955353.336801823,411127.93489849457,fatigue
10.461538461538462,12.0,105.07958294842545,217.4875441285371,13402191.700340187,34075237.44180524,462488.26646463695,fatigue
11.0,3.0,421.3740513480099,1060.1930457681246,138742.972375035,28345.506708465527,1919.300257183252,rutting
11.0,3.230769230769231,408.6595848109858,999.599111867703,153462.18030098558,36890.30696737637,2166.1641556968457,rutting
11.0,3.4615384615384617,394.95698783099084,943.3124846602269,171690.90328485335,47818.90304751802,2478.4860040805556,rutting
11.0,3.6923076923076925,380.8221041992038,891.0902069212573,193569.12806643007,61706.84346613304,2862.1542846550597,rutting
11.0,3.9230769230769234,366.6220944631206,842.6653494838621,219355.81865965444,79245.4995246583,3325.5901031094218,rutting
11.0,4.153846153846154,352.59558349665514,797.7643363133609,249404.62963960052,101260.48168543218,3879.494507186955,rutting
11.0,4.384615384615385,338.89412219607436,756.1179600910849,284152.80009306915,128732.20795900887,4536.825300552174,rutting
11.0,4.615384615384615,325.61058366705987,717.4680768981049,324117.05075573205,162818.7778289737,5312.904168075541,rutting
11.0,4.846153846153847,312.7985113052392,681.5713871299516,369893.44106952875,204881.3073972327,6225.606756561983,rutting
11.0,5.076923076923077,300.4852464818889,648.2012827492108,422159.61591004353,256511.88440731843,7295.612376984543,rutting
11.0,5.307692307692308,288.68080457381353,617.1484360301321,481678.6000592883,319564.30681309296,8546.701783519671,rutting
11.0,5.538461538461538,277.38385861017485,588.2205908324397,549303.673619186,396187.77705573227,10006.09754680248,rutting
11.0,5.769230769230769,266.58576275934706,561.2418686996806,625984.0615117726,488863.7376784945,11704.844781614582,rutting
11.0,6.0,256.27325153041744,536.0517994523016,712771.2803057946,600446.053660392,13678.231791528695,rutting
11.0,6.230769230769231,246.43024650258664,512.5042154493966,810826.0484729368,734204.7738419381,15966.251242621433,rutting
11.0,6.461538461538462,237.0390627634839,490.4661004123197,921425.703790259,893873.7385106612,18614.103132792145,rutting
11.0,6.6923076923076925,228.08121218004234,469.81645072310243,1045972.0955470062,1083702.3425086155,21672.741274352928,fatigue
11.0,6.923076923076923,219.53793618161157,450.4451846559809,1185999.935652947,1308511.8124532062,25199.465360453672,fatigue
11.0,7.153846153846154,211.39055719096572,432.25211979303566,1343185.6049715634,1573756.411670523,29258.56099847468,fatigue
11.0,7.384615384615385,203.6207084949455,415.14602866945256,1519356.4209471035,1885590.0456994316,33921.99039712069,fatigue
11.0,7.615384615384616,196.21048261351729,399.04377594935664,1716500.3807470887,2250938.8029988324,39270.13670465398,fatigue
11.0,7.846153846153847,189.14252497863578,383.8695360883284,1936776.4011284506,2677580.0279916776,45392.605320424875,fatigue
11.0,8.076923076923077,182.40009085335504,369.5540877568874,2182525.0822422537,3174228.5851336396,52389.08584205339,fatigue
11.0,8.307692307692308,175.9670774755173,356.0341797654016,2456280.027683594,3750631.03185846,60370.278664408004,fatigue
11.0,8.538461538461538,169.8280394344045,343.2519624815271,2760779.757280478,4417668.473911347,69458.89061006445,fatigue
11.0,8.76923076923077,163.96819263409517,331.1544785084938,3098980.252396395,5187468.927982716,79790.70433937164,fatigue
11.0,9.0,158.3734104280569,319.6932065122824,3474068.17589764,6073530.063327687,91515.72665631496,fatigue
11.0,9.23076923076923,153.03021433298218,308.8236524175037,3889474.810429773,7090853.236149675,104799.42118893415,fatigue
11.0,9.461538461538462,147.9257609495937,298.5049826429874,4348890.759295932,8256089.768193321,119824.03127531568,fatigue
11.0,9.692307692307693,143.0478262021355,288.6996945548916,4856281.454096406,9587700.454656735,136789.99922415012,fatigue
11.0,9.923076923076923,138.384787668037,279.3733198339194,5415903.512449164,11106129.316767504,155917.4884391608,fatigue
11.0,10.153846153846153,133.92560554533318,270.4941569558339,6032321.9876608495,12833992.641766798,177448.01519712745,fatigue
11.0,10.384615384615385,129.6598026581057,262.03302945369387,6710428.550253658,14796284.378178865,201646.19714811997,fatigue
11.0,10.615384615384617,125.57744380284865,253.96306705667754,7455460.638884142,17020598.977613248,228801.62586341138,fatigue
11.0,10.846153846153847,121.66911467360109,246.25950718034326,8273021.615516417,19537372.796294864,259230.8709913529,fatigue
11.0,11.076923076923077,117.9259005592359,238.8995145763909,9169101.956832716,22380145.19030319,293279.62379495165,fatigue
11.0,11.307692307692308,114.33936497480094,231.86201723885026,10150101.510868851,25585840.458165176,331324.9880381356,fatigue
11.0,11.538461538461538,110.9015283653373,225.12755691164952,11222852.84482839,29195071.802938513,373777.9263621265,fatigue
11.0,11.76923076923077,107.60484700203558,218.67815275406437,12394645.70701881,33252468.503037952,421085.8704503702,fatigue
11.0,12.0,104.44219217497935,212.49717690017576,13673252.62292134,37807027.49647152,473735.5034218175,fatigue
11.538461538461538,3.0,420.166579825698,1033.9330917987813,140059.47991071612,31713.926679053213,1941.1752230539323,rutting
11.538461538461538,3.230769230769231,407.3985472014367,974.8593301953222,155031.014378895,41270.48091306996,2192.764717414373,rutting
11.538461538461538,3.4615384615384617,393.6613551847297,919.9890252093019,173557.58742572134,53490.63366654561,2510.857430158952,rutting
11.538461538461538,3.6923076923076925,379.50678417753807,869.0844161813731,195785.78878937964,69016.39095130218,2901.5304081558197,rutting
11.538461538461538,3.9230769230769234,365.29877513036365,821.8844157200575,221981.81866512453,88618.61196354483,3373.421545871034,rutting
11.538461538461538,4.153846153846154,351.27339493679074,778.121549505558,252507.41726376404,113217.41878543507,3937.4830381771426,rutting
11.538461538461538,4.384615384615385,337.58015740782525,737.5327136540703,287808.9325773185,143904.97985750315,4606.964341145288,rutting
11.538461538461538,4.615384615384615,324.3103101238481,699.8657028076999,328413.3762877537,181970.83547635525,5397.525879979867,rutting
11.538461538461538,4.846153846153847,311.516097225468,664.8828892644356,374928.4365207667,228929.93529878464,6327.436350825407,rutting
11.538461538461538,5.076923076923077,299.2238203728144,632.3630134523129,428044.8831163612,286553.56001011655,7417.83040881009,rutting
11.538461538461538,5.307692307692308,287.4426624509948,602.1017465082274,488540.5267650586,356903.3032080768,8693.015296263924,rutting
11.538461538461538,5.538461538461538,276.17063009802365,573.9114756586189,557285.2670751491,442368.2967389485,10180.821014656156,rutting
11.538461538461538,5.769230769230769,265.398544801035,547.6206173508489,635246.9636470604,545705.8748772403,11912.991877153308,rutting
11.538461538461538,6.0,255.11271650385504,523.0726626540694,723497.9735742154,670085.8914147578,13925.619070587243,rutting
11.538461538461538,6.230769230769231,245.29673002849592,500.1250905555683,823222.261010334,819138.9301334013,16259.614892842665,rutting
11.538461538461538,6.461538461538462,235.9326353101612,478.64823766452486,935723.0215073787,997008.6839874687,18961.229972038072,fatigue
11.538461538461538,6.6923076923076925,227.00173764840997,458.5241806978385,1062430.7873230716,1208408.8217202905,22082.615209961572,fatigue
11.538461538461538,6.923076923076923,218.4851199403816,439.64566626939666,1204911.9960033065,1458684.7120641063,25682.430529981466,fatigue
11.538461538461538,7.153846153846154,210.36398548293613,421.9151077171452,1364878.0165615494,1753880.4340251428,29826.502807886012,fatigue
11.538461538461538,7.384615384615385,202.61988071729914,405.2436587812841,1544194.637240685,2100811.565483459,34588.53565505371,fatigue
11.538461538461538,7.615384615384616,195.2348376592912,389.550367386012,1744892.0270377034,2507144.30958835,40050.8740238603,fatigue
11.538461538461538,7.846153846153847,188.19146258996363,374.76140854220523,1969175.19031866,2981481.5872349693,46305.32692289639,fatigue
11.538461538461538,8.076923076923077,181.47298876058954,360.8093927642009,2219434.9401242514,3533456.792352635,53454.05186637322,fatigue
11.538461538461538,8.307692307692308,175.06330496449863,347.6327448819493,2498259.4212140325,4173835.9731147806,61610.5050365203,fatigue
11.538461538461538,8.538461538461538,168.94696788474894,335.1751473796707,2808446.2185123414,4914629.265110818,70900.46150616834,fatigue
11.538461538461538,8.76923076923077,163.10920349504008,323.3850421553899,3153015.090378168,5769212.461001794,81463.11024620663,fatigue
11.538461538461538,9.0,157.53590103806258,312.2151846952383,3535221.3690055315,6752459.654634932,93452.22902374818,fatigue
11.538461538461538,9.23076923076923,152.21360193986646,301.6222449662888,3958570.072270271,7880887.945812688,107037.44467615518,fatigue
11.538461538461538,9.461538461538462,147.12948524590752,291.5664497623816,4426830.772492206,9172815.235052349,122405.5846183002,fatigue
11.538461538461538,9.692307692307693,142.27135065344132,282.01126172660264,4944053.267922023,10648532.176123142,139762.12580093057,fatigue
11.538461538461538,9.923076923076923,137.62759987822614,272.92309077890206,5514584.102353429,12330489.3884992,159332.74768285506,fatigue
11.538461538461538,10.153846153846153,133.18721687229112,264.2710341697155,6143083.97718247,14243501.062775217,181364.99610581188,fatigue
11.538461538461538,10.384615384615385,128.93974726443858,256.0266418428141,6834546.098581238,16414966.120229792,206130.06526618943,fatigue
11.538461538461538,10.615384615384617,124.87527729986196,248.16370421308164,7594315.500321689,18875108.113704327,233924.70526097226,fatigue
11.538461538461538,10.846153846153847,120.98441249222141,240.65805984314136,8428109.380280651,21657235.081278384,265073.26294596423,fatigue
11.538461538461538,11.076923076923077,117.2582561591165,233.48742083592938,9342038.485879106,24798020.587235857,299929.8640827261,fatigue
11.538461538461538,11.307692307692308,113.68838798249604,226.6312140502231,10342629.580751326,28337807.206704903,338880.74496755435,fatigue
11.538461538461538,11.538461538461538,110.26684271418391,220.07043649590864,11436849.021889478,32320933.7311544,382346.7419325057,fatigue
11.538461538461538,11.76923076923077,106.98608913023328,213.7875234793627,12632127.473437512,36796087.39153044,430785.9472863064,fatigue
11.538461538461538,12.0,103.83900932427113,207.76622825105204,13936385.780275634,41816682.41392371,484696.5404235506,fatigue
12.076923076923077,3.0,419.01773971649425,1009.0768211825217,141327.2223060931,35364.202754241145,1962.2788192366907,rutting
12.076923076923077,3.230769230769231,406.19964987247334,951.443993764929,156541.98710516636,46016.219474777026,2218.4351561650246,rutting
12.076923076923077,3.4615384615384617,392.4303171312604,897.9158961810073,175355.79699325116,59634.36525366713,2542.1073204800773,rutting
12.076923076923077,3.6923076923076925,378.25767250992897,848.2597359982024,197921.608669381,76932.34605178349,2939.554948587442,rutting
12.076923076923077,3.9230769230769234,364.0426086446605,802.2200083338658,224512.60831018744,98766.73526504374,3419.626001768764,rutting
12.076923076923077,4.153846153846154,350.0187721124275,759.5350660131926,255498.34667413315,126159.51789144905,3993.5161142664197,rutting
12.076923076923077,4.384615384615385,336.33375065098727,719.947629711399,291333.97323458164,160323.2448865958,4674.757492838656,rutting
12.076923076923077,4.615384615384615,323.0772560590049,683.2111569091263,332556.44480325386,202688.98181672065,5479.339001218301,rutting
12.076923076923077,4.846153846153847,310.30030588411864,649.0934240863097,379784.6885366774,254937.23728301487,6425.910467220021,rutting
12.076923076923077,5.076923076923077,298.0282209295395,617.378263400678,433722.1606106296,319032.0579993174,7536.048126601124,rutting
12.076923076923077,5.307692307692308,286.26939920865254,587.8661007932743,495160.96509947313,397258.4801570009,8834.569855315263,rutting
12.076923076923077,5.538461538461538,275.021219390656,560.3737363088145,564987.0700311925,492263.5324940605,10349.894881216229,rutting
12.076923076923077,5.769230769230769,264.2740011319012,534.7336645447127,644186.3557306116,607100.9971628519,12114.445891984942,rutting
12.076923076923077,6.0,254.01365440182954,510.7931348126163,733851.3391979709,745280.1518551775,14165.093239024078,fatigue
12.076923076923077,6.230769230769231,244.22344666990804,488.41308323346044,835188.4798675125,910818.7421780723,16543.641963161255,fatigue
12.076923076923077,6.461538461538462,234.88517782791163,467.4670229847482,949526.0086071305,1108300.4679572291,19297.362995242525,fatigue
12.076923076923077,6.6923076923076925,225.97995817070728,447.8399475852927,1078322.2448526674,1342937.3113176085,22479.570306312493,fatigue
12.076923076923077,6.923076923076923,217.48872071763523,429.42728082452436,1223174.38251435,1620637.0877054022,26150.246104837133,fatigue
12.076923076923077,7.153846153846154,209.39255593370572,412.13389256080336,1385827.737058069,1948076.6624698427,30376.716461995733,fatigue
12.076923076923077,7.384615384615385,201.67292782075677,395.87318996840474,1568185.4556936328,2332781.3436657744,35234.380023543534,fatigue
12.076923076923077,7.615384615384616,194.31181081612243,380.56628743269283,1772318.7007821742,2783211.034429156,40807.492755774765,fatigue
12.076923076923077,7.846153846153847,187.29177384430335,366.1412541684248,2000477.3238216562,3308853.803478449,47190.01198199842,fatigue
12.076923076923077,8.076923076923077,180.59602910453853,352.53243607190177,2255101.053848686,3920327.607859225,54486.50329725563,fatigue
12.076923076923077,8.307692307692308,174.20845731942563,339.67984683082494,2538831.229842558,4629490.976002939,62813.11430168268,fatigue
12.076923076923077,8.538461538461538,168.11361725829767,327.52862256778513,2854523.111710331,5449563.529844394,72298.61946358038,fatigue
12.076923076923077,8.76923076923077,162.29674474043654,316.02853404498484,3205258.808628396,6395257.290865873,83085.54080713895,fatigue
12.076923076923077,9.0,156.74374458604038,305.13355053865286,3594360.866878315,7482919.7756913565,95331.34951137607,fatigue
12.076923076923077,9.23076923076923,151.44117782823918,294.80144978040624,4025406.561821292,8730689.941844678,109209.75390043181,fatigue
12.076923076923077,9.461538461538462,146.37624573391062,284.99346877295534,4502242.940306797,10158668.09353857,124912.07969530094,fatigue
12.076923076923077,9.692307692307693,141.53677167500246,275.6739907585612,5029002.660632207,11789100.90119638,142648.74877824428,fatigue
12.076923076923077,9.923076923076923,136.9111815587577,266.8102641085011,5610120.677206709,13646582.727406595,162650.86308891326,fatigue
12.076923076923077,10.153846153846153,132.48848330646405,258.37214938258785,6250351.816394971,15758274.486881936,185171.9006220892,fatigue
12.076923076923077,10.384615384615385,128.2582457272169,250.33189126187503,6954789.288702525,18154141.299484767,210489.5308279295,fatigue
12.076923076923077,10.615384615384617,124.21057703960179,242.66391247466007,7728884.180613003,20867210.22424298,238907.55702498366,fatigue
12.076923076923077,10.846153846153847,120.33610323281864,235.3446272110309,8578465.967093896,23933849.38910379,270757.9937228816,fatigue
12.076923076923077,11.076923076923077,116.6259464180323,228.35227185301272,9509764.083155246,27394069.85650151,306403.2870153485,fatigue
12.076923076923077,11.307692307692308,113.07170329304823,221.66675113727524,10529430.589970151,31291851.588917457,346238.6864454464,fatigue
12.076923076923077,11.538461538461538,109.6654238238111,215.26949811794879,11644563.968039159,35675494.901667625,390694.77696467226,fatigue
12.076923076923077,11.76923076923077,106.39959023152733,209.14334651201827,12862734.066782521,40597998.812133946,440240.17980705516,fatigue
12.076923076923077,12.0,103.26709636242228,203.27241419302013,14192008.236843549,46117467.71535017,495384.4312801886,fatigue
12.615384615384615,3.0,417.9229524995902,985.502476169399,142549.27496140092,39312.17204046593,1982.6577112059695,rutting
12.615384615384615,3.230769230769231,405.0579492297394,929.2378768133707,157998.77210866896,51147.98191009628,2243.2319524934837,rutting
12.615384615384615,3.4615384615384617,391.2586588759256,876.984011046963,177089.89695791862,66276.40149835791,2572.303866231953,rutting
12.615384615384615,3.6923076923076925,377.06935912847166,828.5128417124604,199981.75433955537,85488.3499960956,2976.3100915611226,rutting
12.615384615384615,3.9230769230769234,362.8480510771545,783.5742047367812,226954.28378848417,109732.6599522917,3464.302359465969,rutting
12.615384615384615,4.153846153846154,348.8260868453181,741.9120244345887,258384.59048645198,140140.903220801,4047.7125173523227,rutting
12.615384615384615,4.384615384615385,335.14922948245317,703.2745867889735,294736.33894917474,178055.07867974177,4740.347174437724,rutting
12.615384615384615,4.615384615384615,321.90573688254256,667.420756260162,336556.1087553126,225058.36284055593,5558.5139699893225,rutting
12.615384615384615,4.846153846153847,309.14546623593765,634.1234655479577,384473.70269870263,283009.1255437667,6521.232682495817,rutting
12.615384615384615,5.076923076923077,296.8928111053152,603.1714012060689,439204.853977804,354078.4136210565,7650.508211213667,rutting
12.615384615384615,5.307692307692308,285.1554280021446,574.3695187798685,501555.50006310357,440791.107003354,8971.654178210476,rutting
12.615384615384615,5.538461538461538,273.9301026234324,547.5388187556232,572427.1621446469,546070.9560597809,10513.661930337721,rutting
12.615384615384615,5.769230769230769,263.20668090862233,522.5156744974973,652823.1664020445,673289.7180039773,12309.61294029954,fatigue
12.615384615384615,6.0,252.9706952817027,499.15090702955655,743855.5513075677,826320.6260373777,14397.134381482752,fatigue
12.615384615384615,6.230769230769231,243.20511357836344,477.3087356179169,846752.5661707835,1009596.4492779201,16818.898667442965,fatigue
12.615384615384615,6.461538461538462,233.89149946020686,456.86568816562004,962866.702108493,1228172.4357138767,19623.168362072494,fatigue
12.615384615384615,6.6923076923076925,225.0107787990829,437.7095248654485,1093683.219185866,1487794.475029441,22864.388274333825,fatigue
12.615384615384615,6.923076923076923,216.54374265856774,419.7382078271835,1240829.1488336776,1794972.8730317191,26603.82685953989,fatigue
12.615384615384615,7.153846153846154,208.47137442459413,402.85893540126955,1406082.762126117,2157062.1936926106,30910.269317996557,fatigue
12.615384615384615,7.384615384615385,200.7750596661728,386.9872505433223,1591383.5038552273,2582347.6969890753,35860.76504530617,fatigue
12.615384615384615,7.615384615384616,193.4367178680529,372.04622636085514,1798842.400451926,3080138.978777165,41541.43236520325,fatigue
12.615384615384615,7.846153846153847,186.4388821583155,357.96572796917866,2030752.9570953,3660871.500582823,48048.32377449944,fatigue
12.615384615384615,8.076923076923077,179.76474444773547,344.68174728097233,2289602.565981011,4336216.780063563,55488.35525375218,fatigue
12.615384615384615,8.307692307692308,173.39817758265528,332.1358058948688,2578084.4537129714,5119202.094746071,63980.3035460892,fatigue
12.615384615384615,8.538461538461538,167.3237422332388,320.274420505472,2899110.201103296,6024340.630506149,73655.87567720587,fatigue
12.615384615384615,8.76923076923077,161.52668365314955,309.04862499972376,3255822.8732567816,7067773.080571266,84660.85537735689,fatigue
12.615384615384615,9.0,155.99292172561022,298.41354346859623,3651610.8016215824,8267421.769499059,97156.33146570563,fatigue
12.615384615384615,9.23076923076923,150.7090365672235,288.3280086318096,4090122.0626683235,9643158.439009568,111320.01366282608,fatigue
12.615384615384615,9.461538461538462,145.66225120283735,278.7542205633516,4575279.699995694,11216986.88857416,127347.64170252491,fatigue
12.615384615384615,9.692307692307693,140.84041232363606,269.6574410581807,5111297.737960067,13013241.713524535,145454.494013937,fatigue
12.615384615384615,9.923076923076923,136.23196981062344,261.0057194547621,5702698.035419039,15058804.42767414,165877.00263396525,fatigue
12.615384615384615,10.153846153846153,131.82595548919082,252.76964619639935,6354328.02791804,17383338.296782177,188874.48138433846,fatigue
12.615384615384615,10.384615384615385,127.61196143904078,244.9221308589969,7071379.405705722,20019543.244455684,214730.97470339746,fatigue
12.615384615384615,10.615384615384617,123.58011809160617,237.43820178327817,7859407.77342341,23003432.22412989,243757.23485769477,fatigue
12.615384615384615,10.846153846153847,119.72107228706425,230.29482482031545,8724353.33527096,26374630.480334353,276292.83557101025,fatigue
12.615384615384615,11.076923076923077,116.02596542366602,223.4707390286711,9672562.647004256,30176699.15020096,312708.43039768154,fatigue
12.615384615384615,11.307692307692308,112.4864118058125,216.94630745034482,10710811.473366914,34457484.68254217,353408.1644332235,fatigue
12.615384615384615,11.538461538461538,109.09447727916094,210.70338134333684,11846328.78659547,39269495.577105716,398832.2481987203,fatigue
12.615384615384615,11.76923076923077,105.84265822784204,204.72517646420283,13086821.938547267,44670307.97090232,449459.7027574031,fatigue
12.615384615384615,12.0,102.72386099857131,198.9961601782443,14440503.035864878,50723001.62167195,505811.28532376967,fatigue
13.153846153846153,3.0,416.8781457733174,963.1032243980881,143728.41695992352,43574.19381705819,2002.3541807267436,rutting
13.153846153846153,3.230769230769231,403.96905864503026,908.1399244293342,159404.68424063548,56686.899640632364,2267.2062150262664,rutting
13.153846153846153,3.4615384615384617,390.1417618683314,857.0977413351466,178763.82185988053,73443.90693350795,2601.5087169554104,rutting
13.153846153846153,3.6923076923076925,375.9370600144171,809.753194211066,201970.87913839193,94719.14050034853,3011.870087200119,rutting
13.153846153846153,3.9230769230769234,361.71020658770067,765.861233993612,229312.33192352758,121560.56532869181,3507.539908803068,rutting
13.153846153846153,4.153846153846154,347.69037471918193,725.1711179116289,261172.60054639517,155217.44798355686,4100.179447001114,rutting
13.153846153846153,4.384615384615385,334.02159567674397,687.4364556739081,298023.5968099026,197170.7470506495,4803.861861105251,rutting
13.153846153846153,4.615384615384615,320.7907484029798,652.4212806883916,340421.22161983815,249166.85193223375,5635.204475945084,rutting
13.153846153846153,4.846153846153847,308.04659031180734,619.903451591093,389005.81349279266,313254.8901813956,6613.586501526503,rutting
13.153846153846153,5.076923076923077,295.81263673192933,589.6762893106935,444504.9996204573,391827.8235717124,7761.429345425683,rutting
13.153846153846153,5.307692307692308,284.0958422999624,561.5490705888353,507738.12015121704,487667.5535523682,9104.528361080944,rutting
13.153846153846153,5.538461538461538,272.8924317179256,535.3468001331662,579621.7665395004,603994.2595057497,10672.430900200112,fatigue
13.153846153846153,5.769230769230769,262.191802907747,510.90954612508756,661176.1714155629,744520.2005171798,12498.858752772016,fatigue
13.153846153846153,6.0,251.9791312678475,488.0915294123955,753532.2947724314,913508.2254607279,14622.174827569585,fatigue
13.153846153846153,6.230769230769231,242.23710123009812,466.7600922107626,857939.511690649,1115835.2591546993,17085.894933632368,fatigue
13.153846153846153,6.461538461538462,232.947052896547,446.7946282060372,975773.8422670957,1357061.0657170096,19939.2461273015,fatigue
13.153846153846153,6.6923076923076925,224.08973743629488,428.0855261121048,1108546.6865032122,1643502.6349469994,23237.773484292098,fatigue
13.153846153846153,6.923076923076923,215.64581124192478,410.5331585348153,1257914.0418667363,1982314.5936735652,27043.99745022769,fatigue
13.153846153846153,7.153846153846154,207.5961559099934,394.04693436968586,1425686.192407679,2381576.1108291494,31428.12417728724,fatigue
13.153846153846153,7.384615384615385,199.92208225112165,378.5444238415311,1613837.8674460778,2850384.841084632,36468.811503833815,fatigue
13.153846153846153,7.615384615384616,192.60545718534743,363.95055926363665,1824518.8758521872,3398958.53517871,42253.99349731551,fatigue
13.153846153846153,7.846153846153847,185.6287794297924,350.1969106889493,2060065.2292266965,4038745.0331773753,48881.76676814579,fatigue
13.153846153846153,8.076923076923077,178.97522123405497,337.22103318614734,2323010.7740155794,4782541.447225172,56461.34207753531,fatigue
13.153846153846153,8.307692307692308,172.6286476451913,324.96588104425285,2616099.3587811543,5644623.430382517,65114.06510537554,fatigue
13.153846153846153,8.538461538461538,166.57362093526348,313.37928347401794,2942297.568450668,6640885.515611608,74974.51061268526,fatigue
13.153846153846153,8.76923076923077,160.79539526119513,302.41347611007575,3304808.0623055394,7788993.592000649,86191.65462256913,fatigue
13.153846153846153,9.0,155.2799049216378,292.02468266689164,3707083.556686448,9108550.66252679,98930.12964874771,fatigue
13.153846153846153,9.23076923076923,150.0137484430955,282.17274135162575,4152841.4968149615,10621277.098174306,113371.56841560456,fatigue
13.153846153846153,9.461538461538462,144.98416997695358,272.8207710076021,4646079.464735343,12351206.666718775,129716.04193226938,fatigue
13.153846153846153,9.692307692307693,140.1790389929442,263.9348723965538,5191091.3721488835,14324899.671036413,148183.59819957937,fatigue
13.153846153846153,9.923076923076923,135.5868289278245,255.48386048614796,5792484.4878632035,16571674.5818968,169015.90823739354,fatigue
13.153846153846153,10.153846153846153,131.19659523377263,247.43902406460265,6455197.349747017,19123859.59455385,192478.02651581255,fatigue
13.153846153846153,10.384615384615385,126.99795313114326,239.7739094386518,7184518.610527082,22017065.577968027,218860.27325340937,fatigue
13.153846153846153,10.615384615384617,122.98105527933816,232.46412537401338,7986106.865562408,25290481.921098303,248480.24640542959,fatigue
13.153846153846153,10.846153846153847,119.13656952061898,225.48716680314791,8866011.508970186,28987196.813278075,281684.97150293,fatigue
13.153846153846153,11.076923076923077,115.45565681340649,218.82225515124205,9830694.66225281,33154543.526048314,318853.19781866035,fatigue
13.153846153846153,11.307692307692308,111.92994944646142,212.45019341846088,10887054.216982793,37844474.29253222,360397.84962666733,fatigue
13.153846153846153,11.538461538461538,108.55152960838849,206.3532344064048,12042448.030239506,43113963.40795936,406768.64159036765,fatigue
13.153846153846153,11.76923076923077,105.31290837494593,200.5149606923311,13304719.308447568,49025441.2014889,458454.86755894613,fatigue
13.153846153846153,12.0,102.20700516762355,194.9201751394956,14682223.212125532,55647260.5550274,515988.3722756772,fatigue
13.692307692307692,3.0,415.87968027751543,941.7847970085511,144867.17082013746,48167.155548358205,2021.4067081055073,rutting
13.692307692307692,3.230769230769231,402.92906674270813,888.0610036281286,160762.72841174353,62654.78392374171,2290.4044043180625,rutting
13.692307692307692,3.4615384615384617,389.0755151659883,838.172774943467,180381.13501012657,81164.91665918713,2629.7778710071766,rutting
13.692307692307692,3.6923076923076925,374.8565231389057,791.9009999465668,203893.19427161917,104660.56400366253,3046.302338726244,rutting
13.692307692307692,3.9230769230769234,360.6247291864,749.0055332318669,231591.71519361727,134296.03475662365,3549.4196657510447,rutting
13.692307692307692,4.153846153846154,346.6072336954548,709.2407418558287,263868.20903493627,171446.79331163762,4151.014127384405,rutting
13.692307692307692,4.384615384615385,332.9464215566081,672.3653336484837,301202.5838479067,217742.72925746095,4865.4180271179,rutting
13.692307692307692,4.615384615384615,319.727861591803,638.1482890052857,344159.7791757976,275105.07823233394,5709.549801784049,rutting
13.692307692307692,4.846153846153847,306.9992670206068,606.3721781047648,393390.3504222343,345787.2335049767,6703.138170919077,rutting
13.692307692307692,5.076923076923077,294.7833198689902,576.8347517484043,449633.4593927326,432419.6871613564,7869.009583845041,rutting
13.692307692307692,5.307692307692308,283.0863092153087,549.3494144836279,513721.4446060371,538059.3391002067,9233.427901044737,fatigue
13.692307692307692,5.538461538461538,271.90392807071515,523.7449934443481,586585.5141824008,666243.4132239715,10826.48126685567,fatigue
13.692307692307692,5.769230769230769,261.22514989902254,499.8650814456493,669262.300039874,821048.2256268408,12682.51434269899,fatigue
13.692307692307692,6.0,251.03481189900504,477.56714032628037,762901.1188909919,1007153.0617428,14840.605834649445,fatigue
13.692307692307692,6.230769230769231,241.3153300066078,456.72148736145334,868771.8454095277,1229909.4406724635,17345.092249326164,fatigue
13.692307692307692,6.461538461538462,232.0478324206026,437.21024460076933,988273.3378678735,1495416.0771511474,20246.13940620754,fatigue
13.692307692307692,6.6923076923076925,223.21290456479386,418.92630184495295,1122942.3781636534,1810599.8960565552,23600.363617318453,fatigue
13.692307692307692,6.923076923076923,214.79107488480338,401.77232427110175,1274463.102703063,2183303.5113489446,27471.504725641764,fatigue
13.692307692307692,7.153846153846154,206.76312807540492,385.65982244915034,1444676.9114413038,2622379.6503752,31931.153433524916,fatigue
13.692307692307692,7.384615384615385,199.1103035819441,370.5082936208985,1635592.851271526,3137793.084200907,37059.53558723075,fatigue
13.692307692307692,7.615384615384616,191.81441795455248,356.2444372500733,1849398.477807894,3740730.713027601,42946.356333607,fatigue
13.692307692307692,7.846153846153847,184.85793675260564,342.8014440544106,2088471.20684572,4443720.550279987,49691.707340114255,fatigue
13.692307692307692,8.076923076923077,178.2240130978059,330.11835535459164,2355390.173558904,5260760.446834827,57407.04057472023,fatigue
13.692307692307692,8.307692307692308,171.8965042410842,318.13948817735104,2652948.6238267226,6207457.495329159,66216.21247803378,fatigue
13.692307692307692,8.538461538461538,165.8599736899855,306.8139208244629,2984166.8679132415,7301179.150941301,76256.60272443063,fatigue
13.692307692307692,8.76923076923077,160.09968390227732,296.0950333504613,3352305.831970989,8561217.197290342,87680.31215790959,fatigue
13.692307692307692,9.0,154.60158286246423,285.94009742797215,3760881.2474211953,10008965.772445427,100655.44489688879,fatigue
13.692307692307692,9.23076923076923,149.35228673660103,276.30991031230747,4213678.522102382,11668114.749318467,115367.48002423467,fatigue
13.692307692307692,9.461538461538462,144.3390600577713,267.16846796903087,4714768.34012588,13564859.836373985,132020.73870835308,fatigue
13.692307692307692,9.692307692307693,139.54979440350527,258.48267284487315,5268523.039602304,15728130.82853889,150839.95303197717,fatigue
13.692307692307692,9.923076923076923,134.9729862029365,250.2220722048796,5879633.8188057095,18189839.494819567,172071.943231525,fatigue
13.692307692307692,10.153846153846153,130.59771409936116,242.35862340054837,6553128.821945118,20985148.6391361,195987.41046628242,fatigue
13.692307692307692,10.384615384615385,126.41361615546809,234.86648285747606,7294392.155561529,24152763.91517123,222882.8526386158,fatigue
13.692307692307692,10.615384615384617,122.4108670987044,227.7218159657241,8109183.885727604,27735250.015635334,253082.61117025165,fatigue
13.692307692307692,10.846153846153847,118.58015574624594,220.90262541581467,9003661.064775635,31779372.892272033,286941.05700256885,fatigue
13.692307692307692,11.076923076923077,114.91266271164962,214.3885958454174,9984399.834307346,36336469.696111016,324844.9244289744,fatigue
13.692307692307692,11.307692307692308,111.40003847103497,208.16095294637142,11058418.648841074,41462848.15868039,367215.8016837836,fatigue
13.692307692307692,11.538461538461538,108.03438185066514,202.20233543027143,12233202.661725022,47220217.164690584,414512.7875044039,fatigue
13.692307692307692,11.76923076923077,104.80821898687486,196.4966784659717,13516729.311980007,53676150.295484394,467235.3231523892,fatigue
13.692307692307692,12.0,101.71448280134452,191.02910738723492,14917495.147623496,60904584.150397964,525926.2096252552,fatigue
14.23076923076923,3.0,414.92428986141533,921.4635802329602,145967.8354144627,53108.47883642765,2039.8504544834655,rutting
14.23076923076923,3.230769230769231,401.9344703984629,868.9220871898223,162075.6399300908,69074.13345923655,2312.8689309043166,rutting
14.23076923076923,3.4615384615384617,388.05624293467497,820.1343874596388,181945.0773009969,89468.34599982719,2657.162409976209,rutting
14.23076923076923,3.6923076923076925,373.82395167895703,774.8855651299344,205752.52740581788,115349.5878430131,3079.6682991176467,rutting
14.23076923076923,3.9230769230769234,359.5877426693487,732.9401802781036,233796.94166842604,147986.07089412594,3590.0154626996255,rutting
14.23076923076923,4.153846153846154,345.57274160051026,694.0575007994856,266476.7115666417,188888.36718394063,4200.305128653797,rutting
14.23076923076923,4.384615384615385,331.91976572165737,658.0011215458953,304279.5053923479,239845.7413297304,4925.121742589501,rutting
14.23076923076923,4.615384615384615,318.71313712717193,624.5447624886399,347779.03551252664,302966.4551700756,5781.676747233819,rutting
14.23076923076923,4.846153846153847,305.99957598670215,593.4755052977808,397635.774381132,380722.3046668228,6790.038990703385,rutting
14.23076923076923,5.076923076923077,293.8009723369746,564.5953401154537,454600.0803936815,475997.6480432069,7973.429122157696,fatigue
14.23076923076923,5.307692307692308,282.12298307465574,537.7216193915093,519516.91003599094,592143.1823525458,9358.567003054255,fatigue
14.23076923076923,5.538461538461538,270.96079644817513,512.6868238220706,593331.6610913442,733034.7252411434,10976.06717953375,fatigue
14.23076923076923,5.769230769230769,260.302983118213,489.33791299718007,677096.8869720995,903137.2621023261,12860.880671829671,fatigue
14.23076923076923,6.0,250.1340594002807,467.53544259617934,771979.7284603314,1107574.5288650324,15052.783097573472,fatigue
14.23076923076923,6.230769230769231,240.43618646273666,447.1525680763117,879269.9685014349,1352204.4199680865,17596.91013978038,fatigue
14.23076923076923,6.461538461538462,231.19029135187316,428.0740127533164,1000388.6501277854,1643700.541867387,20544.341955532018,fatigue
14.23076923076923,6.6923076923076925,222.3768020233978,410.195049695442,1136897.2187429771,1989640.2762470753,23952.738493080564,fatigue
14.23076923076923,6.923076923076923,213.97612520197893,393.4205276255014,1290507.1641312658,2398599.7746215323,27887.027952675402,fatigue
14.23076923076923,7.153846153846154,205.968953214545,377.66395809874535,1463090.148040363,2880256.3769369195,32420.15085245116,fatigue
14.23076923076923,7.384615384615385,198.33645729181808,362.84667259135193,1656688.6118064274,3445499.0298964647,37633.86238136787,fatigue
14.23076923076923,7.615384615384616,191.06040564884887,348.8970524338911,1873526.8661618782,4106547.3740358716,43619.595957159,fatigue
14.23076923076923,7.846153846153847,184.12323183853658,335.7498308321836,2116022.672515572,4877080.26946247,50479.39116974354,fatigue
14.23076923076923,8.076923076923077,177.5080703236922,323.34546390537975,2386799.3317789207,5772374.635689215,58326.889584839664,fatigue
14.23076923076923,8.307692307692308,171.19877051916689,311.629566306672,2688698.3032425162,6809455.588102531,67288.40220978213,fatigue
14.23076923076923,8.538461538461538,165.17989676668608,300.55240627811696,3024792.382025592,8007258.959404814,77504.05278227065,fatigue
14.23076923076923,8.76923076923077,159.43671918608942,290.0684547197322,3398399.46913278,9386807.396327296,89129.00142944379,fatigue
14.23076923076923,9.0,153.95519867351112,280.1359828778394,3813096.973062443,10971401.317980152,102334.75365444047,fatigue
14.23076923076923,9.23076923076923,148.72196820690925,270.7167034745673,4272736.8861323595,12786826.110924274,117310.56003478402,fatigue
14.23076923076923,9.461538461538462,143.72431188398113,261.7754504349919,4781461.582152959,14861577.016590223,134264.91245526413,fatigue
14.23076923076923,9.692307692307693,138.95014263148929,253.27989276787451,5343720.384742765,17227103.238740534,153427.14314120918,fatigue
14.23076923076923,9.923076923076923,134.38797920484788,245.20027858275847,5964286.957427832,19918072.862540826,175049.13320000202,fatigue
14.23076923076923,10.153846153846153,130.02692288681857,237.50920565461502,6648277.567703151,22972660.233094204,199407.13781364437,fatigue
14.23076923076923,10.384615384615385,125.85663415714922,230.18141535989488,7401170.277494692,26432857.490943216,226803.735648185,fatigue
14.23076923076923,10.615384615384617,121.8673095161864,223.1936071938752,8228825.111992903,30344812.00613572,257569.91045243447,fatigue
14.23076923076923,10.846153846153847,118.04965858826422,216.52427143240058,9137505.257711027,34759191.49209974,292067.2732055416,fatigue
14.23076923076923,11.076923076923077,114.39488159402016,210.15353781863348,10133899.338926893,39731578.616881855,330690.43353790784,fatigue
14.23076923076923,11.307692307692308,110.89464725729334,204.06303843695704,11225144.819494672,45322896.96316585,373869.52949133917,fatigue
14.23076923076923,11.538461538461538,107.54107119707616,198.23578318287744,12418852.574454859,51599870.22066989,422072.9250014986,fatigue
14.23076923076923,11.76923076923077,104.3266948449247,192.65604645193298,13723132.673015876,58635516.52555431,475810.08477848815,fatigue
14.23076923076923,12.0,101.24446492118226,187.30926385516565,15146621.411430933,66509679.89157978,535634.6365308723,fatigue
14.769230769230768,3.0,414.0090316901151,902.0650592286418,147032.51346785825,58416.125314038174,2057.7176648831287,rutting
14.769230769230768,3.230769230769231,400.98211933570417,850.6527734892497,163345.91811447332,75968.14192793166,2334.6386538647525,rutting
14.769230769230768,3.4615384615384617,387.0806446381861,802.9160339933907,183458.6078088195,98384.00008690084,2683.709109876963,rutting
14.769230769230768,3.6923076923076925,372.8359407920541,758.6439557006478,207552.37134511475,126824.3123517665,3112.0242163663866,rutting
14.769230769230768,3.9230769230769234,358.5957747962062,717.6056180514701,235932.12304928887,162679.11086170876,3629.3948537557617,rutting
14.769230769230768,4.153846153846154,344.5833883819443,679.5649936657913,269002.9360970261,207603.40330150299,4248.133463281483,rutting
14.769230769230768,4.384615384615385,330.9381039419427,644.2903665322539,307260.01657861896,263556.7593858815,4983.0699975201305,rutting
14.769230769230768,4.615384615384615,317.7430553871382,611.5600020051442,351285.59912274225,332847.20905642386,5851.701223880429,rutting
14.769230769230768,4.846153846153847,305.04401702654735,581.16530619131,401749.79058663873,418179.7344690291,6874.42723020769,fatigue
14.769230769230768,5.076923076923077,292.8621249971627,552.9123306668346,459413.8272822502,522709.6362811052,8074.852592304094,fatigue
14.769230769230768,5.307692307692308,281.202434769693,526.6222080410629,525134.9249606952,650101.0519168146,9480.141321359808,fatigue
14.769230769230768,5.538461538461538,270.05965463829807,502.13091534465354,599872.2682701722,804590.9014257165,11121.420724747157,fatigue
14.769230769230768,5.769230769230769,259.421972414499,479.2886321589231,684693.8811338673,991058.5379112541,13034.232523301995,fatigue
14.769230769230768,6.0,249.27359949663344,457.9588713425173,780784.2252091893,1215101.3872686052,15259.031326692477,fatigue
14.769230769230768,6.230769230769231,239.59645495709768,438.01749954302653,889452.4324597066,1483116.87908581,17841.731557232186,fatigue
14.769230769230768,6.461538461538462,230.37127462838197,419.35172351461125,1012141.1118259225,1802390.999601981,20834.30448989297,fatigue
14.769230769230768,6.6923076923076925,221.57833666511547,401.85909041884037,1150435.690679151,2181193.840474465,24295.42743779204,fatigue
14.769230769230768,6.923076923076923,213.19793185127335,385.4465315142406,1306074.2654611606,2628882.574775889,28291.18736794463,fatigue
14.769230769230768,7.153846153846154,205.21066436545635,370.02946603823165,1480957.9460360226,3156012.36409541,32895.84144476971,fatigue
14.769230769230768,7.384615384615385,197.5976401622202,355.53097368080415,1677161.6866107942,3774455.78681697,38192.637205501014,fatigue
14.769230769230768,7.615384615384616,190.34058102102554,341.8810385057299,1896945.6035434708,4497531.4756447505,44274.695293687866,fatigue
14.769230769230768,7.846153846153847,183.42188955931513,329.0158635863033,2142766.78738255,5340142.759590537,51245.957926278905,fatigue
14.769230769230768,8.076923076923077,176.82468200652616,316.87725337325065,2417291.623234126,6318927.218816547,59222.2065522979,fatigue
14.769230769230768,8.307692307692308,170.53279987969657,305.41205948209296,2723408.6400411665,7452418.176654318,68332.15247869174,fatigue
14.769230769230768,8.538461538461538,164.53080794137574,294.57168488667514,3064241.915520785,8761219.26858798,78718.60459057588,fatigue
14.769230769230768,8.76923076923077,158.80398332320635,284.31164123366926,3443165.0692398474,10268193.34010332,90539.71867578571,fatigue
14.769230769230768,9.0,153.33829904112824,274.5911540082009,3863815.881509922,11998667.031674765,103970.33327284452,fatigue
14.769230769230768,9.23076923076923,148.12040402918907,265.37281048334205,4330111.580352129,13980652.507978003,119203.39739172079,fatigue
14.769230769230768,9.461538461538462,143.13760109128475,256.62224570439315,4846264.842636423,16245087.878558904,136451.4959018399,fatigue
14.769230769230768,9.692307692307693,138.37782368927358,248.3078621418532,5416800.5585834365,18826097.938132614,155948.478835454,fatigue
14.769230769230768,9.923076923076923,133.8296121690936,240.40057905848582,6046573.41109424,21761276.9265298,177951.20131019698,fatigue
14.769230769230768,10.153846153846153,129.4820898186317,232.87360805086303,6740786.322839748,25091995.071592815,202741.3812265046,fatigue
14.769230769230768,10.384615384615385,125.3249390154467,225.70225162722923,7505009.824714689,28863730.73395692,230627.5823380494,fatigue
14.769230769230768,10.615384615384617,121.34837763454543,218.86372206054247,8345202.3991804635,33126430.02178072,261947.33072162984,fatigue
14.769230769230768,10.846153846153847,117.5431358298713,212.33697810183875,9267731.851250065,37934895.78731483,297069.3730832651,fatigue
14.769230769230768,11.076923076923077,113.90043326709966,206.1025774514978,10279397.75847719,43349207.95696238,336396.0857264472,fatigue
14.769230769230768,11.307692307692308,110.41195686243663,200.14254316395483,11387455.049390187,49435177.1832463,380366.0433746517,fatigue
14.769230769230768,11.538461538461538,107.06983906757645,194.44024240577014,12599638.757448891,56264833.84180638,429456.75738204893,fatigue
14.769230769230768,11.76923076923077,103.86663673159393,188.98027619977069,13924189.994893359,63916954.429863244,484187.59318353515,fatigue
14.769230769230768,12.0,100.79531056426165,183.74837897180845,15369883.187890323,72477627.45495945,545122.8771280721,fatigue
15.307692307692307,3.0,413.1312446293015,883.5225384287618,148063.13471270262,64108.60247824248,2075.0380077717946,rutting
15.307692307692307,3.230769230769231,400.06916995647356,833.1900699609691,164575.85453153143,83360.70546043488,2355.749299876909,rutting
15.307692307692307,3.4615384615384617,386.14574530807397,786.4581923855109,184924.43784535868,107942.58336215274,2709.4609540196393,rutting
15.307692307692307,3.6923076923076925,371.8894251410504,743.119897019607,209295.92480175258,139123.9828714815,3143.4217580612953,rutting
15.307692307692307,3.9230769230769234,357.64570274246586,702.9486076068703,238001.02323311073,178425.04132020168,3667.6198727036412,rutting
15.307692307692307,4.153846153846154,343.636020041963,665.7128171697943,271451.30053186504,227654.9598804218,4294.573503249006,rutting
15.307692307692307,4.384615384615385,329.99827202871177,631.1853130259858,310149.29044770094,288955.04288955167,5039.351808807872,rutting
15.307692307692307,4.615384615384615,316.8144586339203,599.1487237710446,354685.5131469259,364846.4076587497,5919.729587984499,fatigue
15.307692307692307,4.846153846153847,304.1294519570663,569.3986047118265,405739.4428525166,458282.6702248106,6956.429728748837,fatigue
15.307692307692307,5.076923076923077,291.96366944148326,541.7449024036556,464082.8927110789,572707.9105864727,8173.4309799175335,fatigue
15.307692307692307,5.307692307692308,280.3215935431459,516.0123728771176,530584.9987980189,712120.2171325057,9598.33025006894,fatigue
15.307692307692307,5.538461538461538,269.19747551290146,492.0403427792399,606218.3519142696,881141.1062686937,11262.754654463499,fatigue
15.307692307692307,5.769230769230769,258.57913874263903,469.68207488594743,692066.0200375713,1085091.1124625271,13202.821740532812,fatigue
15.307692307692307,6.0,248.45050446765396,448.80391202286916,789329.3095393537,1330071.8492475974,15459.648079498496,fatigue
15.307692307692307,6.230769230769231,238.79326138592754,429.2843139378897,899336.1716878632,1623054.856416114,18079.90739632733,fatigue
15.307692307692307,6.461538461538462,229.58796332349186,411.012861344386,1023550.1944549076,1971977.5756074523,21116.43998081851,fatigue
15.307692307692307,6.6923076923076925,220.81474575091514,393.88927411498395,1163580.1398983223,2385846.8380410965,24628.915474902515,fatigue
15.307692307692307,6.923076923076923,212.4537888902142,377.82247226831277,1321190.000697644,2874850.3055874263,28684.551375501065,fatigue
15.307692307692307,7.153846153846154,204.4856127091232,362.7296960997441,1498309.5591777929,3450476.379989772,33358.88979226098,fatigue
15.307692307692307,7.384615384615385,196.89126063630022,348.5356936219145,1697045.4401801818,4125643.1840105886,38736.63519251786,fatigue
15.307692307692307,7.615384615384616,189.652409798371,335.17197808847715,1919692.656368941,4914837.320724118,44912.55607400395,fatigue
15.307692307692307,7.846153846153847,182.75143288366996,322.5761548861654,2168746.651433382,5834263.2304439945,51992.45374168874,fatigue
15.307692307692307,8.076923076923077,176.1714282846937,310.69131489342266,2446915.8533317447,6902004.085611323,60094.201635305355,fatigue
15.307692307692307,8.307692307692308,169.8962295517574,299.4654901082406,2757134.7562295054,8138195.288853996,69348.85896108903,fatigue
15.307692307692307,8.538461538461538,163.91040145856059,288.85116666203464,3102577.556050216,9565211.764847888,79901.8627246126,fatigue
15.307692307692307,8.76923076923077,158.19922750420966,278.80485006550174,3486672.3704740214,11207870.359315502,91914.30263882608,fatigue
15.307692307692307,9.0,152.74869203439462,269.2866775400033,3913116.079673032,13093648.775716696,105564.28378835919,fatigue
15.307692307692307,9.23076923076923,147.54545907658766,260.2600724776584,4385889.828955824,15252922.589759843,121048.38236263684,fatigue
15.307692307692307,9.461538461538462,142.5768492642054,251.69143637628457,4909275.238708181,17719221.982327256,138583.20022028408,fatigue
15.307692307692307,9.692307692307693,137.83081574900368,243.54987396257496,5487871.370496539,20529509.92199171,158407.02450939422,fatigue
15.307692307692307,9.923076923076923,133.2959196875615,235.80694761358635,6126612.500892044,23724483.608881284,180781.59903585122,fatigue
15.307692307692307,10.153846153846153,128.96130568198097,228.43645758833463,6830786.75646046,27348901.062665418,205994.01453886917,fatigue
15.307692307692307,10.384615384615385,124.81667742063205,221.41424497149382,7606055.664448459,31451934.799732402,234358.72549331767,fatigue
15.307692307692307,10.615384615384617,120.85227367773278,214.71801459900232,8458474.67400725,36087554.59938981,266219.701506968,fatigue
15.307692307692307,10.846153846153847,117.05884477460957,208.3271755744471,9394514.702385046,41314941.407415435,301952.7218133287,fatigue
15.307692307692307,11.076923076923077,113.42762956991827,202.2226972920603,10421084.759447053,47198934.468906075,341967.8217733502,fatigue
15.307692307692307,11.307692307692308,109.95033302367663,196.3869791561774,11545555.702235684,53810513.82232348,386711.9006897733,fatigue
15.307692307692307,11.538461538461538,106.61910436593256,190.8037324286692,12775785.169142408,61227320.32403682,436671.50060422375,fatigue
15.307692307692307,11.76923076923077,103.4265158920759,185.45787284691033,14120143.740724996,69534215.40837607,492375.7660887299,fatigue
15.307692307692307,12.0,100.3655424011384,180.33542283767426,15587542.371358922,78823882.82283257,554399.595359997,fatigue
15.846153846153845,3.0,412.2885142221156,865.7760810931273,149061.47552942164,70204.96946521454,2091.8388632798938,rutting
15.846153846153845,3.230769230769231,399.1930465933528,816.4773854522413,165767.55689365536,91276.43003560121,2376.2338181117043,rutting
15.846153846153845,3.4615384615384617,385.24885389538207,770.7074055028831,186345.0597301678,118175.70899850792,2734.4575666671058,rutting
15.846153846153845,3.6923076923076925,370.9816350229076,728.2628633397335,210986.12680317202,152289.00167018353,3173.9085388585227,rutting
15.846153846153845,3.9230769230769234,356.73470756171173,688.9213621224492,240007.09925547132,195275.21344659608,3704.747672489114,rutting
15.846153846153845,4.153846153846154,342.7277918905211,652.4557417840539,273825.861256342,249107.9383399125,4339.693753256414,rutting
15.846153846153845,4.384615384615385,329.0974182541697,618.6431182326417,312952.0752731312,316122.1578079206,5094.049152884117,fatigue
15.846153846153845,4.615384615384615,315.9245029088912,587.2703121840532,357984.3228875969,399065.98869958485,5985.859762797982,fatigue
15.846153846153845,4.846153846153847,303.2530562195025,558.136863689849,409611.1928749213,501157.81058849243,7036.163243056653,fatigue
15.846153846153845,5.076923076923077,291.102809554146,531.0564582526304,468614.790179394,626149.1005996536,8269.303238097666,fatigue
15.846153846153845,5.307692307692308,279.4776986610849,505.8573285790618,535875.8503058553,778393.2990629099,9713.298850963332,fatigue
15.846153846153845,5.538461538461538,268.37153895480964,482.38201373878246,612380.0097005429,962921.0239953751,11400.264682704656,fatigue
15.846153846153845,5.769230769230769,257.7718064666548,460.48673194182544,699224.9764278629,1185521.949413435,13366.879954884138,fatigue
15.846153846153845,6.0,247.66214593183682,440.0405373078278,797628.4502662586,1452833.665213601,15654.90698955283,fatigue
15.846153846153845,6.230769230769231,238.02402653853412,420.9243726344809,908936.6993237825,1772437.848395008,18311.760302589195,fatigue
15.846153846153845,6.461538461538462,228.83782865277797,403.030090654572,1034633.7333341321,2152964.1000183905,21391.128131057736,fatigue
15.846153846153845,6.6923076923076925,220.083551680282,386.2594896097858,1176351.0336188874,2604201.842166226,24953.648559234745,fatigue
15.846153846153845,6.923076923076923,211.7412702962258,370.5233910466214,1335877.8125995432,3137220.726008958,29067.64264180806,fatigue
15.846153846153845,7.153846153846154,203.7914239400141,355.74077574467475,1515171.7851307888,3764500.0764892944,33809.90711065874,fatigue
15.846153846153845,7.384615384615385,196.21499609589532,341.8379857121374,1716370.4416340496,4500067.990515027,39266.56943150136,fatigue
15.846153846153845,7.615384615384616,188.99362091792887,328.7479949365127,1941802.819986309,5359650.81218282,45534.008171139656,fatigue
15.846153846153845,7.846153846153847,182.10964211823057,316.4097481876732,2194001.7798141856,6360833.827777166,52719.841858422005,fatigue
15.846153846153845,8.076923076923077,175.54614062956347,304.76756504516806,2475716.789428846,7523234.151742567,60943.98977939042,fatigue
15.846153846153845,8.307692307692308,169.28694196920176,293.7706050611241,2789927.242130152,8868686.908777656,70339.80844276774,fatigue
15.846153846153845,8.538461538461538,163.31661052658043,283.3723893001648,3139856.32493944,10421445.952827306,81055.30778597567,fatigue
15.846153846153845,8.76923076923077,157.62043554181676,273.53037322942714,3528985.4688830106,12208400.497442983,93254.45156235789,fatigue
15.846153846153845,9.0,152.18441191570543,264.20556593307236,3961069.4156188704,14259309.160588823,107118.54675345182,fatigue
15.846153846153845,9.23076923076923,146.99521791502752,255.36219080382395,4440151.940362189,16607053.0479407,122847.72728118264,fatigue
15.846153846153845,9.461538461538462,142.04019112484715,246.9673831528821,4970582.275611326,19287909.610245768,140662.53774781217,fatigue
15.846153846153845,9.692307692307693,137.30730352906667,238.99092053196415,5557032.284025418,22341849.11130209,160805.62340013855,fatigue
15.846153846153845,9.923076923076923,132.78513629054154,231.40498194361396,6204514.4318931205,25812855.633226987,183543.5329921524,fatigue
15.846153846153845,10.153846153846153,128.4628545985227,224.1839325046847,6918400.616927393,29749274.62520045,209168.64170067155,fatigue
15.846153846153845,10.384615384615385,124.33018281824786,217.30413050691686,7704441.905613372,34204189.07154835,238001.20172520168,fatigue
15.846153846153845,10.615384615384617,120.3773800912953,210.74375417704096,8568789.236041326,39235826.416069664,270391.5286707807,fatigue
15.846153846153845,10.846153846153847,116.59521647992317,204.48264577045614,9518015.14211376,44907998.43324117,306722.3322660373,fatigue
15.846153846153845,11.076923076923077,112.97494971345594,198.50217093377313,10559136.554279376,51290576.28484644,347411.2004039863,fatigue
15.846153846153845,11.307692307692308,109.50830257273925,192.7850915412479,11699638.7305904,58460003.04406197,392913.2459071489,fatigue
15.846153846153845,11.538461538461538,106.1874409350527,187.31545044876887,12947500.36998613,66499846.00935802,443723.9258092019,fatigue
15.846153846153845,11.76923076923077,103.00495249351242,182.07846681804452,14311219.957361728,75501391.16883221,500382.0433111657,fatigue
15.846153846153845,12.0,99.95382615983823,177.0604408451971,15799843.387282265,85564282.21249181,563472.9429107682,fatigue
16.384615384615383,3.0,411.47864302429844,848.7716241958486,150029.17571893986,76724.84276726845,2108.1455695221703,rutting
16.384615384615383,3.230769230769231,398.35140877583626,800.4636895853037,166922.96942353496,99740.63880873003,2396.1226828957497,rutting
16.384615384615383,3.4615384615384617,384.3875281582131,755.6154826345978,187722.7712711197,129115.90823714004,2758.735582301951,rutting
16.384615384615383,3.6923076923076925,370.11005944305987,714.0273188755166,212625.68593175925,166360.9397628619,3203.5285691024396,rutting
16.384615384615383,3.9230769230769234,355.860235910756,675.480825374806,241953.53605092946,213282.45779914228,3740.8310685896595,rutting
16.384615384615383,4.153846153846154,341.85612930172886,639.7530254544827,276130.35430227977,272029.10186973645,4383.557507196274,rutting
16.384615384615383,4.384615384615385,328.2329634509018,606.6251990469885,315672.74315811164,345141.9996457107,5147.237757022756,fatigue
16.384615384615383,4.615384615384615,315.0706177301948,575.8881979737846,361187.13300997956,435610.7882378341,6050.182190306425,fatigue
16.384615384615383,4.846153846153847,302.4122783840431,547.3453924411127,413370.9873763607,546935.4402907579,7113.735589457028,fatigue
16.384615384615383,5.076923076923077,290.2770209943158,520.8140603824984,473016.4326414646,683194.2491224112,8362.597655028707,fatigue
16.384615384615383,5.307692307692308,278.66825901423545,496.1257735391619,541015.4993718134,849118.32151527,9825.199487112366,fatigue
16.384615384615383,5.538461538461538,267.5793916940886,473.1261548691653,618366.5276823243,1050172.9198234163,11534.131431837504,fatigue
16.384615384615383,5.769230769230769,256.99756352815484,451.6742584581029,706181.482420943,1292645.9897913337,13526.620897927623,fatigue
16.384615384615383,6.0,246.90615542932895,431.64173878778826,805694.0283598533,1583744.2105022923,15845.06050502186,fatigue
16.384615384615383,6.230769230769231,237.28642716544508,412.9119189374391,918268.2731541707,1931696.9120397891,18537.58790476632,fatigue
16.384615384615383,6.461538461538462,228.11859358992655,395.37882854665685,1045408.1184743962,2345868.228418867,21658.7191755732,fatigue
16.384615384615383,6.6923076923076925,219.3825242106777,378.9462562609706,1188767.1791293162,2836877.8911930094,25270.03802856535,fatigue
16.384615384615383,6.923076923076923,211.05819284041542,363.5268438538328,1350159.2424941515,3416731.1249908977,29440.943286519076,fatigue
16.384615384615383,7.153846153846154,203.1259618409351,349.04123750689314,1531569.2495769872,4098958.181040718,34249.4572741639,fatigue
16.384615384615383,7.384615384615385,195.56675718075485,335.4173039556947,1735164.786439361,4898764.138177334,39783.09792541828,fatigue
16.384615384615383,7.615384615384616,188.36217163025358,322.5894141009422,1963308.0813952158,5833189.711346892,46139.81759422772,fatigue
16.384615384615383,7.846153846153847,181.49452083286604,310.4977933890052,2218568.5099071516,6921283.932603643,53429.011764475785,fatigue
16.384615384615383,8.076923076923077,174.9468686262247,299.08793620051466,2503735.6155590685,8184289.705593755,61772.601098834435,fatigue
16.384615384615383,8.307692307692308,168.70303243714173,288.31008026051353,2821832.6619299855,9645843.377605679,71306.1905501813,fatigue
16.384615384615383,8.538461538461538,162.74757589646765,278.1187364304826,3176130.7365574315,11332189.619324068,82180.30958311415,fatigue
16.384615384615383,8.76923076923077,157.06579338470556,268.4722689780227,3570163.434351096,13272413.047481796,94561.73791570099,fatigue
16.384615384615383,9.0,151.64368960789008,259.33252141642805,4007742.1536700344,15498688.166111251,108634.9215896577,fatigue
16.384615384615383,9.23076923076923,146.4679562374769,250.66448317432548,4492972.043685701,18046549.33509296,124603.48460614913,fatigue
16.384615384615383,9.461538461538462,141.52594694358078,242.435992631348,5030268.646500964,20955182.597998578,142691.84181871725,fatigue
16.384615384615383,9.692307692307693,136.80565168580645,234.61747239422706,5624375.281689299,24267741.313408557,163146.91924832866,fatigue
16.384615384615383,9.923076923076923,132.29567081945888,227.18169305638497,6280381.224382477,28031687.63433644,186239.988471525,fatigue
16.384615384615383,10.153846153846153,127.98518937361139,220.10356206029286,7003740.73072422,32299161.96920222,212268.62222460573,fatigue
16.384615384615383,10.384615384615385,123.8639517259355,213.3599346498246,7800292.966399112,37127382.63562893,241558.77885823467,fatigue
16.384615384615383,10.615384615384617,119.9222368138152,206.92944424905932,8676282.895041587,42579077.986339815,274467.02376179653,fatigue
16.384615384615383,10.846153846153847,116.15083396638589,200.79234992803688,9638383.183660947,48722953.34600019,311382.8963501077,fatigue
16.384615384615383,11.076923076923077,112.54101940733395,194.93039891126918,10693717.181824993,55634195.15056218,352731.4316619366,fatigue
16.384615384615383,11.307692307692308,109.0845334565536,189.32670235003226,11849883.030297086,63395014.72808033,398975.846056808,fatigue
16.384615384615383,11.538461538461538,105.77355844543986,183.96562281480183,13114978.953192368,72095234.20350632,450620.3969109238,fatigue
16.384615384615383,11.76923076923077,102.60069735260163,178.83267217087075,14497629.7855915,81832917.05093108,508213.4266028511,fatigue
16.384615384615383,12.0,99.5589531620267,173.91441868019942,16007014.786022913,92715045.85603788,572350.6014443182,fatigue
16.923076923076923,3.0,410.69962532845625,832.4602347403315,150967.75291522066,83688.40189310459,2123.981634449781,rutting
16.923076923076923,3.230769230769231,397.5421234096015,785.1028067671647,168043.89031798276,108779.37937002347,2415.4441534962702,rutting
16.923076923076923,3.4615384615384617,383.5595448768192,741.1388291027253,189059.696727045,140796.63964015257,2782.3289621183244,rutting
16.923076923076923,3.6923076923076925,369.2724148417343,700.3720809905237,214217.10533401492,181382.5486317031,3232.322638893396,rutting
16.923076923076923,3.9230769230769234,355.0199676765327,662.5880665591378,243843.27615591392,232501.09906598757,3775.919003764257,rutting
16.923076923076923,4.153846153846154,341.01869455995995,627.5678381976289,278368.2304976672,296487.09386616986,4426.223409202141,fatigue
16.923076923076923,4.384615384615385,327.402567337627,595.0966846670218,318315.33150045347,376100.81633618736,5198.987775174365,fatigue
16.923076923076923,4.615384615384615,314.25047211067005,564.9693371717702,364298.6563194873,474588.56890216935,6112.780643633384,fatigue
16.923076923076923,4.846153846153847,301.60480603310896,536.9928505344928,417024.3153350232,595749.4647324731,7189.246618408579,fatigue
16.923076923076923,5.076923076923077,289.4840170859273,510.98795731583607,477294.1994831521,744008.8542320575,8453.433020497829,fatigue
16.923076923076923,5.307692307692308,277.891019129557,486.7894389681827,546011.3452018858,924498.7619891082,9934.173216039375,fatigue
16.923076923076923,5.538461538461538,266.8188135359481,464.24588170099827,624186.4713360176,1143145.701226714,11664.52209238372,fatigue
16.923076923076923,5.769230769230769,256.25422796883277,443.2190633841678,712945.4352446487,1406766.2252379972,13682.242373695151,fatigue
16.923076923076923,6.0,246.18039130465868,423.5831349681256,813537.4594079704,1723170.5724669197,16030.342225364291,fatigue
16.923076923076923,6.230769230769231,236.5783632773587,405.223703660207,927344.0370250663,2101274.7679894716,18757.665574429786,fatigue
16.923076923076923,6.461538461538462,227.42820063063115,388.03688709292913,1055888.457347264,2551221.563190662,21919.537129127355,fatigue
16.923076923076923,6.6923076923076925,218.70964872966618,371.92838214039426,1200845.9105032408,3084510.6309112655,25578.464410822326,fatigue
16.923076923076923,6.923076923076923,210.4025849071253,356.8125748904454,1364054.1436803234,3714138.4878055034,29804.899327163017,fatigue
16.923076923076923,7.153846153846154,202.4872976860341,342.61170683853624,1547524.6491774663,4454748.690449303,34678.06198121788,fatigue
16.923076923076923,7.384615384615385,194.94465780843882,329.2551047865859,1753454.3718985457,5322792.94685756,40286.829566504304,fatigue
16.923076923076923,7.615384615384616,187.75621816734915,316.6784769573268,1984237.9302835,6336703.899157949,46730.6933658834,fatigue
16.923076923076923,7.846153846153847,180.9042672055967,304.8232746294104,2242480.350951118,7517080.463681788,54120.78706770998,fatigue
16.923076923076923,8.076923076923077,174.37185202201624,293.63611659275807,2531010.323637953,8886886.758173518,62580.98984386673,fatigue
16.923076923076923,8.307692307692308,168.14278190827278,283.06827253328674,2852893.989388474,10471665.7980783,72249.10790577851,fatigue
16.923076923076923,8.538461538461538,162.20161938755018,273.07520082046847,3211449.2813163954,12299769.300542278,83278.13856756514,fatigue
16.923076923076923,8.76923076923077,156.53366341093468,263.6161359115436,3610260.8435061234,14402605.09152721,95837.62119927327,fatigue
16.923076923076923,9.0,151.12492777081326,254.6537205790709,4053195.5596244894,16814903.764334653,110115.07984486176,fatigue
16.923076923076923,9.23076923076923,145.96211673572708,246.1536783274631,4544418.7284363415,19575006.383476976,126317.56270521057,fatigue
16.923076923076923,9.461538461538462,141.03259921447068,238.08452162802118,5088410.928536288,22725175.163625974,144673.28414049806,fatigue
16.923076923076923,9.692307692307693,136.32438229747058,230.41729192726027,5689985.619122226,26311929.177539967,165433.37532296873,fatigue
16.923076923076923,9.923076923076923,131.82608472058504,223.12532773899042,6354307.527453544,30386407.25847834,188873.75016366487,fatigue
16.923076923076923,10.153846153846153,127.52691059742801,216.18405749459944,7086911.876704441,35004760.36155873,215297.0936386182,fatigue
16.923076923076923,10.384615384615385,123.41662363614773,209.5708141831527,7893724.51020151,40228575.73528195,245034.98014452713,fatigue
16.923076923076923,10.615384615384617,119.48552197203077,203.2646691529118,8781082.96951882,46125335.330159895,278450.1300149183,fatigue
16.923076923076923,10.846153846153847,115.7244136929151,197.24628276230294,9755758.584607337,52768910.9374433,315938.8128194859,fatigue
16.923076923076923,11.076923076923077,112.12459309990088,191.49776985759965,10824979.634093948,60240098.60900686,357933.40654669807,fatigue
16.923076923076923,11.307692307692308,108.67781772434813,186.002578315092,11996455.633157432,68627194.96123758,404905.1222288845,fatigue
16.923076923076923,11.538461538461538,105.37628610908453,180.745379117344,13278402.805038355,78026618.01285656,457366.90400644334,fatigue
16.923076923076923,11.76923076923077,102.2126163540177,175.7119666372877,14679570.7903527,88543575.2504917,515876.51504146727,fatigue
16.923076923076923,12.0,99.17982542193666,170.88916798215834,16209270.64603912,100292781.657636,581039.8200794752,fatigue
17.46153846153846,3.0,409.9496255093659,816.7974810388251,151878.61504147257,91116.39497240075,2139.368919128097,rutting
17.46153846153846,3.230769230769231,396.76324099813917,770.3528196026352,169131.98681225814,118419.4309341167,2434.2244984373838,rutting
17.46153846153846,3.4615384615384617,382.76287444331234,727.2378800038364,190357.8048647979,153252.29825898932,2805.269266923677,rutting
17.46153846153846,3.6923076923076925,368.4666184537125,687.2597825230678,215762.70423953008,197397.77184485327,3260.3286488974336,rutting
17.46153846153846,3.9230769230769234,354.21178843456863,650.2077695245054,245679.04524308816,252986.97069384783,3810.056947996939,fatigue
17.46153846153846,4.153846153846154,340.2133586855221,615.8667766479249,280542.68565971055,322552.45622922346,4467.745936091424,fatigue
17.46153846153846,4.384615384615385,326.6040999310191,584.0259549377405,320883.5785863616,409087.230976095,5249.364368726654,fatigue
17.46153846153846,4.615384615384615,313.4619457339734,554.4837718221848,367323.25560811546,516110.0479549228,6173.732924763127,fatigue
17.46153846153846,4.846153846153847,300.8285368464526,527.0508295282127,420576.2570576602,647737.4444027969,7262.789051077544,fatigue
17.46153846153846,5.076923076923077,288.72171992907016,501.5511854383718,481453.99393002485,808762.9112254257,8541.919626915958,fatigue
17.46153846153846,5.307692307692308,277.14393040312217,477.82270901437755,550870.2333195774,1004743.602476997,10040.350984956991,fatigue
17.46153846153846,5.538461538461538,266.0877887926134,455.71683630246497,629847.7635653015,1242094.9790977286,11791.591846889261,fatigue
17.46153846153846,5.769230769230769,255.5398196248704,435.0979636833761,719525.9878290166,1528193.7712286934,13833.927950699628,fatigue
17.46153846153846,6.0,245.48291071638934,415.8426410998625,821169.298547483,1871489.637659739,16210.968906506465,fatigue
17.46153846153846,6.230769230769231,235.8979305145058,397.83866975900224,936176.1420427084,2281625.903789868,18972.248795098327,fatigue
17.46153846153846,6.461538461538462,226.7647845599393,380.984172014917,1066088.7144564423,2769569.775310176,22173.882576121952,fatigue
17.46153846153846,6.6923076923076925,218.06309945394807,365.1866760647514,1212603.248805179,3347752.4575813855,25879.280697395952,fatigue
17.46153846153846,6.923076923076923,209.77266015498023,350.3622413040037,1377580.8646808818,4030219.6633703485,30159.924504515224,fatigue
17.46153846153846,7.153846153846154,201.87368439166463,336.4346390039836,1563058.960411395,4832793.065993213,35096.20520597459,fatigue
17.46153846153846,7.384615384615385,194.3469898408187,323.33459557510474,1771263.1342157088,5773243.351319151,40778.32929272254,fatigue
17.46153846153846,7.615384615384616,187.1740909489457,310.9991008357019,2004619.627029702,6871475.639407625,47307.29346653767,fatigue
17.46153846153846,7.846153846153847,180.33724979121052,299.3707805888512,2265768.2857207065,8149728.18234461,54795.9323138642,fatigue
17.46153846153846,8.076923076923077,173.81949707843603,288.3973308613924,2557576.051549938,9632785.39559175,63370.04217980809,fatigue
17.46153846153846,8.307692307692308,167.60463393728853,278.0310100037586,2883150.985012133,11348206.441595063,73169.58495587917,fatigue
17.46153846153846,8.538461538461538,161.67722146165107,268.22818423146555,3245856.844519389,13326570.751854438,84349.97579674119,fatigue
17.46153846153846,8.76923076923077,156.02256263706914,258.9489219353477,3649328.242691292,15601742.042443277,97083.45912538042,fatigue
17.46153846153846,9.0,150.6266796582136,250.15663207801663,4097486.4101319807,18211152.54371578,111560.57767047443,fatigue
17.46153846153846,9.23076923076923,145.4762886151916,241.8177421451651,4594555.602380827,21196109.323824544,127991.73970064908,fatigue
17.46153846153846,9.461538461538462,140.5587728355973,233.9014113732851,5145080.191085361,24602124.734676603,146608.89007277734,fatigue
17.46153846153846,9.692307692307693,135.8621557148252,226.3792752884182,5753942.485248866,28479273.14589075,167667.29118971445,fatigue
17.46153846153846,9.923076923076923,131.37507356786583,219.22521793378294,6426381.332555235,32882576.2559471,191447.42046043294,fatigue
17.46153846153846,10.153846153846153,127.0867488390953,212.41516851643584,7168011.554199304,37872419.37962765,218256.99136572133,fatigue
17.46153846153846,10.384615384615385,122.9869638778208,205.92691954971545,7984844.269305969,43515001.20740505,248433.10574869617,fatigue
17.46153846153846,10.615384615384617,119.06603540362879,199.73996389911287,8883308.166884122,49882819.61662784,282344.5454648203,fatigue
17.46153846153846,10.846153846153847,115.31478973167152,193.83534844803125,9870271.784338186,57055196.18759904,320394.21203497873,fatigue
17.46153846153846,11.076923076923077,111.72453879381648,188.195542382959,10953066.851872813,65118842.14168452,363021.7234419203,fatigue
17.46153846153846,11.307692307692308,108.2870569702835,182.80431835327212,12139512.761726262,74168468.47521824,410706.1776906386,fatigue
17.46153846153846,11.538461538461538,104.9945587335093,177.64664498900902,13437942.220111758,84307443.11400862,463969.09321315994,fatigue
17.46153846153846,11.76923076923077,101.83967709846505,172.7085894613985,14857228.138112336,95648497.96033734,523377.5366350917,fatigue
17.46153846153846,12.0,98.81544286949752,167.9772289472564,16406811.815646388,108314488.74882603,589547.4488333539,fatigue
18.0,3.0,409.22695937658693,801.7428981231496,152763.07113317054,99030.1443058996,2154.3277971577677,rutting
18.0,3.230769230769231,396.01297521299153,756.175561844903,170188.80824545393,128688.31146168146,2452.488190265778,rutting
18.0,3.4615384615384617,381.9956590681685,713.8766191362766,191618.92459936716,166518.22471912013,2827.5858937767734,rutting
18.0,3.6923076923076925,367.69076549280953,674.656415180181,217264.6365800231,214451.75657335133,3287.581896899465,rutting
18.0,3.9230769230769234,353.433765890427,638.307799185663,247463.3741952996,274797.4293947322,3843.2872446350993,fatigue
18.0,4.153846153846154,339.43817736058685,604.6194521056875,282656.68667638506,350297.64751648874,4508.175814592263,fatigue
18.0,4.384615384615385,325.83561714127643,573.3842487251396,323380.9543168434,444192.26439554326,5298.428208429429,fatigue
18.0,4.615384615384615,312.703104370055,544.4042574459702,370264.9797572483,560288.9251709481,6233.1114672048025,fatigue
18.0,4.846153846153847,300.08155395813714,517.4934983643051,424031.5264955774,703040.6290965376,7334.449201584779,fatigue
18.0,5.076923076923077,287.98823579665856,492.47923124069854,485501.2925299345,877630.9543540142,8628.16013319634,fatigue
18.0,5.307692307692308,276.42512661566155,469.202298845784,555598.513296595,1090067.3800606048,10143.85466196131,fatigue
18.0,5.538461538461538,265.38448198173126,447.51688027081923,635357.7518999941,1347283.128726374,11915.48509818319,fatigue
18.0,5.769230769230769,254.85253606017756,427.289891375634,725931.626840859,1657247.9401519473,13981.848421491093,fatigue
18.0,6.0,244.81194584782594,408.4001894856814,828599.3308562087,2029088.1789470266,16387.14219079338,fatigue
18.0,6.230769230769231,235.24339667036102,390.73768518152906,944775.8510014599,2473216.67721891,19181.575206852816,fatigue
18.0,6.461538461538462,226.12664931918889,374.20242741678345,1076021.8316368929,3001472.726330327,22422.03507953448,fatigue
18.0,6.6923076923076925,217.44121666585102,358.7037036136436,1224054.0402469006,3627272.6613277737,26172.815171529324,fatigue
18.0,6.923076923076923,209.16679514644542,344.15917994472557,1390756.4073824468,4365771.532163526,30506.40359097562,fatigue
18.0,7.153846153846154,201.28353456047083,330.494096073481,1578191.6199497194,5234036.42938317,35504.337052350595,fatigue
18.0,7.384615384615385,193.7722015626091,317.64052140204035,1788613.2534572557,6251232.129236982,41258.122557869254,fatigue
18.0,7.615384615384616,186.61427351415549,305.5366751547506,2024478.4346796216,7438819.843359397,47870.22999501108,fatigue
18.0,7.846153846153847,179.7919869236027,294.12630959321507,2288461.0319927167,8820769.998957407,55455.15891516767,fatigue
18.0,8.076923076923077,173.28835646060213,283.3581537663058,2583465.3765885853,10423790.133335885,64140.582963358305,fatigue
18.0,8.307692307692308,167.08717507268545,273.18541407727895,2912640.5239255503,12277569.157171173,74068.57567509887,fatigue
18.0,8.538461538461538,161.17300213109246,263.56532735063337,3279395.0710540516,14415039.419304486,85396.92164637474,fatigue
18.0,8.76923076923077,155.5311441546888,254.45876183425366,3687412.5517715747,16872658.186918635,98300.51741651414,fatigue
18.0,9.0,150.14763109329562,245.82986156128248,4140667.4377660705,19690710.334009677,112972.86677985042,fatigue
18.0,9.23076923076923,145.00919011825323,237.64572964056163,4643441.779867095,22913634.203774367,129627.67565717812,fatigue
18.0,9.461538461538462,140.1032181867813,229.87614628750225,5200342.52909925,26590372.773449544,148500.55210752398,fatigue
18.0,9.692307692307693,135.4177541977177,222.49331770885718,5816319.582301939,30774752.40064473,169850.81753916366,fatigue
18.0,9.923076923076923,130.94145126055423,215.47165228637158,6496684.60153787,35525891.5666882,193963.4356798291,fatigue
18.0,10.153846153846153,126.66354940534883,208.78756084534461,7247130.6602785215,40908642.15427173,221151.06638299886,fatigue
18.0,10.384615384615385,122.57384893380498,202.41927813050853,8073752.772370812,46994065.90387216,251756.25187323295,fatigue
18.0,10.615384615384617,118.66268452895638,196.34670293357559,8983069.362021817,53859948.786929004,286153.7435619707,fatigue
18.0,10.846153846153847,114.92090018745981,190.55125461807782,9982044.73448357,61591356.11493638,324752.978089864,fatigue
18.0,11.076923076923077,111.33982500455545,185.01574406398157,11078112.607788315,70281231.27427845,368000.7117666431,fatigue
18.0,11.307692307692308,107.91124982061629,179.72425730532944,12279200.765818331,80031041.03867261,416383.82307992486,fatigue
18.0,11.538461538461538,104.62740472546078,174.66205035846997,13593756.892242601,90951470.46650095,470432.2934259326,fatigue
18.0,11.76923076923077,101.48093740924497,169.81545393701765,15030775.643486869,103163170.44090615,530722.3766746926,fatigue
18.0,12.0,98.46489234479554,165.1717869239265,16599827.017001767,116797560.95792659,597879.9686175621,fatigue
18.53846153846154,3.0,408.5300780401045,787.259530750277,153622.34078882803,107451.55186216021,2168.8772940468134,rutting
18.53846153846154,3.230769230769231,395.28968525539676,742.5361851220451,171215.7974496547,139614.28471422166,2470.2580755316717,rutting
18.53846153846154,3.4615384615384617,381.25619399602596,701.0221680880202,192844.7586101809,180630.71422190242,2849.3062822548422,rutting
18.53846153846154,3.6923076923076925,366.9431095138265,662.5309396741013,218724.90718281918,232590.86500655737,3314.1153273319705,fatigue
18.53846153846154,3.9230769230769234,352.6841296258647,626.8588314493143,249198.61828774423,297991.36952991626,3875.6494115542755,fatigue
18.53846153846154,4.153846153846154,338.69137025336363,593.7981390532427,284712.99415464455,379797.0609507731,4547.560384098249,fatigue
18.53846153846154,4.384615384615385,325.0953398317344,563.145329884758,325810.6868720498,481509.3575569223,5346.235910509769,fatigue
18.53846153846154,4.615384615384615,311.97217879767084,534.7059453891435,373127.5950495033,607241.9105206085,6290.983859339824,fatigue
18.53846153846154,4.846153846153847,299.36210484477294,508.297301089978,427394.507926354,761803.9919126374,7404.307603884332,fatigue
18.53846153846154,5.076923076923077,287.2818340710577,483.74974347236406,489441.188028335,950792.098321865,8712.250314250827,fatigue
18.53846153846154,5.307692307692308,275.73290298390583,460.90698036270527,560202.0887571292,1180690.2372590185,10244.797930400686,fatigue
18.53846153846154,5.538461538461538,264.7072170456147,439.62583319385493,640723.2666862911,1458979.3505329364,12036.33653443893,fatigue
18.53846153846154,5.769230769230769,254.1907319963411,419.77564400167716,732170.2402472222,1794256.314161921,14126.163068182519,fatigue
18.53846153846154,6.0,244.16588358239585,401.23749126169673,835836.6496138776,2196362.942437005,16559.050107063686,fatigue
18.53846153846154,6.230769230769231,234.61318164101618,383.9033153388511,953153.6288079049,2676525.419491635,19385.866379671876,fatigue
18.53846153846154,6.461538461538462,225.51224825335672,367.67501837437464,1085699.832249632,3247504.590338749,22664.255271081256,fatigue
18.53846153846154,6.6923076923076925,216.84248727929156,352.4635793134336,1235212.075899486,3923757.569637041,26459.37386386435,fatigue
18.53846153846154,6.923076923076923,208.58351025064698,338.18820866812086,1403596.5641428388,4721611.174402846,30844.695265041897,fatigue
18.53846153846154,7.153846153846154,200.71540173762443,324.7755569103527,1592940.681155136,5659447.759171468,35902.87710580171,fatigue
18.53846153846154,7.384615384615385,193.21887930636603,312.1589833336625,1805525.3315436349,6757904.12985546,41726.69922352919,fatigue
18.53846153846154,7.615384615384616,186.07538452964664,300.2778876205692,2043837.820609408,8040084.335221923,48420.07366751136,fatigue
18.53846153846154,7.846153846153847,179.26712912074822,289.07710340135935,2310585.270114297,9531787.280404074,56099.13032651664,fatigue
18.53846153846154,8.076923076923077,172.77711205187688,278.5063512519597,2608708.571188106,11261750.27169871,64893.381668469796,fatigue
18.53846153846154,8.307692307692308,166.5891180930571,268.51974749095274,2941396.8820167854,13261909.781575296,74946.97031574583,fatigue
18.53846153846154,8.538461538461538,160.68770462772474,259.07536455473894,3312102.6841609185,15567680.912179954,86420.00345736445,fatigue
18.53846153846154,8.76923076923077,155.05818124211652,250.13483849001284,3724557.4176584086,18218257.2292798,99489.97842235216,fatigue
18.53846153846154,9.0,149.68658503185074,241.66301909110067,4182787.7213316057,21256932.831345852,114353.30410558432,fatigue
18.53846153846154,9.23076923076923,144.5596535460566,233.6276583482653,4691132.310804021,24731448.705577094,131226.9233457379,fatigue
18.53846153846154,9.461538461538462,139.66479661576764,225.99913310711236,5254259.5324933585,28694365.60018601,150350.0418003822,fatigue
18.53846153846154,9.692307692307693,134.99006786970466,218.7501981302324,5877185.637156521,33203465.80712579,171985.96934047918,fatigue
18.53846153846154,9.923076923076923,130.52413644858538,211.8557660726208,6565293.8213057825,38322186.399638,196424.08048959347,fatigue
18.53846153846154,10.153846153846153,126.25625923717033,205.29271121272836,7324354.08890076,44120086.60350893,223981.90095529254,fatigue
18.53846153846154,10.384615384615385,122.17625380746067,199.03969410748073,8160543.989082833,50673352.09964381,255007.32783480303,fatigue
18.53846153846154,10.615384615384617,118.27447218450025,193.07700465280922,9080470.288309168,58065339.159229636,289880.9916169761,fatigue
18.53846153846154,10.846153846153847,114.54177549328189,187.38642132504353,10091191.637051206,66387161.60266962,329018.7686417135,fatigue
18.53846153846154,11.076923076923077,110.96950951157005,181.9510846491878,11200242.29224485,75738323.65147312,372874.4532098732,fatigue
18.53846153846154,11.307692307692308,107.54948113245575,176.75538318589926,12415656.956950225,86227401.81031474,421942.5990561652,fatigue
18.53846153846154,11.538461538461538,104.27393572780953,171.78485054936604,13745996.798239747,97972778.97677828,476761.54039993254,fatigue
18.53846153846154,11.76923076923077,101.13553539655425,167.02607216389973,15200376.703246042,111103434.0307682,537916.6032703222,fatigue
18.53846153846154,12.0,98.12733807786837,162.4666006390829,16788493.831642795,125759790.20611882,606043.5182605188,fatigue
19.076923076923077,3.0,407.8575538881471,773.3135407763447,154457.5624606939,116403.10472213027,2183.035209628698,rutting
19.076923076923077,3.230769230769231,394.5918605585379,729.4027868379443,172214.30072482376,151226.36724325886,2487.5555238524175,rutting
19.076923076923077,3.4615384615384617,380.5429112402696,688.6444334771654,194036.89525222493,195627.02546469463,2870.456095123936,fatigue
19.076923076923077,3.6923076923076925,366.2220454301466,650.8549511565287,220145.38592288163,251862.68566679792,3339.9597496333226,fatigue
19.076923076923077,3.9230769230769234,351.9612536035353,615.834035743954,250886.9739384774,322629.23737114033,3907.1804044942264,fatigue
19.076923076923077,4.153846153846154,337.971303175841,583.3774737341646,286714.1821837143,411127.04228020826,4585.943913638007,fatigue
19.076923076923077,4.384615384615385,324.38163576417884,553.2852008990462,328175.78596446646,521134.39377915097,5392.84041750471,fatigue
19.076923076923077,4.615384615384615,311.2675466459405,525.3661105836602,375914.6124593472,657088.7516495994,6347.4133011715685,fatigue
19.076923076923077,4.846153846153847,298.66858315074103,499.440697864881,430669.2879083955,824176.2630209859,7472.439558594899,fatigue
19.076923076923077,5.076923076923077,286.6009291229971,475.34228657612795,493278.4267014899,1028430.0795253536,8794.279714496979,fatigue
19.076923076923077,5.307692307692308,275.0656981490585,452.9173472968048,564686.4609021887,1276837.972097257,10343.287068427213,fatigue
19.076923076923077,5.538461538461538,264.05445949378037,432.02524870792917,645950.6717215341,1577459.7305075028,12154.272057269498,fatigue
19.076923076923077,5.769230769230769,253.5529016447102,412.53767098885345,738249.1760951396,1939554.817735656,14267.020765078829,fatigue
19.076923076923077,6.0,243.54324805374787,394.3378324725893,842889.724383418,2373720.7341268924,16726.868377632538,fatigue
19.076923076923077,6.230769230769231,234.00584021639986,377.31962834174936,961319.2211470323,2892042.5382184344,19585.329358723728,fatigue
19.076923076923077,6.461538461538462,224.92016716251,361.3867448320701,1095133.9118450703,3508253.975726583,22900.786673153878,fatigue
19.076923076923077,6.6923076923076925,216.26552816767386,346.4517887380069,1246090.1958936625,4237910.690748951,26739.242693897762,fatigue
19.076923076923077,6.923076923076923,208.0214532618937,332.4354562236929,1416116.0371906569,5098576.0382247465,31175.134619748525,fatigue
19.076923076923077,7.153846153846154,200.16796433273024,319.265754468581,1607322.9504564465,6110020.087287805,36292.21736071754,fatigue
19.076923076923077,7.384615384615385,192.68573168955442,306.8772827821808,1822018.547473969,7294432.502914582,42184.51696168259,fatigue
19.076923076923077,7.615384615384616,185.55616235295605,295.2105753332965,2062719.6325578808,8676650.118030556,48957.357755589415,fatigue
19.076923076923077,7.846153846153847,178.76144398478553,284.2115047667534,2332165.8418607432,10284400.158103501,56728.466582233494,fatigue
19.076923076923077,8.076923076923077,172.28456020072844,273.83074419491277,2633333.826659495,12148560.251814513,65629.15758793721,fatigue
19.076923076923077,8.307692307692308,166.10928761018192,264.0232839966674,2969451.986611829,14303436.550073415,75805.60134193934,fatigue
19.076923076923077,8.538461538461538,160.22018137104033,254.74799929402994,3344015.7650833917,16787061.476070255,87420.18227074269,fatigue
19.076923076923077,8.76923076923077,154.60255370558062,245.96726374443216,3760803.5249194736,19641512.83550463,100652.94872336762,fatigue
19.076923076923077,9.0,149.24244828358155,237.6466052754235,4223893.029335472,22913256.222994156,115703.16033778603,fatigue
19.076923076923077,9.23076923076923,144.12661236605484,229.7543995221072,4737678.558784135,26653512.86270045,132790.93777946683,fatigue
19.076923076923077,9.461538461538462,139.24246793687928,222.26159695353195,5306888.700578468,30918655.214011326,152159.0203631635,fatigue
19.076923076923077,9.692307692307693,134.57808261141227,215.1414799554113,5936604.853573008,35770632.853125535,174074.63754395675,fatigue
19.076923076923077,9.923076923076923,130.12214082287875,208.36944644651058,6632280.495210316,41277431.30616315,198831.50076722392,fatigue
19.076923076923077,10.153846153846153,125.86391559784397,201.9228169260841,7399761.262625997,47513566.65760024,226751.92269326642,fatigue
19.076923076923077,10.384615384615385,121.79324110783362,195.78066216672227,8245305.903194588,54560618.88897597,258189.0713538998,fatigue
19.076923076923077,10.615384615384617,117.90048610309937,189.92364907163847,9175608.152836625,62507807.01755134,293529.36734848673,fatigue
19.076923076923077,10.846153846153847,114.17652828208381,184.33390250190638,10197819.60256763,71452609.20406745,333195.03273902065,fatigue
19.076923076923077,11.076923076923077,110.61272961669958,178.99488114368947,11319573.615143498,81501431.08481793,377646.80085146136,fatigue
19.076923076923077,11.307692307692308,107.20091263266539,173.8912657262666,12549010.354265325,92770325.65798365,427386.79672799335,fatigue
19.076923076923077,11.538461538461538,103.93333763156546,169.00885811810122,13894802.988684319,105385768.11981605,482961.5984971235,fatigue
19.076923076923077,11.76923076923077,100.80268083412345,164.33449002071137,15366185.132751247,119485489.10508552,544965.4904315401,fatigue
19.076923076923077,12.0,97.80201342048235,159.8559401498263,16972979.58354766,135219369.84018156,614043.9189440066,fatigue
19.615384615384613,3.0,407.2080683498377,759.8738682439175,155269.8007591891,125907.88047268646,2196.818226061085,rutting
19.615384615384613,3.230769230769231,393.9181074632192,716.7460891000064,173185.57661352845,163554.3353151504,2504.4005592187095,rutting
19.615384615384613,3.4615384615384617,379.8543654375619,676.7158026792546,195196.81902212882,211545.38948047184,2891.059377309602,fatigue
19.615384615384613,3.6923076923076925,365.5260947633197,639.6023907415957,221527.8201466609,272316.04462431907,3365.1440302090014,fatigue
19.615384615384613,3.9230769230769234,351.26364098741124,605.2088013768669,252530.49340216452,348773.0452396719,3937.9148483863073,fatigue
19.615384615384613,4.153846153846154,337.2764726177445,573.3341944287451,288662.6556600316,444365.9074904834,4623.3678801319165,fatigue
19.615384615384613,4.384615384615385,323.6930039618456,543.7818562041916,330479.0632108213,563165.7207852923,5438.2913323801295,fatigue
19.615384615384613,4.615384615384615,310.58771667951015,516.3639171082831,378629.3115489026,709952.261150909,6402.459004828235,fatigue
19.615384615384613,4.846153846153847,297.99951297023216,490.9039419891028,433859.68324634735,890309.9631886776,7538.91561225047,fatigue
19.615384615384613,5.076923076923077,285.94406465010127,467.23812846655454,497017.4410143502,1110733.297019696,8874.332220347536,fatigue
19.615384615384613,5.307692307692308,274.42207861916876,445.2156130736064,569056.7665684175,1378742.0878710877,10439.421631648913,fatigue
19.615384615384613,5.538461538461538,263.4248009866247,424.69822182662574,651045.908516599,1703007.300320074,12269.409594224977,fatigue
19.615384615384613,5.769230769230769,252.93766346098852,405.5598898758038,744175.2938821804,2093487.789883022,14404.560943788701,fatigue
19.615384615384613,6.0,242.94268559472914,387.6858986680086,849766.4605031629,2561578.5061960784,16890.76156219694,fatigue
19.615384615384613,6.230769230769231,233.42004724243247,370.97202748833604,969281.7232233722,3120270.620017318,19780.1580169432,fatigue
19.615384615384613,6.461538461538462,224.34910969243893,355.3236815424444,1104334.5173971255,3784324.046636377,23131.857293895053,fatigue
19.615384615384613,6.6923076923076925,215.70907179577907,340.65503549993815,1256700.3805076685,4570452.85677075,27012.689345507693,fatigue
19.615384615384613,6.923076923076923,207.47938528382812,326.88821593273934,1428328.5430414153,5497524.107649211,31498.03536081348,fatigue
19.615384615384613,7.153846153846154,199.64001176604305,313.9525358248895,1621354.1066744227,6586770.695440872,36672.72478755264,fatigue
19.615384615384613,7.384615384615385,192.171576031845,301.7837875890906,1838110.7932393367,7862018.92753039,42632.00424122238,fatigue
19.615384615384613,7.615384615384616,185.05545172933998,290.32359664477605,2081144.2528871025,9349931.639572002,49482.58154619477,fatigue
19.615384615384613,7.846153846153847,178.27380318650592,279.51883481543507,2353225.924867147,11080267.836141286,57343.748287104776,fatigue
19.615384615384613,8.076923076923077,171.80959900060438,269.32109106794155,2657367.449659676,13086160.011841994,66348.58441555114,fatigue
19.615384615384613,8.307692307692308,165.64660765166974,259.68619609426094,2996835.636866027,15404410.507288702,76645.24866493618,fatigue
19.615384615384613,8.538461538461538,159.76938186055074,250.57379669176999,3375167.999258654,18075808.465908002,88398.35877926205,fatigue
19.615384615384613,8.76923076923077,154.1632360877522,241.9469756746526,3796188.869611273,21145469.176943257,101790.4658617734,fatigue
19.615384615384613,9.0,148.81422004258076,233.771913038301,4264026.123240996,24663197.811375227,117023.62749640044,fatigue
19.615384615384613,9.23076923076923,143.70909006944413,226.01758422816746,4783128.535451825,28683879.77496922,134321.08468719033,fatigue
19.615384615384613,9.461538461538462,138.8352796195369,218.65549158306206,5358283.8091236465,33267900.11140479,153929.0480949645,fatigue
19.615384615384613,9.692307692307693,134.1808695832894,211.65942529492497,5994637.313404654,38481594.58438226,176118.5995218293,fatigue
19.615384615384613,9.923076923076923,129.73455897440417,205.0052505272359,6697711.579707714,44397735.2478395,201187.71509724093,fatigue
19.615384615384613,10.153846153846153,125.48563626929278,198.67071764453672,7473426.605877091,51096053.47615191,229463.41714788898,fatigue
19.615384615384613,10.384615384615385,121.42395158305784,192.6352928133285,8328121.023391365,58663803.5707374,261304.0622808741,fatigue
19.615384615384613,10.615384615384617,117.53988978303673,186.88000653102637,9268574.185739212,67196370.18618996,297101.773768599,fatigue
19.615384615384613,10.846153846153847,113.82434458899583,181.38731791894628,10302029.238609282,76797922.9289677,337285.02688765177,fatigue
19.615384615384613,11.076923076923077,110.26869367588387,176.14099287373458,11436217.234253777,87582121.57662442,382321.39642597316,fatigue
19.615384615384613,11.307692307692308,106.86477477429116,171.12599440743998,12679382.353331976,99672875.44762585,432720.4761269675,fatigue
19.615384615384613,11.538461538461538,103.604862751237,166.32838371881763,14040308.29773817,113205160.52347322,489036.98038037325,fatigue
19.615384615384613,11.76923076923077,100.48164764678135,161.73523072785585,15528345.917416058,128325897.98841457,551874.0389931607,fatigue
19.615384615384613,12.0,97.48821363831439,157.33453297283114,17153442.1330235,145194897.9098096,621886.6963759324,fatigue
20.153846153846153,3.0,406.58040117371286,746.9119375407188,156060.0529143766,135989.55255026487,2210.242003494408,rutting
20.153846153846153,3.230769230769231,393.26713756594876,704.5391604469103,174130.80365172477,176628.7317727874,2520.8119761437047,fatigue
20.153846153846153,3.4615384615384617,379.1892214959782,665.2108802082805,196325.9197929728,228425.0183982745,2911.1386963691602,fatigue
20.153846153846153,3.6923076923076925,364.85389277847344,628.7492956573356,222873.84562491832,294001.0166138174,3389.6952619132953,fatigue
20.153846153846153,3.9230769230769234,350.5899109175156,594.9605006110013,254131.09771460888,376486.385524215,3967.885241445667,fatigue
20.153846153846153,4.153846153846154,336.6054922838427,563.6469166521736,290560.66553992697,479593.96036957466,4659.87121373301,fatigue
20.153846153846153,4.384615384615385,323.02806110891225,534.6150687484201,332723.1500568156,607704.1725727749,5482.635212955201,fatigue
20.153846153846153,4.615384615384615,309.9313151403903,507.68021538982157,381274.76148193615,765958.3436261567,6456.176547295052,fatigue
20.153846153846153,4.846153846153847,297.35353519556946,482.66888707447424,436969.2655717485,960361.4370598565,7603.801979179823,fatigue
20.153846153846153,5.076923076923077,285.30990008273324,459.4200570426853,500662.3783127332,1197894.8532018305,8952.486563940936,fatigue
20.153846153846153,5.307692307692308,273.80072527282965,437.7854360814788,573317.8116520378,1486639.8425908915,10533.295053558468,fatigue
20.153846153846153,5.538461538461538,262.81694596868755,417.6292224237143,656014.5351549262,1835912.0970744276,12381.85981320204,fatigue
20.153846153846153,5.769230769230769,252.34374693290755,398.82752750856724,749955.0096444215,2256408.0559698744,14538.914441635749,fatigue
20.153846153846153,6.0,242.36295169895223,381.26762335102205,856474.2512945643,2760363.442888988,17050.88406330323,fatigue
20.153846153846153,6.230769230769231,232.8545847718488,364.8471065422606,977049.6400816508,3361724.5327023505,19970.534243928443,fatigue
20.153846153846153,6.461538461538462,223.79788468703873,349.47303978780235,1113311.416835588,4076332.6439852016,23357.681029454656,fatigue
20.153846153846153,6.6923076923076925,215.1719537837872,335.06110906279787,1267053.8301169912,4922122.366379217,27279.964916252215,fatigue
20.153846153846153,6.923076923076923,206.95616851363215,321.5348192702243,1440246.904175299,5919334.07015941,31813.691740525563,fatigue
20.153846153846153,7.153846153846154,199.13043248036834,308.8247412377082,1635048.8058385835,7090741.311172627,37044.74359273703,fatigue
20.153846153846153,7.384615384615385,191.67532660155638,296.867816294746,1853818.7932818918,8461893.840773279,43069.56295912417,fatigue
20.153846153846153,7.615384615384616,184.57219227919148,285.60672039550053,2099130.7342677517,10061377.058049798,49996.21339292194,fatigue
20.153846153846153,7.846153846153847,177.80317119990826,274.9892870276294,2373787.1861897632,11921088.89916954,57945.520139754466,fatigue
20.153846153846153,8.076923076923077,171.35121727757505,264.96798646155287,2680834.0353262685,14076535.34291231,67052.29429638195,fatigue
20.153846153846153,8.307692307692308,165.20009090742658,255.49945790362355,3023575.6981967436,16567145.917763283,77466.64427721188,fatigue
20.153846153846153,8.538461538461538,159.3343421865426,246.54409059079103,3405590.893776631,19436610.818563633,89355.37860348627,fatigue
20.153846153846153,8.76923076923077,153.73928744791215,238.06564964912332,3830749.001472636,22733241.47332137,102903.50431827993,fatigue
20.153846153846153,9.0,148.4009819415803,230.03094252950643,4303227.026059465,26510356.636918016,118315.82566676188,fatigue
20.153846153846153,9.23076923076923,143.30619050361054,222.40952195993395,4827527.197087753,30826696.321908653,135818.6480643534,fatigue
20.153846153846153,9.461538461538462,138.44235740236607,215.17342156575006,5408495.236437061,35746866.10196186,155661.5928024527,fatigue
20.153846153846153,9.692307692307693,133.79757612408616,208.296920572828,6051339.333568173,41341814.53612844,178119.5284082939,fatigue
20.153846153846153,9.923076923076923,129.36055957891864,201.7563342995748,6761649.873487129,47689346.65869559,203494.62507682826,fatigue
20.153846153846153,10.153846153846153,125.12061102407031,195.5298274446963,7545419.967357751,54874676.657640435,232118.53912231795,fatigue
20.153846153846153,10.384615384615385,121.06759587967127,189.59724747665038,8409066.839992683,62991023.02359368,264354.7349489009,fatigue
20.153846153846153,10.615384615384617,117.19191453379683,183.93997571914582,9359454.13204067,72140249.59085229,300600.95260572183,fatigue
20.153846153846153,10.846153846153847,113.48447618169651,178.54079399930296,10403915.177525623,82433556.01323946,341291.82956648985,fatigue
20.153846153846153,11.076923076923077,109.93667371136114,173.38376497754774,11550277.319450531,93992221.32227656,386901.68594856834,fatigue
20.153846153846153,11.307692307692308,106.54035962690979,168.4541245091077,12806887.327459676,106948404.30532564,437947.48295676144,fatigue
20.153846153846153,11.538461538461538,103.28782298878924,163.73818459536244,14182637.98207271,121446004.51961356,494991.96489602997,fatigue
20.153846153846153,11.76923076923077,100.17176734267323,159.22324566948618,15686995.889802689,137641587.82695118,558646.9956404894,fatigue
20.153846153846153,12.0,97.18528960534091,154.8975171256829,17330030.592606284,155705380.39591476,629577.100969331,fatigue
20.69230769230769,3.0,405.9734209998123,734.4014015764737,156829.2545133157,146672.39553568207,2223.3212651427084,rutting
20.69230769230769,3.230769230769231,392.63775749119264,692.7571736643986,175051.08724150795,190480.87283545412,2536.8074428076834,fatigue
20.69230769230769,3.4615384615384617,378.54624376807595,654.1062583630162,197425.50099458877,246306.1141258855,2930.715267112649,fatigue
20.69230769230769,3.6923076923076925,364.2041772209663,618.2735819436364,224184.99624697136,316968.9360540045,3413.638914287458,fatigue
20.69230769230769,3.9230769230769234,349.9387869421899,585.0682826694036,255690.58814193745,405834.4445790508,3997.1221359686097,fatigue
20.69230769230769,4.153846153846154,335.9570813287324,554.2959377568611,292410.32232205686,516893.50992602785,4695.490515034066,fatigue
20.69230769230769,4.384615384615385,322.38552967406685,525.7662045218182,334910.5136125933,654853.0911064236,5525.915832419566,fatigue
20.69230769230769,4.615384615384615,309.2970738295849,499.29736602900863,383853.83957890945,825236.0225352058,6508.618182363382,fatigue
20.69230769230769,4.846153846153847,296.72939561223654,474.718819574238,440001.38303683157,1034490.8861857103,7667.1609144262675,fatigue
20.69230769230769,5.076923076923077,284.6971987362853,451.87222086813625,504217.12613451236,1290112.594202446,9028.816768215785,fatigue
20.69230769230769,5.307692307692308,273.2004216032704,430.61176798709744,577474.1005823804,1600774.298092091,10624.995175835651,fatigue
20.69230769230769,5.538461538461538,262.2297000315375,410.8039507063647,660861.760546869,1976471.222685943,12491.726753204113,fatigue
20.69230769230769,5.769230769230769,251.76998108287611,392.32698223029763,755594.3356904935,2428676.999124184,14670.204250538494,fatigue
20.69230769230769,6.0,241.80289967945916,375.07005647809626,863020.024061531,2970513.045944069,17207.381013718503,fatigue
20.69230769230769,6.230769230769231,232.30833089151093,358.93252417019073,984630.9397488718,3616931.526987543,20156.628995147956,fatigue
20.69230769230769,6.461538461538462,223.26539519419262,343.82304741410536,1122073.7603041874,4384912.405980378,23578.45890159197,fatigue
20.69230769230769,6.6923076923076925,214.6531020997083,329.65877006021014,1277161.0356389587,5293675.12700244,27541.305373329138,fatigue
20.69230769230769,6.923076923076923,206.45075562761943,316.3645261852967,1451883.129835925,6364905.483757119,32122.380265569,fatigue
20.69230769230769,7.153846153846154,198.63820352553557,303.87209921086395,1648420.7736014903,7622998.303392591,37408.59721546931,fatigue
20.69230769230769,7.384615384615385,191.19598440417093,292.11953771000265,1869158.2098736742,9095316.665734464,43497.57076686852,fatigue
20.69230769230769,7.615384615384616,184.10540849543435,281.0505297797168,2116696.9194498663,10812468.507242037,50498.693416130605,fatigue
20.69230769230769,7.846153846153847,177.34859551311766,270.613835200221,2393869.917962247,12808601.619789664,58534.294053665784,fatigue
20.69230769230769,8.076923076923077,170.90848501930114,260.7627729638888,2703756.6203639237,15121718.244518405,67740.88141864607,fatigue
20.69230769230769,8.307692307692308,164.7688293810856,251.45476079610842,3049698.2743773516,17794010.675870106,78270.47636731373,fatigue
20.69230769230769,8.538461538461538,158.91417590823056,242.65090278250068,3435313.9700726834,20872219.524623238,90292.03698333114,fatigue
20.69230769230769,8.76923076923077,153.32984247087148,234.31562101049252,3864517.238798861,24408016.534655135,103992.98083480664,fatigue
20.69230769230769,9.0,148.00188939538637,226.41632712617005,4341533.260957979,28458414.099412963,119580.80900788127,fatigue
20.69230769230769,9.23076923076923,142.91708945343836,218.92312983065938,4870916.708449963,33086203.873983383,137284.83692027946,fatigue
20.69230769230769,9.461538461538462,138.06289711525298,211.80857454632914,5457570.25386674,38360427.1212303,157358.0373375495,fatigue
20.69230769230769,9.692307692307693,133.42741781596672,205.0474117389324,6106763.784538253,44356879.66060454,180079.0014761727,fatigue
20.69230769230769,9.923076923076923,128.9993777068082,198.61639066409643,6824154.3651847895,51158654.50198421,205754.02457623972,fatigue
20.69230769230769,10.153846153846153,124.76809418090524,192.4940755988013,7615806.998093061,58856725.44163822,234719.32285627423,fatigue
20.69230769230769,10.384615384615385,120.72344734409286,186.66068190907663,8488216.23430091,67550575.07162176,267343.3893174141,fatigue
20.69230769230769,10.615384615384617,116.85585252293785,181.0979295858442,9448328.693166116,77348870.80745855,304029.496436634,fatigue
20.69230769230769,10.846153846153847,113.15623385136088,175.78891214624701,10503566.550854182,88370192.67252818,345218.35437210294,fatigue
20.69230769230769,11.076923076923077,109.61599894459638,170.7179790443891,11661852.060666652,100743816.69282995,391390.9338909433,fatigue
20.69230769230769,11.307692307692308,106.22701464868696,165.87062996126826,12931633.169743259,114610557.85490467,443071.4638143272,fatigue
20.69230769230769,11.538461538461538,102.98158384124963,161.2334195480392,14321910.297511788,130123676.66525686,500830.6133507595,fatigue
20.69230769230769,11.76923076923077,99.87242325214757,156.79387137971275,15842264.341362072,147449853.42438096,565288.8702502986,fatigue
20.69230769230769,12.0,96.89264226910468,152.54040003874488,17502885.974437427,166770234.39507586,637120.12625609,fatigue
21.23076923076923,3.0,405.3860770405385,722.3179181865219,157578.28461251836,157981.29040122443,2236.069873203002,fatigue
21.23076923076923,3.230769230769231,392.0288598819496,681.3771941802349,175947.46576732994,205142.85483809313,2552.403592990596,fatigue
21.23076923076923,3.4615384615384617,377.92428652644367,643.3803168973578,198496.78688642624,265229.8769561566,2949.809062574655,fatigue
21.23076923076923,3.6923076923076925,363.5757784189868,608.1548547085077,225462.71263289967,341272.4079717597,3436.998967243211,fatigue
21.23076923076923,3.9230769230769234,349.3090868628275,575.5128939182732,257210.65634519147,436884.0165039545,4025.6542991055594,fatigue
21.23076923076923,4.153846153846154,335.3300540367608,545.2630664158572,294213.6080101576,556348.8876621609,4730.260248107998,fatigue
21.23076923076923,4.384615384615385,321.7642275006083,517.2180607477773,337043.4706958381,704718.3478352617,5568.174410743637,fatigue
21.23076923076923,4.615384615384615,308.68381966752054,491.1990861423143,386369.2477635521,887917.466833923,6559.833117587466,fatigue
21.23076923076923,4.846153846153847,296.1259344775396,467.038312752283,442959.1795341967,1112862.4018027924,7729.0510446809,fatigue
21.23076923076923,5.076923076923077,284.1048174459722,444.579990279185,507685.3346242509,1387589.1499828347,9103.392541700472,fatigue
21.23076923076923,5.307692307692308,272.6200434389849,423.6807215276015,581529.8624120502,1721394.3688038315,10714.60471854771,fatigue
21.23076923076923,5.538461538461538,261.6619597433189,404.2092112695394,665592.4747411303,2124988.9028691077,12599.108383420373,fatigue
21.23076923076923,5.769230769230769,251.21528442424122,386.04570380798503,761098.9157515792,2610664.63120301,14798.546180600986,fatigue
21.23076923076923,6.0,241.26147076532993,369.08124989899903,869410.2807738251,3192475.2195359147,17360.389062588005,fatigue
21.23076923076923,6.230769230769231,231.78024996979937,353.2168945651368,992033.1002286341,3886431.3376592835,20338.60322139122,fatigue
21.23076923076923,6.461538461538462,222.75062887199243,338.36284433583455,1130630.1343298552,4710710.888063841,23794.380154044033,fatigue
21.23076923076923,6.6923076923076925,214.1515276307354,324.43765040657064,1287031.8408300981,5685884.7963955095,27796.93284358774,fatigue
21.23076923076923,6.923076923076923,205.96218052283217,311.367429566561,1463248.4874981048,6835158.943383503,32424.361210643532,fatigue
21.23076923076923,7.153846153846154,198.16238147456207,299.085135084583,1661482.8870065885,8184632.877253125,37764.5900982338,fatigue
21.23076923076923,7.384615384615385,190.73262827691374,287.52988342462936,1884143.7363969355,9763576.038909344,43916.383134463395,fatigue
21.23076923076923,7.615384615384616,183.65420102009722,276.64633858140286,2133859.5473436997,11604722.360947633,50990.43590030861,fatigue
21.23076923076923,7.846153846153847,176.90919809040977,266.3841532369547,2413493.1576305535,13744584.265178913,59110.551930739544,fatigue
21.23076923076923,8.076923076923077,170.48054502590435,256.6974643463497,2726156.818839489,16223787.279076636,68414.90520901245,fatigue
21.23076923076923,8.307692307692308,164.35198623307215,247.54443982946216,3075227.860336687,19087426.714781996,79057.39298473757,fatigue
21.23076923076923,8.538461538461538,158.50806609230574,238.88687255596557,3464364.9351952723,22385448.099039532,91209.08296203021,fatigue
21.23076923076923,8.76923076923077,152.934103704169,230.68981761303482,3897524.859643086,26173053.30175818,105059.75916810747,fatigue
21.23076923076923,9.0,147.61616403970564,222.92126884062995,4378980.0638413485,30511134.577556133,120819.57112658668,fatigue
21.23076923076923,9.23076923076923,142.54102728447808,215.5518707403421,4913336.678144476,35466739.0014636,138720.79132314632,fatigue
21.23076923076923,9.461538461538462,137.69615752922343,208.55466206453514,5505553.285309492,41113566.040401965,159019.68636214215,fatigue
21.23076923076923,9.692307692307693,133.06967154304783,201.90484764120234,6160960.375267816,47532501.250417545,181998.50766796706,fatigue
21.23076923076923,9.923076923076923,128.6503080917397,195.57959526412355,6885280.544897318,54812189.32149882,207967.60807969308,fatigue
21.23076923076923,10.153846153846153,124.42739808437564,189.55785476184093,7684649.490613067,63049649.90394088,237267.69121637408,fatigue
21.23076923076923,10.384615384615385,120.39083571363908,183.82019664149163,8565637.8464198,72350939.84078221,270272.20104693325,fatigue
21.23076923076923,10.615384615384617,116.53105067814535,178.34866797679933,9535273.924246198,82831865.59929772,307389.8596759171,fatigue
21.23076923076923,10.846153846153847,112.83898152480975,173.12666346828684,10601067.416848792,94618749.8413773,349067.3619476839,fatigue
21.23076923076923,11.076923076923077,109.30605011694301,168.1388098445895,11771034.126282034,107849256.1994049,395792.23606956,fatigue
21.23076923076923,11.307692307692308,105.92413721333313,163.37086199474592,13053721.78286522,122673276.43310334,448095.8800525116,fatigue
21.23076923076923,11.538461538461538,102.68555913112911,158.8096094216856,14458237.020738672,139253884.23640788,506556.78435968864,fatigue
21.23076923076923,11.76923076923077,99.5830454582305,154.4427917868615,15994273.576508781,157768360.04468814,571803.9517329254,fatigue
21.23076923076923,12.0,96.60971777728179,150.25902247577375,17672141.777183402,178409291.2643447,644520.5257304469,fatigue
21.76923076923077,3.0,404.8173917159443,710.6389539802329,158307.97030868116,169941.72971104647,2248.5008968353877,fatigue
21.76923076923077,3.230769230769231,391.439415436994,670.3779944913103,176820.91605748676,220647.56091121706,2567.61610829434,fatigue
21.76923076923077,3.4615384615384617,377.32228555659566,633.0130473901039,199540.92904594477,285238.51409845374,2968.4389131780044,fatigue
21.76923076923077,3.6923076923076925,362.9676105564974,598.3742418284289,226708.34981124694,366965.31883247785,3459.798030438641,fatigue
21.76923076923077,3.9230769230769234,348.6997137875449,566.2765203130164,258692.893436366,469703.5168076457,4053.508856341768,fatigue
21.76923076923077,4.153846153846154,334.7233107377391,536.5314732591645,295972.38676523545,598046.4647038523,4764.212912692554,fatigue
21.76923076923077,4.384615384615385,321.1630586496414,508.9547241846097,339124.20032998954,757408.3650344857,5609.449820983539,fatigue
21.76923076923077,4.615384615384615,308.0904655170995,483.370314834876,388823.5271931955,954138.0174009416,6609.867761078043,fatigue
21.76923076923077,4.846153846153847,295.5420773651913,459.6130988642847,445845.61178619956,1195643.9973593953,7789.527663039148,fatigue
21.76923076923077,5.076923076923077,283.5316974657991,437.5298358415263,511070.436454889,1490531.9741341579,9176.279629994042,fatigue
21.76923076923077,5.307692307692308,272.0585499227482,416.97945484024314,585489.0739961345,1848754.8701703714,10802.201698601433,fatigue
21.76923076923077,5.538461538461538,261.1127037276578,397.83280292490304,670211.2758445921,2281776.5457248157,12704.097100597637,fatigue
21.76923076923077,5.769230769230769,250.6786561552552,379.9720884151521,766474.056188816,2802749.6633039163,14924.049450286248,fatigue
21.76923076923077,6.0,240.7376854222092,363.2901571748893,875651.1341784127,3426708.354705569,17510.037074460204,fatigue
21.76923076923077,6.230769230769231,231.26938411236284,347.68969180743807,999263.151207231,4170776.284180711,20516.608695097722,fatigue
21.76923076923077,6.461538461538462,222.25264958624604,333.0823911719303,1138988.6098928596,5054390.682234111,24005.62322723399,fatigue
21.76923076923077,6.6923076923076925,213.66631592750932,319.38816596312375,1296675.4975706048,6099542.9235419715,28047.05676050429,fatigue
21.76923076923077,6.923076923076923,205.48955021199097,306.5343717150476,1474353.5662991381,7331036.246615768,32719.879964564854,fatigue
21.76923076923077,7.153846153846154,197.70209447252313,294.455091112033,1674247.2470798995,8776761.268252173,38113.00926194797,fatigue
21.76923076923077,7.384615384615385,190.28440709435796,283.0904713023352,1898789.1801878582,10467990.03675842,44326.33518765918,fatigue
21.76923076923077,7.615384615384616,183.21773900925993,272.38611791920425,2150634.3472791794,12439689.496551905,51471.8314294102,fatigue
21.76923076923077,7.846153846153847,176.48416789901265,262.29254498947967,2432674.794856043,14730855.402764887,59674.74813370448,fatigue
21.76923076923077,8.076923076923077,170.0666056011241,252.76467836005492,2748054.9430101127,17384867.92543799,69074.89318367181,fatigue
21.76923076923077,8.307692307692308,163.94878863862257,243.7614093705044,3100187.47823395,20449870.414247114,79828.00531351878,fatigue
21.76923076923077,8.538461538461538,158.11525834031107,235.2451950275632,3492769.8344752155,23979173.050388206,92107.22312792885,fatigue
21.76923076923077,8.76923076923077,152.55133475725566,227.18170074858853,3929801.272436018,28031683.38507224,106104.65434667883,fatigue
21.76923076923077,9.0,147.24308710448395,219.5394817392545,4415600.573269636,32672366.046415377,122033.04989703887,fatigue
21.76923076923077,9.23076923076923,142.17730249261325,212.28969919014506,4954824.369160684,37972734.18067386,140127.58782943775,fatigue
21.76923076923077,9.461538461538462,137.3414540843697,205.405867672963,5552486.139638933,44011375.47267134,160647.7724338555,fatigue
21.76923076923077,9.692307692307693,132.72366939920545,198.86363035914474,6213975.908721319,50874515.857631944,183879.4543825837,fatigue
21.76923076923077,9.923076923076923,128.31269921959955,192.64055895028298,6945080.683954628,58656624.287421614,210136.9782151103,fatigue
21.76923076923077,10.153846153846153,124.09788737580263,186.71597548580516,7752005.684009649,67461062.14472246,239765.46400765624,fatigue
21.76923076923077,10.384615384615385,120.06914156972562,181.07079346819373,8641396.40654063,77400781.10657322,273143.2306272219,fatigue
21.76923076923077,10.615384615384617,116.21690532259657,175.68737601213263,9620361.592472782,88599073.44311881,310684.36855111737,fatigue
21.76923076923077,10.846153846153847,112.53213108136715,170.54940897626946,10696497.146642013,101190378.8985655,352841.4708308645,fatigue
21.76923076923077,11.076923076923077,109.00625448679497,165.6417872714813,11877911.077731427,115321152.44059812,400108.5313869149,fatigue
21.76923076923077,11.307692307692308,105.63116978582407,160.95051275572888,13173249.522701357,131150797.28400575,453024.02043095423,fatigue
21.76923076923077,11.538461538461538,102.39920635846748,156.46260232194723,14591723.92238505,148852667.6967003,512174.147419043,fatigue
21.76923076923077,11.76923076923077,99.30310632225475,152.16600496192282,16143139.415637739,168615146.18467808,578196.3225356047,fatigue
21.76923076923077,12.0,96.33600317368723,148.04952674631573,17837924.519414313,190642799.72989598,651782.8282900578,fatigue
22.307692307692307,3.0,404.2664541138104,699.3436116646449,159019.09083789584,182579.82277589772,2260.626673227304,fatigue
22.307692307692307,3.230769230769231,390.86846585099147,659.7398908497383,177672.3582765371,237028.6676027221,2582.459791918461,fatigue
22.307692307692307,3.4615384615384617,376.7392507122999,622.9858987269441,200559.0121759835,306375.24813663086,2986.622595638438,fatigue
22.307692307692307,3.6923076923076925,362.3786639531012,588.9142476811736,227923.18408613926,394102.84727828973,3482.057450233961,fatigue
22.307692307692307,3.9230769230769234,348.1096482239531,557.3426488615005,260138.79807359463,504362.9959565411,4080.7114199778343,fatigue
22.307692307692307,4.153846153846154,334.1358297838993,528.0855595734336,297688.4144225803,642074.6687889064,4797.379198296162,fatigue
22.307692307692307,4.384615384615385,320.5810053185086,500.96144659515124,341154.75490518817,813034.1369744169,5649.778773837951,fatigue
22.307692307692307,4.615384615384615,307.51600208941795,475.7970950011508,391219.07131769013,1024036.2132548615,6658.765942178769,fatigue
22.307692307692307,4.846153846153847,294.976827094668,452.42995687814187,448663.46459215914,1283007.6407905947,7848.64299244943,fatigue
22.307692307692307,5.076923076923077,282.9768564501658,430.7092216063772,514375.6645945333,1599153.3833784128,9247.540129782199,fatigue
22.307692307692307,5.307692307692308,271.5149755677348,410.4960698965711,589355.480656017,1983116.5667222268,10887.859803443365,fatigue
22.307692307692307,5.538461538461538,260.58098481141263,391.6634219812645,674722.49401223,2447152.799920859,12806.780173061316,fatigue
22.307692307692307,5.769230769230769,250.15916841145932,374.0953864516293,771724.7537953695,3005319.575809318,15046.817213121716,fatigue
22.307692307692307,6.0,240.23063571906593,357.6865456544323,881748.3399620542,3673681.413260598,17656.446752986587,fatigue
22.307692307692307,6.230769230769231,230.7748456504823,342.34116593708586,1006327.7111921554,4470531.37070122,20690.7887475237,fatigue
22.307692307692307,6.461538461538462,221.77059002577747,327.9723890759088,1147156.7852277176,5416629.535707193,24212.35662775023,fatigue
22.307692307692307,6.6923076923076925,213.19661995030995,314.5014399079038,1306100.7150881572,6535459.088827651,28291.874887380556,fatigue
22.307692307692307,6.923076923076923,205.03203770358135,301.856871055117,1485208.3335214485,7853500.558569749,33009.16823130481,fatigue
22.307692307692307,7.153846153846154,197.2565352529146,289.9738563300411,1686725.243482715,9400524.93547308,38454.12571179594,fatigue
22.307692307692307,7.384615384615385,189.85053292308578,278.79353834638147,1913107.5363434427,11209906.401332555,44727.74334840032,fatigue
22.307692307692307,7.615384615384616,182.79525342784927,268.2624319567747,2167036.1230199966,13318955.5575758,51943.248794611754,fatigue
22.307692307692307,7.846153846153847,176.07275434581865,258.331882675525,2451431.666851836,15769274.204784838,60227.31169661304,fatigue
22.307692307692307,8.076923076923077,169.6659341327331,248.9575777367533,2769470.111150467,18607132.9311605,69721.34349957318,fatigue
22.307692307692307,8.307692307692308,163.55852151373392,240.09910656406842,3124598.798987543,21883873.006966665,80582.89060446942,fatigue
22.307692307692307,8.538461538461538,157.735054661989,231.71956697232426,3520553.187996285,25656334.348508622,92987.12496985414,fatigue
22.307692307692307,8.76923076923077,152.18085432410453,223.78521324249132,3961374.168653353,29987311.60158472,107128.43649278252,fatigue
22.307692307692307,9.0,146.88199358760147,216.2651422118383,4451426.000576203,34946040.69259537,123222.13179372445,fatigue
22.307692307692307,9.23076923076923,141.82526603056183,209.13101363980203,4995414.88767632,40608718.49741569,141506.2443723799,fatigue
22.307692307692307,9.461538461538462,136.99815337071746,202.3568013017861,5598408.219399405,47059058.57608458,162243.4614938402,fatigue
22.307692307692307,9.692307692307693,132.38879332464427,195.91857149912568,6265854.511609276,54388886.20847079,185723.17360507842,fatigue
22.307692307692307,9.923076923076923,127.98594812182067,189.79428593300554,7003604.086782089,62698776.23667638,212263.65256638618,fatigue
22.307692307692307,10.153846153846153,123.77897394406467,183.96362615870635,7817930.538935248,72098737.4698183,242214.36550616843,fatigue
22.307692307692307,10.384615384615385,119.75779144652539,178.40783710407172,8715553.03399916,82708947.63310981,275958.4316645898,fatigue
22.307692307692307,10.615384615384617,115.91285744141469,173.1095873952914,9703659.501042629,94660543.0445941,313915.23017524777,fatigue
22.307692307692307,10.846153846153847,112.23513777664162,168.05284447916895,10789930.773807107,108096467.3793655,356543.1673375466,fatigue
22.307692307692307,11.076923076923077,108.71608140978518,163.222762760737,11982565.745324409,123172384.03388502,404342.6125483793,fatigue
22.307692307692307,11.307692307692308,105.34759565766717,158.60558318658778,13290307.600953452,140057656.73403668,457859.01268317184,fatigue
22.307692307692307,11.538461538461538,102.12202258938292,154.18854289671052,14722471.196960274,158936403.14265308,517686.1953366101,fatigue
22.307692307692307,11.76923076923077,99.03211652348774,149.95979374089623,16288971.652782602,180008626.31850404,584469.8719459807,fatigue
22.307692307692307,12.0,96.07102258637167,145.90832861040258,18000354.225401383,203491428.96237403,658911.3524198638,fatigue
22.846153846153847,3.0,403.73241416519085,688.4124775314756,159712.38126279577,195922.30076317352,2272.4588626086957,fatigue
22.846153846153847,3.230769230769231,390.315117536411,649.4445990611745,178502.66032115725,254320.65144275845,2596.9486350590646,fatigue
22.846153846153847,3.4615384615384617,376.17425930314374,613.2816407039302,201552.05931848977,328684.32541499246,3004.3769129188163,fatigue
22.846153846153847,3.6923076923076925,361.80799821362126,579.7586240678181,229108.41919845765,422741.4747758071,3503.797405821113,fatigue
22.846153846153847,3.9230769230769234,347.5379410685643,548.6959454002156,261549.78372014113,540934.1528108256,4107.286204545007,fatigue
22.846153846153847,4.153846153846154,333.56666044182236,519.9108414918225,299363.34702150483,688524.0011160007,4829.788122567249,fatigue
22.846153846153847,4.384615384615385,320.0171206855758,493.22453493449166,343137.070176791,871709.2509186934,5689.195983284271,fatigue
22.846153846153847,4.615384615384615,306.9594907815876,468.466469119616,393558.1375731183,1097753.8175639603,6706.569109433729,fatigue
22.846153846153847,4.846153846153847,294.4292565939087,445.47661350942707,451415.364475841,1375129.2865434939,7906.446421951748,fatigue
22.846153846153847,5.076923076923077,282.43938136642674,424.10651104469656,517604.0682027729,1713670.596771637,9317.232770306267,fatigue
22.846153846153847,5.307692307692308,270.9884232393302,404.2195230170691,593132.6146606806,2124746.219795863,10971.648725897907,fatigue
22.846153846153847,5.538461538461538,260.06592309058453,385.6905770441816,679130.2128955431,2621443.61246185,12907.240138418045,fatigue
22.846153846153847,5.769230769230769,249.6559594268763,368.40562135475784,776855.7206452375,3218770.687956212,15166.947029311801,fatigue
22.846153846153847,6.0,239.7394785929666,352.2609190444421,887707.3254896313,3933874.011132004,17799.733199237176,fatigue
22.846153846153847,6.230769230769231,230.29581051547657,337.16226905190007,1013233.0206896724,4786274.385450382,20861.27892850682,fatigue
22.846153846153847,6.461538461538462,221.30364519082906,323.0242091488972,1155141.8240541473,5798120.468886555,24414.73970645444,fatigue
22.846153846153847,6.6923076923076925,212.7416536745885,309.7692352690797,1315315.7039238128,6994461.04344579,28531.574233019175,fatigue
22.846153846153847,6.923076923076923,204.58887572678782,297.327057610548,1495822.1850444146,8403536.575952094,33292.44510494865,fatigue
22.846153846153847,7.153846153846154,196.82495498371347,285.633904816095,1698927.6122698663,10057090.753889212,38788.195695782626,fatigue
22.846153846153847,7.384615384615385,189.43027499026934,274.6318815901615,1927111.0536752255,11990702.764870912,45120.90680396923,fatigue
22.846153846153847,7.615384615384616,182.38603114198207,264.26838129278997,2183078.827866817,14244141.215095228,52405.03670371585,fatigue
22.846153846153847,7.846153846153847,175.67426149468957,254.49555264610962,2469779.643649538,16861740.75159834,60768.648306792726,fatigue
22.846153846153847,8.076923076923077,169.277851436041,245.26981822164186,2790420.3440492554,19892802.663391106,70354.72724366393,fatigue
22.846153846153847,8.307692307692308,163.18052198615482,236.55144152924746,3148482.2511112913,23392020.983399436,81322.59480868933,fatigue
22.846153846153847,8.538461538461538,157.36680807511323,228.3041390896639,3547738.1129129124,27419935.890339155,93849.41989377303,fatigue
22.846153846153847,8.76923076923077,151.8220309132755,220.49473370200153,3992269.659776016,32043416.509642426,108131.8342626083,fatigue
22.846153846153847,9.0,146.5322671165601,213.09284512206946,4486485.782637039,37336175.52690116,124387.65579646842,fatigue
22.846153846153847,9.23076923076923,141.48431630252998,206.0706144847089,5035141.352792625,43379318.34738207,142857.72467354385,fatigue
22.846153846153847,9.461538461538462,136.66566825708722,199.4024589914739,5643356.708639014,50261929.852728024,163807.85782647555,fatigue
22.846153846153847,9.692307692307693,132.06447037005563,193.0648536154255,6316637.841411254,58081702.11353093,187530.9274550486,fatigue
22.846153846153847,9.923076923076923,127.6694957757202,187.03613682773178,7060897.318151655,66945606.70775543,214349.0698494503,fatigue
22.846153846153847,10.153846153846153,123.4701124627409,181.29633761232932,7882475.986054874,76970615.56519517,244616.03129942718,fatigue
22.846153846153847,10.384615384615385,119.45625350525766,175.8270212954439,8788165.507824117,88284474.50383238,278719.6584205425,fatigue
22.846153846153847,10.615384615384617,115.61838849312042,170.61115196934153,9785231.78261419,101026533.8435181,317084.540813962,fatigue
22.846153846153847,10.846153846153847,111.94749619080729,165.63296952973224,10881439.311448932,115348640.6752773,360174.814584115,fatigue
22.846153846153847,11.076923076923077,108.4350384232071,160.87787957059746,12085076.569607828,131416097.53185411,408497.135861777,fatigue
22.846153846153847,11.307692307692308,105.07293516640452,156.33235458711007,13404982.451339819,149408692.34866887,462603.8341116732,fatigue
22.846153846153847,11.538461538461538,101.85354080923348,151.98384512584792,14850573.854354324,169521804.72700334,523096.25563653285,fatigue
22.846153846153847,11.76923076923077,98.76962154416704,147.82069969157646,16431874.472860597,191967593.61609024,590628.3083172159,fatigue
22.846153846153847,12.0,95.81433384240577,143.83209237190914,18159544.86849644,216976271.62133017,665910.2192452826,fatigue
23.384615384615383,3.0,403.21447744279163,677.8274863312256,160388.53579827517,209996.52176324264,2284.0084979564804,fatigue
23.384615384615383,3.230769230769231,389.77853602485095,639.4751067583169,179312.64178105892,272558.79545288,2611.0958768403993,fatigue
23.384615384615383,3.4615384615384617,375.6264502043798,603.8842432470877,202521.03654883688,352211.02435366815,3021.7177663447314,fatigue
23.384615384615383,3.6923076923076925,361.2547361316777,570.8922559428622,230265.19186982018,452938.99617510283,3525.036995879456,fatigue
23.384615384615383,3.9230769230769234,346.98370737281545,540.3221464194805,262927.18517283426,579490.3479496475,4133.25613079517,fatigue
23.384615384615383,4.153846153846154,333.01491657622773,511.9938475204479,300998.7484730408,737487.0530564522,4861.467155910223,fatigue
23.384615384615383,4.384615384615385,319.47052255613283,485.7312542061568,345072.9742495187,933549.9079538175,5727.734315689021,fatigue
23.384615384615383,4.615384615384615,306.4200573201087,461.3663870895392,395842.8578848015,1175435.843450571,6753.31650873079,fatigue
23.384615384615383,4.846153846153847,293.89850256812935,438.7416557117926,454103.7919384098,1472188.9073546822,7962.984719175345,fatigue
23.384615384615383,5.076923076923077,281.9184222110632,417.7108838859899,520758.5268970966,1834305.7746107427,9385.4131664459,fatigue
23.384615384615383,5.307692307692308,270.47805793560633,398.13954577422885,596823.8118068543,2273916.634902206,11053.634465122568,fatigue
23.384615384615383,5.538461538461538,259.5666997880058,379.90451371958034,683438.2888778764,2804982.286047012,13005.555160887709,fatigue
23.384615384615383,5.769230769230769,249.16822747858595,362.89351785949304,781871.4063709197,3443508.2269265414,15284.531289340537,fatigue
23.384615384615383,6.0,239.26342988762914,347.0044490012446,893533.2155617581,4207776.501179065,17940.005413044237,fatigue
23.384615384615383,6.230769230769231,229.83151237633194,332.14459002292165,1019984.9719345608,5118595.999501462,21028.20759878304,fatigue
23.384615384615383,6.461538461538462,220.85106663334844,318.2298300888872,1162950.4898296199,6199571.892620243,24612.923356952673,fatigue
23.384615384615383,6.6923076923076925,212.30068643638194,305.1838953340382,1324328.2153197331,7477394.848000886,28766.33187365676,fatigue
23.384615384615383,6.923076923076923,204.15935118374733,292.93761601449853,1506203.990543046,8982150.690218767,33569.91803466946,fatigue
23.384615384615383,7.153846153846154,196.40665782766723,281.4282411542764,1710864.4876398947,10747651.205675649,39115.46183473775,fatigue
23.384615384615383,7.384615384615385,189.02295435291222,270.59880588713565,1940811.2938150628,12811786.873299107,45506.10882648356,fatigue
23.384615384615383,7.615384615384616,181.9894096979377,260.3975529547409,2198775.631984337,15216902.427941656,52857.52531711566,fatigue
23.384615384615383,7.846153846153847,175.28804295591448,250.77740747375378,2487733.704570451,18010196.333642904,61299.14208671994,fatigue
23.384615384615383,8.076923076923077,168.90172675462583,241.69550265614103,2810922.651599089,21244145.45822974,70975.4904924883,fatigue
23.384615384615383,8.307692307692308,162.81417450825955,233.11275334541037,3171857.1184405615,24976956.494850997,82047.63494886621,fatigue
23.384615384615383,8.538461538461538,157.0099178314471,224.99347380879982,3574346.433364372,29273045.96379292,94694.70594168479,fatigue
23.384615384615383,8.76923076923077,151.4742781879635,217.30503606381703,4022512.4004669324,34203550.94149388,109115.53795019732,fatigue
23.384615384615383,9.0,146.19333540366077,210.0175650254805,4520807.71939473,39846872.99433842,125530.41691793247,fatigue
23.384615384615383,9.23076923076923,141.15389473554742,203.10366687746222,5074035.049487219,46289258.13340907,144182.94223307158,fatigue
23.384615384615383,9.461538461538462,136.3434535795632,196.5381872551736,5687366.742356089,53625415.94412156,165342.0085515037,fatigue
23.384615384615383,9.692307692307693,131.75016850308978,190.29799605417261,6366365.273350275,61959181.373409145,189303.9132192886,fatigue
23.384615384615383,9.923076923076923,127.36282302969816,184.36179592400043,7117004.40867458,71404222.96998152,216394.59552283495,fatigue
23.384615384615383,10.153846153846153,123.17079643457379,178.70995176250563,7945691.1509907935,82084801.66465884,246972.01451040697,fatigue
23.384615384615383,10.384615384615385,119.1640336982195,173.32433877958093,8859288.512002185,94136584.44398524,281428.6726822744,fatigue
23.384615384615383,10.615384615384617,115.33301669328073,168.1882069454958,9865139.165687151,107707517.50902905,320194.2934326343,fatigue
23.384615384615383,10.846153846153847,111.66873663164175,163.28605987321654,10971090.040412143,122958763.72171398,363738.66073769215,fatigue
23.384615384615383,11.076923076923077,108.16266776791225,158.60354640327137,12185517.912037907,140065709.32392347,412574.63021369907,fatigue
23.384615384615383,11.307692307692308,104.80674233553783,154.12736336209937,13517356.063287852,159219045.0717554,467261.3213092752,fatigue
23.384615384615383,11.538461538461538,101.59332667942634,149.84516814954793,14976122.077037912,180625927.0613436,528407.5010407655,fatigue
23.384615384615383,11.76923076923077,98.51519854175048,145.7454999780611,16571946.83280693,204511222.63703546,596675.1703211038,fatigue
23.384615384615383,12.0,95.56552545382999,141.8177087355659,18315604.776586734,231118846.87078238,672783.3645655593,fatigue
23.923076923076923,3.0,402.71190050337873,667.5718011964451,161048.21081907232,224830.47581300154,2295.286030019733,fatigue
23.923076923076923,3.230769230769231,389.2579409608454,629.8155599297514,180103.0775175707,291779.1956006081,2624.914058555555,fatigue
23.923076923076923,3.4615384615384617,375.0950185958409,594.7787691398721,203466.85721397516,377001.66369478824,3038.6602208289532,fatigue
23.923076923076923,3.6923076923076925,360.71805824924894,562.3010599493945,231394.57680498794,484754.530181594,3545.7943169098344,fatigue
23.923076923076923,3.9230769230769234,346.44612078415395,532.2079630337453,264272.2644498777,620106.616887535,4158.642919661843,fatigue
23.923076923076923,4.153846153846154,332.4797710215226,504.32202759086,302596.09747219563,789058.5227309815,4892.442334037029,fatigue
23.923076923076923,4.384615384615385,318.9403877036062,478.4697412639221,346964.1956731349,998674.9436527718,5765.424924429263,fatigue
23.923076923076923,4.615384615384615,305.89688610295315,454.48562446955947,398075.24812793103,1257230.5795929364,6799.045344073469,fatigue
23.923076923076923,4.846153846153847,293.38375986743625,432.21445305970155,456731.0924910789,1574370.5257826129,8018.302222041342,fatigue
23.923076923076923,5.076923076923077,281.41318642209217,411.5122623720791,523841.7635937169,1961286.0570462923,9452.134046949988,fatigue
23.923076923076923,5.307692307692308,269.9831012593919,392.24657486315635,600432.2263369573,2430906.708745433,11133.879597910693,fatigue
23.923076923076923,5.538461538461538,259.08255179635177,374.296147865243,687650.3683753606,2998109.536015656,13101.799353314786,fatigue
23.923076923076923,5.769230769230769,248.69522550906302,357.55043841235266,786776.0181944045,3679946.396456144,15399.657595581046,fatigue
23.923076923076923,6.0,238.8017590611845,341.908914505466,899230.855568176,4495890.055436595,18077.366744518626,fatigue
23.923076923076923,6.230769230769231,229.3812374371909,327.2802966444282,1026589.1356077743,5468099.864895371,21191.696463315267,fatigue
23.923076923076923,6.461538461538462,220.4121573471506,313.5817829455893,1170589.1765262787,6621707.724728331,24807.05064441185,fatigue
23.923076923076923,6.6923076923076925,211.8730379171041,300.7382908530139,1333145.576606458,7985125.010288028,28996.31569287765,fatigue
23.923076923076923,6.923076923076923,203.74280023021748,288.68173501932563,1516362.1340953894,9590371.14980623,33841.783693442296,fatigue
23.923076923076923,7.153846153846154,196.00099611965058,277.3503521212125,1722545.4484316204,11473424.570483139,39436.154139736514,fatigue
23.923076923076923,7.384615384615385,188.6279391724332,266.68807765443523,1954219.184329587,13674596.80856922,45883.617961236865,fatigue
23.923076923076923,7.615384615384616,181.60477269439,256.6439760923184,2214138.982920169,16238930.701609818,53301.02763161275,fatigue
23.923076923076923,7.846153846153847,174.91349735649027,247.17172349739116,2505308.0069901813,19216623.75194557,61819.15720020807,fatigue
23.923076923076923,8.076923076923077,168.5369733291141,238.2291402847502,2830993.110697691,22663477.968470387,71584.05616988885,fatigue
23.923076923076923,8.307692307692308,162.45890652485278,229.77777103912155,3194741.628104434,26641377.75473135,82758.50125975334,fatigue
23.923076923076923,8.538461538461538,156.66382518419186,221.78250788068885,3600398.7794869263,31218797.709541652,95523.55024801467,fatigue
23.923076923076923,8.76923076923077,151.13705083378545,214.21125372192952,4052125.6996175325,36471342.53342302,110080.20229448054,fatigue
23.923076923076923,9.0,145.86466621487745,207.03462176929656,4554418.097948062,42482321.581310615,126651.16939723965,fatigue
23.923076923076923,9.23076923076923,140.83348185019696,200.22566774022602,5112125.566757829,49343360.959429845,145482.7639465893,fatigue
23.923076923076923,9.461538461538462,136.03100231482637,193.75965144790817,5730471.559697915,57155056.4227028,166846.9077011918,fatigue
23.923076923076923,9.692307692307693,131.44539288498137,187.61382462689815,6415074.069624151,66027670.679667644,191043.26792584726,fatigue
23.923076923076923,9.923076923076923,127.06544698374019,181.7672421136007,7171967.04100789,76081879.0471716,218401.52689439812,fatigue
23.923076923076923,10.153846153846153,122.88055467629054,176.20059374436858,8007622.558400101,87449567.71082674,249283.7914712292,fatigue
23.923076923076923,10.384615384615385,118.8806723581957,170.89605458147219,8928973.858265128,100274689.13500309,284087.15003554843,fatigue
23.923076923076923,10.615384615384617,115.05629370857271,165.8371513174081,9943439.216872392,114714179.42510696,323246.3845980661,fatigue
23.923076923076923,10.846153846153847,111.39842193307956,161.0086429365849,11058946.771737216,130938942.67401235,367236.84657329565,fatigue
23.923076923076923,11.076923076923077,107.89854329094872,156.39641392755777,12283960.338251023,149134907.52412754,416577.50530530856,fatigue
23.923076923076923,11.307692307692308,104.54860188059222,151.98737853697295,13627506.286575865,169504161.34828174,471834.179093164,fatigue
23.923076923076923,11.538461538461538,101.3409756459904,147.7693947373365,15099201.54656229,192266167.5991271,533622.959117313,fatigue
23.923076923076923,11.76923076923077,98.2684535588201,143.73118674447971,16709282.810361167,217659072.00136822,602613.8373229839,fatigue
23.923076923076923,12.0,95.32421392746072,139.86227506746687,18468637.003549807,245941103.3675686,679534.5499647512,fatigue
24.46153846153846,3.0,402.22398670690103,657.6297066369465,161692.0275863929,240452.78987754253,2306.3013682080236,fatigue
24.46153846153846,3.230769230769231,388.75260161401184,620.4511618273839,180874.70090500757,312018.7672005299,2638.415072882584,fatigue
24.46153846153846,3.4615384615384617,374.57921125051257,585.9512784765933,204390.38576866407,403103.6106808427,3055.218564017832,fatigue
24.46153846153846,3.6923076923076925,360.1971979888435,553.9718940669168,232497.59121743563,518248.52974248264,3566.086534234023,fatigue
24.46153846153846,3.9230769230769234,345.9244085758756,524.3409954888875,265586.2161149782,662859.6831839089,4183.467177387413,fatigue
24.46153846153846,4.153846153846154,331.9604505527291,496.8836721096822,304156.79374586785,843335.231453847,4922.738359897869,fatigue
24.46153846153846,4.384615384615385,318.42594681631965,471.4289281049711,348812.37075720646,1067205.8485751108,5802.297371765674,fatigue
24.46153846153846,4.615384615384615,305.3892151497883,447.81370973382195,400257.2166724078,1343289.6156272455,6843.79092307491,fatigue
24.46153846153846,4.846153846153847,292.88427646229843,425.8850887050413,459299.48661619384,1681862.2454976498,8072.441012186179,fatigue
24.46153846153846,5.076923076923077,280.92293389678935,405.5012456692502,526856.3560970449,2094843.6024038703,9517.445460830906,fatigue
24.46153846153846,5.307692307692308,269.50282649132134,386.53168974129903,603960.8443986089,2596001.475894347,11212.443523950382,fatigue
24.46153846153846,5.538461538461538,258.6127668164017,368.857006246523,691769.9034412225,3201173.5468819155,13196.043068168985,fatigue
24.46153846153846,5.769230769230769,248.23625633695963,352.36832664722135,791573.538988073,3928508.444961807,15512.4091070436,fatigue
24.46153846153846,6.0,238.35378447473263,336.9666479770284,904804.832358062,4798726.746801911,18211.91530183654,fatigue
24.46153846153846,6.230769230769231,228.9443198073361,322.56208422152815,1033050.7849136922,5835402.71211755,21351.861052854812,fatigue
24.46153846153846,6.461538461538462,219.98626722176277,309.0731020275896,1178063.936360989,7065267.505790457,24997.257373241293,fatigue
24.46153846153846,6.6923076923076925,211.45807368278346,296.42577312559786,1341774.7230829925,8518534.622230072,29221.685049529857,fatigue
24.46153846153846,6.923076923076923,203.3386039011164,284.55306263425297,1526304.5507634268,10229248.221410368,34108.228762218954,fatigue
24.46153846153846,7.153846153846154,195.60736607899395,273.39416375792337,1733979.5600119494,12235655.114639577,39750.490930602966,fatigue
24.46153846153846,7.384615384615385,188.2446405140383,262.8938837722851,1967345.066576252,14580601.209794834,46253.689099731004,fatigue
24.46153846153846,7.615384615384616,181.2315456689698,253.00208260732143,2229180.6601448175,17311953.34581594,53735.84073036882,fatigue
24.46153846153846,7.846153846153847,174.55006431400938,243.67316309435665,2522515.948330124,20483047.61711889,62329.039303864374,fatigue
24.46153846153846,8.076923076923077,168.18304445857268,234.86561058851996,2850646.9355065767,24153165.509637382,72180.82572670771,fatigue
24.46153846153846,8.307692307692308,162.11418462233104,226.54157890550584,3217153.0299095423,28388039.43788041,83455.6591248827,fatigue
24.46153846153846,8.538461538461538,156.32800962527256,218.66651911987657,3625914.6768165273,33260389.58060455,96336.49126396904,fatigue
24.46153846153846,8.76923076923077,150.80984088463532,211.20884762801245,4081131.620689913,38850494.25336255,111026.44902350422,fatigue
24.46153846153846,9.0,145.54576378479513,204.13964989414848,4587341.804771575,45246796.41989802,127750.62959757514,fatigue
24.46153846153846,9.23076923076923,140.52259376518856,197.43241641465036,5149440.922663895,52546549.321025945,146758.01339057638,fatigue
24.46153846153846,9.461538461538462,135.72784217492472,191.0628076150914,5772702.642764336,60856504.57931139,168323.49992829538,fatigue
24.46153846153846,9.692307692307693,131.14968255604433,185.0084446110249,6462799.53289498,70293646.5110623,192750.07250935608,fatigue
24.46153846153846,9.923076923076923,126.77691776609947,179.24872299893295,7225824.718925448,80985976.73567875,220371.09777817232,fatigue
24.46153846153846,10.153846153846153,122.59894818683338,173.7646470866151,8068314.317484355,93073353.50940412,251552.76690454112,fatigue
24.46153846153846,10.384615384615385,118.60574115846366,168.53868221380776,8997270.688846555,106708390.52090271,286696.68560192577,fatigue
24.46153846153846,10.615384615384617,114.78780170863034,163.55462304819818,10020186.5616472,122057420.16653389,326242.62080066674,fatigue
24.46153846153846,10.846153846153847,111.13614459878598,158.79747596516555,11145070.0861021,139301526.57211584,370671.4124074003,fatigue
24.46153846153846,11.076923076923077,107.64226768054779,154.2533538288312,12380470.876812803,158637653.8454412,420508.05922066857,fatigue
24.46153846153846,11.307692307692308,104.29812653499009,149.90938168569858,13735507.109943014,180279795.2311969,476324.988728082,fatigue
24.46153846153846,11.538461538461538,101.09611035559357,145.75361205943216,15219893.742518885,204460268.9998995,538745.52117499,fatigue
24.46153846153846,11.76923076923077,98.02901902828195,141.77494869598806,16843971.923805878,231431087.03826758,608447.5389614032,fatigue
24.46153846153846,12.0,95.09004135809646,137.96307775263057,18618739.670151263,261465422.2239782,686167.3730865201,fatigue
25.0,3.0,401.75008245460475,647.9865129278853,162320.57472563948,256892.73279083837,2317.063917811003,fatigue
25.0,3.230769230769231,388.26183284610335,611.3680826592438,181628.20677364455,333315.25126303016,2651.610208649432,fatigue
25.0,3.4615384615384617,374.07832230492613,577.3887433296368,205292.4412563621,430565.2891665807,3071.406360057856,fatigue
25.0,3.6923076923076925,359.69143728711697,545.8924769360294,233575.19893365595,553482.7923493944,3585.9299465068575,fatigue
25.0,3.9230769230769234,345.41784719211125,516.7096568425911,266870.1721038039,707827.9714477321,4207.748472842181,fatigue
25.0,4.153846153846154,331.45623138047614,489.667839709137,305682.1637145353,900416.1400465774,4952.3786962291815,fatigue
25.0,4.384615384615385,317.9264799733571,464.5984734216191,350619.0501971509,1139266.7886062812,5838.379739459759,fatigue
25.0,4.615384615384615,304.89633158323727,441.34085937257174,402390.5721204489,1433767.8673527618,6887.586788970165,fatigue
25.0,4.846153846153847,292.3993489495197,419.7442977905511,461811.0787841805,1794856.282333042,8125.441072262144,fatigue
25.0,5.076923076923077,280.44697253741776,399.6690513743454,529804.7475871146,2235215.6252174503,9581.39496450684,fatigue
25.0,5.307692307692308,269.03655418686526,380.9865570223429,607412.4962201272,2769492.1551092705,11289.38268812957,fatigue
25.0,5.538461538461538,258.15667901405646,363.579173627878,695800.1658768655,3414530.0284609483,13288.353161223245,fatigue
25.0,5.769230769230769,247.79066838049678,347.33965699843293,796267.7436022647,4189626.7331879153,15622.864851656763,fatigue
25.0,6.0,237.91886918666214,332.17048724714203,910259.4931019614,5116809.630160946,18343.744320515354,fatigue
25.0,6.230769230769231,228.5201373695469,317.9831297512188,1039374.9173349866,6221134.446925361,21508.811159917856,fatigue
25.0,6.461538461538462,219.57278898682756,304.6972811547661,1185380.5048456762,7531006.514185686,25183.67260094113,fatigue
25.0,6.6923076923076925,211.0552012057142,292.2401321982666,1350222.2268120619,9078525.495960293,29442.59138223109,fatigue
25.0,6.923076923076923,202.94618421004918,280.5456661525276,1536038.7596320321,10899854.350294203,34369.4306396343,fatigue
25.0,7.153846153846154,195.225203987143,269.5540031211706,1745175.4121080942,13035613.27925281,40058.679667236174,fatigue
25.0,7.384615384615385,187.8725086025478,259.2107949634181,1980198.7389299884,15531299.493147904,46616.56445102273,fatigue
25.0,7.615384615384616,180.86919243219634,249.46667207358516,2243911.8243249403,18437733.730659533,54162.24691471728,fatigue
25.0,7.846153846153847,174.19722084862104,240.27674106107776,2539370.222078722,21811534.646785557,62829.11686187902,fatigue
25.0,8.076923076923077,167.83942999047548,231.6001310538366,2869898.5409676824,25715622.40424885,72766.18066310228,fatigue
25.0,8.307692307692308,161.7795110967086,223.39958559879682,3239107.6681410642,30219753.07788825,84139.55083291864,fatigue
25.0,8.538461538461538,156.0019855315761,215.6410967561274,3650912.627198477,35401085.79964941,97134.04077624269,fatigue
25.0,8.76923076923077,150.4921744473787,208.29357784841017,4109551.0725877536,41344784.92589022,111954.8691654079,fatigue
25.0,9.0,145.23616562008192,201.32857134505372,4619602.427420113,48144659.88912207,128829.47864067697,fatigue
25.0,9.23076923076923,140.22077907998673,194.71998847924624,5186007.677747141,55903845.79247909,148009.4738125867,fatigue
25.0,9.461538461538462,135.4335325694567,188.4438773719394,5814089.842626905,64735528.20658753,169772.68388481502,fatigue
25.0,9.692307692307693,130.86260747780733,182.47821664973193,6509575.1457784185,74763716.02497555,194425.35561124538,fatigue
25.0,9.923076923076923,126.49681565573971,176.80273177409163,7278614.921127952,86124066.61678465,222304.482748625,fatigue
25.0,10.153846153846153,122.32556735039451,171.39873153656708,8127808.2909390405,98964767.87678522,253780.27866353406,fatigue
25.0,10.384615384615385,118.33884039660732,166.24896241045596,9064225.661348095,113447482.10677703,289258.79929486907,fatigue
25.0,10.615384615384617,114.52715073069696,161.33747867819613,10095433.08586652,129748356.9655158,329184.7242551214,fatigue
25.0,10.846153846153847,110.88152424756437,156.64952647171603,11229517.552650183,148059108.9941996,374044.3044693013,fatigue
25.0,11.076923076923077,107.39346999203809,152.17144006749243,12475113.255974552,168588185.46107084,424368.4853922543,fatigue
25.0,11.307692307692308,104.05495465604993,147.89054896758725,13841428.916323401,191562010.47290087,480736.2155064458,fatigue
25.0,11.538461538461538,100.85837834102406,143.79509447160456,15338276.216738096,217226321.47554854,543777.9504754031,fatigue
25.0,11.76923076923077,97.79655153754108,139.8741546021172,16976099.425560318,245847602.4137654,614179.3640060644,fatigue
25.0,12.0,94.86267327041162,136.11757638790385,18766006.277415037,277714619.9458856,692685.2771491606,fatigue
